source_id1,source_id2,ra1,dec1,ra2,dec2,parallax1,parallax2,pmra1,pmdec1,pmra2,pmdec2,pm_diff,sep_pc,g_mag1,g_mag2
3.309419984020798e+18,3.312613000147192e+18,68.4626315976831,14.844319676275646,67.9373303656096,15.629243097689292,21.635396574818312,21.9411429349474,103.08256504033994,-24.426545849169408,103.60681970600947,-23.577862998495743,0.9975497659284223,0.9874272337602958,4.6015615,11.270382
3.1876061559305216e+18,3.1876061559305206e+18,72.822646493722,-7.233859248833649,72.82331001707938,-7.23260424909228,25.88257816177033,25.842563977904483,-104.93536018500626,-8.208837563577278,-101.47004618044852,-10.668511754163893,4.24951741660414,0.05983100764578357,12.263887,15.558958
3.352137964975002e+18,3.3521379649712947e+18,99.68535111350084,12.14657494992211,99.6850546475175,12.148182029256605,20.40557050302153,20.410427371215057,-46.99012865577259,0.6939288812779961,-48.21995126099245,0.383610772698795,1.268369413389471,0.011744857154908686,11.927823,12.776932
1.1221611936475886e+18,1.1221611936475885e+18,133.66151264798975,72.526104422529,133.66459479533293,72.52561730946718,22.816715664888868,22.80662150548721,-99.70048281930973,-283.7918631442909,-99.25267327688216,-285.86702484340714,2.122929453318718,0.01941445795795682,13.59421,13.321872
3.3075042224475873e+18,3.3077825706883784e+18,68.10736950520888,13.113150564848766,67.65616639413629,13.72431676410995,21.33021990255656,21.491451797641616,104.4183193016359,-18.568574281999176,106.56507793489249,-19.248993711890343,2.2520087100264705,0.7070345163950916,10.519593,5.3405814
2.998078075314396e+18,2.9980780753143967e+18,90.20567198677917,-12.150904470105782,90.2017060563753,-12.150936639503335,21.01749232812238,21.0631767490983,-6.538267232202413,-91.84395816502172,-9.175332200683664,-91.0476482164952,2.7546726088799227,0.10324622285051438,10.187034,11.643803
1.3735767250454426e+18,1.3735764458715692e+18,239.17125120675155,38.288915925153965,239.1899490646807,38.26727070602718,24.607482160656406,24.834787163458014,88.71556341484835,53.02423799414065,84.31020682709831,52.05798263280813,4.510079388274276,0.3724052830473804,14.482754,11.625941
6.088101440414574e+18,6.088054505011961e+18,198.45512545981293,-45.18106569564738,198.46691288473983,-45.18629671995247,39.99436876511247,39.985887248899765,-114.64632488059624,-111.85655845696816,-110.0757855152482,-111.45293588333402,4.5883266309345405,0.0068182210712972,14.172836,6.763095
3.258132920543659e+18,3.258132989264973e+18,58.59439947119488,1.26110008668023,58.590143504163095,1.2606526980263342,22.488493276520988,22.533193289267384,21.14415661722905,-116.91689156180784,21.49244011598113,-116.3895077952898,0.6320087283335143,0.08827371406933678,7.829637,12.950192
2.8656831700916623e+18,2.8656832044514007e+18,353.61428842879377,27.66162205287639,353.59528470061866,27.66509147984325,20.196874413422453,20.287239965725348,94.60320882370678,-75.40313762095153,96.23914860413362,-76.78843781646529,2.1436780534570685,0.22104148534523402,13.137561,12.225194
4.3447442876318776e+18,4.3507876158543084e+18,246.4579912566145,-9.166272472649972,246.8700946379096,-8.571955385942378,24.56610388401232,24.53023781095513,-84.4065693112749,5.239800385996249,-84.19636799597292,7.675730675170779,2.4449828152100754,0.5156475729107687,13.540623,8.568755
4.714764481913306e+18,4.714764447553569e+18,31.859670303853697,-59.6795100616006,31.88502312843487,-59.672616666624,22.025537666084357,21.99808284721086,92.68260499861168,-18.400782496519287,93.65716406437096,-21.766345045322367,3.503823146587094,0.05782469864698594,7.3844132,9.886315
3.0534928815416397e+18,3.0534928815416417e+18,113.02977166454498,-8.884632559704668,113.02359835146886,-8.882072210623937,34.87844401246115,34.88318402291259,-91.22828237625616,-168.04960218053589,-91.9858774282848,-167.78884823083848,0.8012133830266844,0.005112062717871703,9.866846,5.7767076
1.2214736880742098e+18,1.2214736537144724e+18,235.08506914969556,24.99565568012128,235.080568558886,24.994937843696064,23.346467031954983,23.38153875625025,-304.50189841814586,109.15036165607916,-306.4584695877677,107.25670501642446,2.7228856404013144,0.0643229339635784,16.03266,12.702829
7.812108498520992e+17,7.812109185715766e+17,160.8564981486016,43.7987724119683,160.85196435789385,43.79999456631157,27.195573860791036,27.21727983367188,-152.9479166637883,-22.31219731508437,-152.42404632729702,-19.952066427170926,2.417572736762761,0.029410379372255192,13.287511,15.019358
5.226381982652637e+18,5.226381978352399e+18,164.85390363604225,-73.03019841548162,164.85133600504713,-73.03143689943907,20.48662554700589,20.46400238877908,-110.61185543335104,27.590707092202837,-111.2535278226228,28.817468944847903,1.384445050646245,0.05397662575958033,15.063414,12.527761
6.416985610462358e+17,6.417104108604209e+17,145.7546731567984,23.82176248850624,145.73733109678108,23.85446753394632,27.550148651846904,27.85925566407156,-164.54945353233936,-213.4641773598852,-162.68913822358513,-212.7925577913782,1.9778386923070566,0.40338181759788444,11.332231,17.191278
4.084430820954393e+18,4.0844308209543854e+18,289.873138757538,-18.32033743307608,289.8796150647963,-18.32497458375152,21.286711309878413,21.2740888352514,203.42173607911508,-482.1232443795848,203.7760155235572,-483.4903944020431,1.4123077244927729,0.028579673813486445,13.704079,15.089575
5.673934548598977e+18,5.673934617318453e+18,149.99181347970926,-16.159817432571124,149.986115153244,-16.15658410478127,25.916240567841523,25.92839014749,52.34703527469848,-172.3161721089956,54.022999190202384,-174.40541459027796,2.67839302412212,0.018580323479162556,14.28447,12.68139
6.061504116720538e+18,6.061504013641319e+18,194.38530617568955,-55.91032038320621,194.383982675563,-55.91308502376144,22.50231016039509,22.35171807380179,-364.3631548870597,121.60276967335268,-359.55372994520474,121.9157431231747,4.819597561169402,0.2994167922287229,16.47991,13.158896
5.02011655621147e+18,5.020119579868434e+18,31.777722053609747,-30.40701420398457,31.760839161263483,-30.39297394871088,34.303798834630605,34.190639634212566,246.99801636151284,-130.06896047797437,246.62979816483065,-133.02542462216053,2.979306106499678,0.09702986646136467,12.891234,16.70231
3.974560437911613e+18,3.974560433616509e+18,177.21792105848704,18.01631910084592,177.21904059196603,18.01586215212247,23.94048121033939,23.909801488169165,-526.1129129257466,33.261838615071305,-528.7230166663732,35.580532880133525,3.491272637830655,0.053603921769579774,13.626615,14.283441
3.7948240280339917e+18,3.7948240280339917e+18,177.2604299384795,-0.3233347457049638,177.2544170536905,-0.3186579833671789,29.81188733709847,29.70941777392232,-204.7831987798108,5.272125334137047,-207.3477548156453,2.988184845597015,3.4341420786169636,0.11578033235730832,12.763825,6.032868
3.003146828214396e+18,3.003146828216907e+18,95.9095265348522,-9.647604941229186,95.91004318663248,-9.647631523182676,41.827689642723,40.767538114360015,-61.33526984961311,16.980038621736384,-60.10074613565783,16.076438724873423,1.5298828628129344,0.6217125111289478,16.822691,12.672477
5.37273285582183e+18,5.372732855821829e+18,174.60907792323624,-45.96382903010587,174.6119992742795,-45.965670735135255,20.03395785480813,20.08561478982459,-35.8730409215944,25.34472538839377,-34.63867040793023,27.05737228192625,2.1111205429652777,0.12839606096802514,14.735036,15.508888
6.387419738490978e+18,6.387058411482257e+18,353.0439039893462,-69.44855315056974,354.914601194231,-69.19459641431686,22.757766457732465,22.65239143465871,78.42834187133433,-70.1818951003406,78.13338707723472,-65.84451905808592,4.347393387132935,0.5811274616637981,15.539709,9.406731
4.3681681072544015e+18,4.368168111550557e+18,259.0807533734675,-1.0986675645351232,259.08208589150155,-1.0974856622667242,22.497470352328435,22.4003645854504,9.958184100365356,-229.7956872268619,9.21303951123931,-232.1411833860327,2.4610145654564564,0.19269367517856278,17.423683,13.112615
6.801520904434787e+17,6.801520904434788e+17,121.08709283848464,22.838033109507556,121.08474861848796,22.84034968951376,21.68122287750976,21.661753275276705,-47.24681439402664,-27.81715031272501,-47.17910382293924,-29.528865851460893,1.7130542335217704,0.04153368614203678,14.97087,14.049494
3.3108148863183657e+18,3.3106349443687055e+18,66.13187780097878,13.928549141036688,64.9909642432842,14.035119724261309,21.993423194312864,21.97774049011765,113.07056240121685,-18.252254939822112,115.369072100897,-18.825387132746577,2.368887365429212,0.8835255927933382,15.081756,5.5111136
3.3111731209508e+18,3.312520946111619e+18,66.46067898955343,15.002464972130216,67.30193646682095,15.273804206793624,21.39808326312012,21.451662078172305,107.05284803871862,-22.616431639961323,103.30019069611257,-22.12825385808798,3.784277299264673,0.7071747080351783,14.749543,11.554099
1.0777420276988685e+17,1.0777419847460237e+17,34.35580267727129,28.744710641672302,34.35350593959792,28.741464648683998,25.27757747436875,25.23063188946105,86.85933154164933,-74.17251471304151,85.87906275155008,-71.14201493603882,3.1850990250314015,0.07365636934137193,6.904095,7.622567
1.174143182830506e+18,1.174143182830506e+18,222.75710872318845,9.722406353251976,222.75866853667813,9.72392000919409,33.28295704331168,33.29165665954585,-214.3821196049247,55.79991299022074,-216.19576784870637,56.33984083095038,1.8923112918775573,0.007932396869411693,9.262156,7.3357463
6.651684575090212e+18,6.651684364634671e+18,282.8960944663467,-52.45530233705597,282.89969642544213,-52.45907405571927,26.24239058951616,26.304959186380177,22.759561294055622,-155.7864268945815,23.238173370079995,-155.21989171654977,0.7416411714999388,0.09068540369915536,13.529348,12.728706
4.536705665075328e+16,4.519817853498867e+16,61.56774806806588,15.698032862131647,62.49039974488908,15.416883616520485,21.1750396454176,21.226790158930136,118.96454993102434,-19.715098672341668,118.52269589876772,-21.85428299885201,2.184340762932592,0.7760400792813718,7.7056403,14.58098
1.2463025504135593e+18,1.2463025504135596e+18,211.97830778041052,19.88393492458787,211.9789025735004,19.883902637223816,20.392034913767613,20.41993740660083,-62.43731770538882,34.90226046475729,-64.32616042722478,35.676463028136155,2.041351620122087,0.06700992588507848,13.195991,14.74913
4.40316079066205e+18,4.4031607906620503e+18,237.5288163854761,-2.3727951979012616,237.5305107889236,-2.3701836208491898,20.136357419530363,20.22801919407195,-64.53965253140302,-72.1633151210517,-62.12333704449951,-71.13272867494412,2.6269162444110035,0.22505312732477326,14.575808,9.662189
3.516662571367135e+17,3.516662571367131e+17,32.27141309765506,43.69021936585885,32.26978707119579,43.69068519464315,27.152410637534825,27.190092723143657,177.0469196921526,-20.0228213200931,175.94349002375327,-18.942908874375924,1.54394557012828,0.05104707352399861,13.712969,13.503062
3.409875592581587e+18,3.4099595677820774e+18,71.54064277007757,18.95760270811788,72.36834652489277,19.27721717738993,20.317514444224592,20.109268448975453,86.24019357197089,-37.73674519137691,82.78012364307611,-37.16257922484627,3.507385132825309,0.8899082310639581,17.659634,15.065078
5.740981766932763e+18,5.740970157636865e+18,141.90375974938436,-10.608215035582475,141.92665332610187,-10.595288827783683,26.558339523967803,26.57597547203914,45.33874273733037,-131.18757204277006,44.474216201489504,-130.58118353396597,1.055989183080326,0.030248791428617854,10.202974,12.854049
4.970878432655989e+18,4.970878432655989e+18,32.436669501265015,-33.65873521868905,32.43285469435012,-33.65940547909498,24.264064875545586,24.23627769601646,-88.37108758000792,-162.39846047210048,-88.18080598035426,-165.6842831322907,3.2913276411482033,0.04730912413947741,15.339246,14.220061
5.909143312965165e+18,5.909143278610245e+18,265.1450137675369,-64.31730441353025,265.1412153108239,-64.32654751161877,21.445077366758664,21.53653891135122,-94.6491694847131,-232.7126341221391,-94.64273508139208,-233.96791111859693,1.2552934873495947,0.19817856106778203,17.779974,15.766452
6.106341960358972e+18,6.106343437828636e+18,219.14331892702404,-38.24413796832688,219.14701026105763,-38.24419370630738,27.712916642937504,27.746090066742894,-69.99269216999633,-66.59042787975373,-67.3870639876177,-68.46282149570132,3.208606563268093,0.043181181339678174,12.347243,14.408734
4.1758965819254134e+18,4.1758961996698045e+18,268.2927327363137,-4.295399119965049,268.2879889542146,-4.297054578578273,25.793816458080748,25.756826065960347,94.98842979284134,-14.524488147794616,93.9434866896517,-12.225563239283554,2.5252647037243805,0.055780988165145096,9.224652,12.901249
4.168737691777442e+18,4.16873845199193e+18,265.18233491261884,-7.770152725041719,265.175582420964,-7.768417348900477,22.77494331469305,22.44556412479539,-19.9275358462493,26.463636632819878,-18.943268328594787,22.92026485196026,3.677535332760522,0.6443520536484045,9.957579,12.53626
4.2530174270329984e+18,4.253017049075877e+18,279.5042982318217,-6.805336363118276,279.49450577579523,-6.80724255893985,26.17105642848531,26.029821307710048,-131.5848344716225,-396.1551088114525,-127.91514886404836,-397.39287336398337,3.8728095158345393,0.20743017705183897,13.61559,8.128011
6.795611300001197e+18,6.795611300001196e+18,312.44339124633905,-28.46975229274005,312.45026453573024,-28.46987477697836,29.149129492706457,29.126807896835665,81.22511174995248,-146.99636870689838,79.0313735686087,-150.7214517833143,4.323046510793731,0.026539011686995472,11.933803,10.240463
3.9898865261954995e+18,3.9898865261980826e+18,163.99207810463443,23.641412665505776,163.99111001140784,23.64082226105501,20.231670914415176,20.17995371179688,202.38782012543265,-174.7330908628661,202.0674026724244,-174.16300984056858,0.65395696813788,0.12667606622770883,12.388694,12.476447
5.746570554472435e+18,5.746570928134197e+18,140.8522563920222,-5.049601844198493,140.8558699802879,-5.050769260488033,24.78889127881026,24.773299376831865,-287.5455255560845,-149.7870566346649,-288.68383414224024,-150.71144602855475,1.4663704132489566,0.02552923148259446,12.553664,12.641804
5.707237518853578e+18,5.707237518857885e+18,125.67294809991998,-20.05857262089297,125.67292989694216,-20.05829165569721,25.56785782416885,25.464468990526857,-70.21477961021166,-68.95277026710518,-67.70907026406636,-66.87316707630313,3.256275289123143,0.1587979853383555,16.159632,15.967988
5.584326790481296e+18,5.584326756121394e+18,101.36563541363344,-31.18402469465777,101.34089166507226,-31.179964657930768,27.518281526277857,27.51111405345728,310.57570668388803,-4.45543188252066,308.3647706434018,-3.209342623274204,2.537907921326196,0.016630643385866468,13.038675,14.314379
3.3127442199887826e+18,3.312520946111619e+18,67.16608051054888,15.870784455320392,67.30193646682095,15.273804206793624,21.81251596251546,21.451662078172305,106.14776250704207,-20.293824952737538,103.30019069611257,-22.12825385808798,3.3872990165005485,0.9153692778267487,3.3779078,11.554099
3.3078448648922593e+18,3.307844864893938e+18,67.01839738870764,13.868048854275552,67.01894114867126,13.867854184261594,21.02113488986537,20.87561036886644,100.60360410082912,-14.953317279596014,102.26882886369415,-18.99106792317413,4.367654264084372,0.3316204245425376,12.487943,8.839648
3.5994113998424745e+18,3.5994113998424745e+18,179.0331386307977,-4.160052554936457,179.03335249932883,-4.159031578678285,20.650484122175364,20.625008114467164,-152.41923949527256,-13.020543636480172,-149.6299226091073,-12.900727239504397,2.7918890845502724,0.05982107651484953,11.52461,11.151108
7.562911747215094e+17,7.562949886524732e+17,158.30707896392835,40.42555422701387,158.19287714156437,40.46636296083957,29.1453253006572,29.441059007145256,-136.29064108581028,1.7735164950211713,-136.8775984648098,3.1084690815398472,1.4582926225606778,0.34936568782218413,4.6608243,17.032022
6.228895347454822e+18,6.228988874662385e+18,221.5017165696784,-25.4448634903456,221.6545864810533,-25.39744752011601,32.624104779322,32.57230655416084,-151.35061738206906,-95.9720923297442,-151.0768068634829,-100.54722117089682,4.583314969891872,0.09211472252624361,6.950725,15.586847
6.462552464695672e+17,6.462552121093551e+17,143.20029276934693,26.994404086268727,143.18159659276424,26.98743347659765,55.29236109843841,55.32914983825047,-143.81481611984276,-245.09219214594293,-147.26027452437617,-246.5928823830895,3.7580919101635755,0.013307206283587279,13.826354,6.813439
5.221852849468658e+17,5.221861138736202e+17,30.581571440171107,70.89828223632908,30.503807887540265,70.91090298686085,27.730036200423147,27.84581255001747,-69.97746961058328,-1.1876630136542852,-69.9222836658746,0.0077643753484601,1.196700518455353,0.1509944524498734,17.39348,12.165263
1.974626096410702e+18,1.974626062052824e+18,326.24307443679953,46.551566159190926,326.23917117259333,46.55085268012183,20.4202481031741,20.38087966540797,199.72442060402008,75.14277607670037,199.92706528601948,76.8400812856463,1.7093594822206477,0.09462398314515938,8.253674,13.121331
3.635124155987029e+18,3.635124155987029e+18,202.00539179832856,-5.034842065522375,202.00398863500848,-5.036797003789934,24.73763343702263,24.684472318559017,-249.18360304168897,79.56471173706741,-251.98349487960857,79.91993668621413,2.8223357469558965,0.08707523221772596,16.443563,14.083819
2.542268834167664e+18,2.5422417586941844e+18,5.379356315840189,-0.355750691926448,5.329649311475809,-0.4272082620024142,21.046275390274616,21.07814044590408,-24.56878851906536,16.39371150927021,-25.49028332230976,16.07869907843306,0.9738508633196182,0.10179570982373172,14.881063,10.393164
4.771226190704978e+18,4.77122619070624e+18,77.97295709824478,-52.77299216428876,77.97162130120114,-52.77404701294263,29.245743300870444,29.38157288303213,102.30651878980248,126.1617259267454,99.23507573792725,128.22629934754866,3.7008412328550273,0.1580746029484962,16.81738,12.470863
6.603693881832178e+18,6.60369380881783e+18,341.24246814684966,-33.251032101917744,341.25120712754585,-33.257784893413394,47.92184273110373,47.99616934587578,179.9451085900137,-123.18825355296836,176.82148538319268,-120.8794015796074,3.8843042328174495,0.03251725602552141,10.744967,11.823646
6.823229756482259e+18,6.823229760777812e+18,329.77496689837704,-20.26776557579967,329.77460167373323,-20.26691177501578,20.8728288337508,20.925529231100093,-37.74819033581456,-8.360388448377584,-41.18965353310114,-7.671688424673862,3.509697517013038,0.12066044744170505,13.530794,14.292905
2.8703753016029804e+18,2.870375610840623e+18,350.13181346302355,30.587561603040648,350.1187382210918,30.624701578274177,38.66560651020215,38.733038557450975,394.258997853437,43.22333047211191,393.0827909468324,46.00000285296522,3.01552187817265,0.048307681544220236,13.504137,9.837657
5.120689842581754e+18,5.120689846876871e+18,30.57503172398836,-26.56502797682239,30.57407393287697,-26.56553840978241,34.657124185573075,34.61424043384516,205.52785859547956,-278.7280696972435,209.6142239699261,-281.4464777556911,4.90796539777008,0.03575101274738402,12.911368,12.781968
3.0603322218212977e+18,3.060426058267357e+18,112.572271439766,-3.673264699867809,112.62595109557094,-3.65913283827304,40.831968447757234,40.81861062521346,-154.57721319120856,44.80410937717353,-154.88009979787037,45.3270785484828,0.6043484513383105,0.025004427755306213,9.730564,15.810493
1.1199891771462607e+18,1.1199899330605037e+18,144.07443649753077,71.70423832806271,144.22093505242242,71.76483601510645,31.611451539933643,31.516267963321678,-55.08391835022954,9.827741825439045,-55.25081303392911,10.393438364982432,0.5898020094053119,0.1043798676654233,15.738317,9.122702
2.8030193567233393e+18,2.8030193567240356e+18,10.738057574388064,22.66045926890525,10.738429056509522,22.659725730588608,32.169424731673324,31.841847332439084,402.5795213104657,22.6460292733162,400.808874400338,22.30703565230693,1.8028053570559355,0.3197958282261951,13.6727295,10.877681
2.0011180731744753e+18,2.00111814189395e+18,333.2673222851526,51.50306123871027,333.26236209221884,51.50712413697008,21.19000467610529,21.169285310976917,-36.67063137835945,78.12873836964205,-31.874993788880097,79.10951452348117,4.894901608159945,0.046380089575853094,9.596259,15.950976
1.0163706515897559e+18,1.0163941192900948e+18,137.21675594579105,51.60450045234177,137.22332045919745,51.61056593737961,34.93070919464987,34.882840758288346,-137.15011902456942,-33.143216644970906,-133.71294256065255,-31.94033342802662,3.6415807114095817,0.039454870383150036,4.405898,14.4151745
3.312575685471394e+18,3.31262835895013e+18,68.64759095859309,15.504503855092008,67.66251575060892,15.691769659062851,21.66896992865236,21.86843191355519,100.96281435030956,-26.81401752868006,103.48821587457375,-24.353763331160515,3.5256919285678485,0.8822658302098912,7.782416,5.4175873
6.865340540730565e+18,6.86539582554969e+18,298.67469400380406,-20.963001357632155,298.63376883574693,-20.828999091850108,20.161046311252704,20.11106998298381,-253.38530258396787,-342.8601947495919,-255.54043151963097,-340.9065123950449,2.9088581044459323,0.17257292146103126,16.559036,15.850263
4.603689893129292e+18,4.603689893132214e+18,271.2184784737245,33.27143844429918,271.21727644265746,33.26930705943053,20.678667733225996,20.6296929600829,4.773705812217791,-197.4390820195032,0.0165598881623774,-197.25498975647224,4.760706597141321,0.11482129249418158,7.5493274,12.015275
6.880693502620113e+18,6.880693502624236e+18,302.06434827497253,-12.220324499721857,302.06427681622057,-12.219805005413273,28.584497390636717,28.701918160660732,-199.0239932186492,-390.67517182822246,-197.93569155948472,-390.08390687250176,1.2385454166898957,0.14312138274174485,15.604848,15.591488
6.227694096641596e+18,6.227694096641596e+18,225.9151997269841,-24.545822680157176,225.9143516164601,-24.545108002926465,20.937549798962905,20.958294945784893,-160.42788256515323,36.88371247733498,-161.3630947487901,40.017096230274674,3.269971799818661,0.04728346398845065,13.471107,13.390921
4.386909557826749e+18,4.3869088062100654e+18,258.1793360065214,1.5347160286048271,258.1828963546827,1.5295982692248546,20.509292481314848,20.460896335934887,-150.2051527690016,33.24054927871407,-151.11112768256507,33.207463686722626,0.9065788440084983,0.11545040786526745,12.646456,14.9815
5.914455775207049e+18,5.91445577520705e+18,254.21740770562857,-60.95662546729889,254.2123472313297,-60.95664351082369,24.829498805487816,24.841820989204727,4.468871925184654,47.83905408731986,4.8390648377018985,49.47475370029834,1.677067683898287,0.020051743943553017,8.548586,9.363507
3.7938460124406205e+18,3.793829382327277e+18,174.30657497093577,-1.4872206026235055,174.48751508877183,-1.5897480624389224,24.43267402121526,24.5287398123541,-304.5957534158335,129.53501731342374,-307.65654816076346,130.2107576037978,3.134499866107156,0.21832719762005606,11.355604,14.57498
1.506059939093118e+18,1.5060600765320722e+18,213.44385376606428,46.306390816810286,213.46295301390623,46.325207459738486,25.488146149429323,25.524319331395787,-138.78678623720106,10.826613535198268,-141.04553732286462,9.144338841322837,2.8163814749852327,0.057783245369789724,12.074998,7.0529966
2.988165501250871e+18,2.9881655012508713e+18,78.80357649553859,-14.08686432464672,78.80636316051812,-14.089444565017194,28.07321353154811,28.0797503574394,-174.32950034380684,-297.2568916550467,-177.83153098591956,-299.5513111235648,4.18671462077503,0.00861162158873787,12.862413,13.418767
4.502511420098346e+18,4.5025122490304225e+18,269.0191652338446,16.135453749957275,268.9920053932514,16.161502786024435,23.34886736599498,23.34820521935231,-47.832701254234905,-128.14034633403915,-48.63789618530377,-127.90994729028708,0.8375097589764896,0.02758496607978176,13.071503,15.238979
6.298822878231171e+18,6.298822878231228e+18,216.83825390652325,-14.839047782256491,216.84724074531744,-14.844561705880125,22.11237403184997,22.107948459493507,-172.2150604805703,-60.284661129236426,-173.48734303788177,-61.1148059193492,1.5191587402870168,0.012162328354864681,7.19483,16.049805
2.7292964535558157e+17,2.7292964535929894e+17,70.86112037620401,53.30576770648592,70.86108067707798,53.3055503084676,21.213244282416085,20.936961480631425,22.49025902407393,-156.2128654722298,20.97843839748791,-154.37248840638802,2.381719830594551,0.6220612128229208,16.28424,16.769844
2.9310013419742e+18,2.9310013376710764e+18,107.66958257585998,-19.988506170026657,107.67151822469836,-19.98681886537566,21.821219778292107,21.76398893199596,57.18385780794837,84.69255568128828,55.78061254300465,86.9005421188111,2.6161615741141993,0.1205234853806193,13.582019,17.829153
2.1469450290378138e+18,2.1469450290392271e+18,281.7677069836424,54.910690114947606,281.7677739938693,54.91043522889018,22.68723615208642,22.638169752944865,7.402645740402045,55.38199355355104,9.367371313806071,53.815608013245566,2.5127097404327974,0.09553493693631356,13.785458,13.945867
4.699155711766601e+18,4.699155711766601e+18,29.563126766549345,-65.2173686322953,29.579791086002132,-65.21720581879303,31.57652711945968,31.57672535993833,162.79037940464056,198.48736288391495,162.2887687324706,198.10380321865537,0.6314517267763563,0.0038671458509286433,11.610289,9.959459
1.4567457473995187e+17,1.45784835140102e+17,66.34285323849276,22.29367359328652,66.32628208468356,23.060624403370937,20.91185281250576,20.7536113300791,104.35453085558618,-44.435815183648266,106.44698152807058,-43.957385307406525,2.146449385208307,0.7388927539198561,4.167236,12.954094
2.517386203182258e+17,2.5173844851954214e+17,58.90288849284521,52.24186045681789,58.90362786407111,52.22730435035905,25.242279470171734,25.278365814836175,-117.19812210128204,108.15060437441907,-119.87887638987644,108.8321489585228,2.76603444952126,0.05744242911976878,13.545155,6.6869044
2.315841869173294e+18,2.315841869173294e+18,6.960399431589031,-32.55690077270133,6.959885949983793,-32.55196152818741,28.590687724876755,28.54764582026202,112.46220003211968,-44.50097972386254,110.1978991408203,-47.19402028438259,3.518455056831807,0.05282163175436623,11.916223,11.703628
3.3127093792130176e+18,3.3125369276860114e+18,66.90003194033417,15.589085472787543,67.53632737172786,15.637736095425185,21.284016509945317,21.4201372807942,105.16744918201684,-23.914466137534937,108.88056712014205,-21.81897870414946,4.263603218629011,0.5845048751186465,7.289236,5.6056676
6.503959827777722e+18,6.503959827777722e+18,342.6927079786849,-57.435561504554265,342.6932666536353,-57.43497943233254,20.89807257179416,20.867107723130708,630.68004233737,-328.7913552817544,630.7559885304364,-328.9821231408081,0.2053294920102914,0.07100899786055538,16.13738,16.300295
4.970034901079522e+18,4.970034901079523e+18,32.97466379732319,-34.42969607569702,32.97388169409049,-34.430543700996395,21.723861943321136,21.64955155797014,-36.9791019749008,-140.66477813556196,-35.19742368592759,-141.01576328882737,1.8159207315329746,0.15800468569562928,12.964862,14.943377
4.661185280299493e+18,4.661185280307516e+18,80.12281138245326,-64.0075451191409,80.12418939780237,-64.00778650466886,20.07271984615994,20.42756261584729,7.553554833345043,191.00570968002825,4.516427607997681,190.4383572046496,3.089665129793913,0.8653928006789169,17.651623,11.054517
4.710568161426122e+18,4.710164571939123e+18,15.010162063708236,-61.94107616542542,12.94097821153211,-62.45225191400847,22.0263983879861,22.171476319108933,90.04823839719312,-42.203678093020855,89.61174927632713,-44.6118743810509,2.4474337813955382,0.9122277185930473,16.853651,16.388372
5.640774308703469e+18,5.640774411782679e+18,132.34452447913702,-32.3865281048248,132.34989519906603,-32.37907446094358,28.40976885780617,28.372357834657077,-63.537515309340165,-384.7041202894805,-65.8442788512036,-381.04747176221593,4.323451918319023,0.04672156470972105,9.523318,11.984773
3.928040341460588e+18,3.928040444539773e+18,192.22375099235293,12.075135589948111,192.21948181750017,12.095753399727542,27.51389164547725,27.59123548460473,232.0978111311694,-141.0556222284048,233.2114447958158,-139.58153517458496,1.8474611176620102,0.10275093033766314,14.480683,6.9376464
4.89903211664912e+18,4.899029951985609e+18,66.51238915251785,-21.83148806940221,66.43628066884818,-21.899916733540497,25.56147042715804,25.55851109994633,-28.02280339386729,-45.7871968714001,-28.013057874190043,-46.35390368011116,0.566790598187068,0.06730540968605478,14.740436,16.111288
2.3719144195695145e+18,2.371914419569515e+18,16.606307824653843,-14.291352706426888,16.60943041766235,-14.296838984124498,21.98161844908499,21.994220355935568,101.60797043984132,-98.58477303367688,99.92664976007558,-94.67623173678244,4.254824825740448,0.026535824700361324,13.714571,9.226548
1.6122835856534298e+18,1.6122835856534298e+18,216.11021046333704,60.2574458998646,216.1123625097563,60.25528620969704,22.7203163849737,22.98768614149617,-206.39732831524148,119.5643169188256,-208.90203870612345,122.89102163245288,4.164197208810128,0.5119239543946212,9.315166,12.271915
3.310478710637067e+18,3.310178784482083e+18,64.53629289150157,13.331259196596612,64.67653033004555,12.510638445649487,20.934388473210237,20.74999895456128,111.15798514707244,-14.546098512480594,110.03357949625426,-12.110017411549151,2.683054080317278,0.8157911488477592,13.949699,14.114566
2.0902298141011625e+18,2.090229642302461e+18,281.197913846454,32.63667311046214,281.1906774196953,32.624973965700555,20.235649373032512,20.221908173904826,32.42786147580159,-118.3261519102524,32.4894959813913,-117.71039384557017,0.6188350398131193,0.03545668113609281,14.303606,12.876841
2.3596034971110016e+18,2.359603497111002e+18,17.62332209068762,-15.168601379547626,17.623937503262756,-15.168348264067577,23.0769765450122,23.11046454766361,174.3431994574932,23.71869704632079,173.94563878480824,19.900046035714908,3.839290302812103,0.06279351213017499,13.530828,13.689397
2.2686253008242483e+18,2.2686253308878664e+18,281.03772326102313,75.99161089193062,281.050654621574,75.99674537564582,25.07517563962932,25.10177821730948,-122.21050795789944,152.0890898938584,-122.09117680707809,152.45879170668243,0.3884834024276137,0.04247096281176885,10.201514,12.813531
5.772878981507554e+18,5.772879737424829e+18,214.57685691258456,-81.01426109816217,214.55733140588052,-81.00804837407807,23.06279985444557,22.922922591027618,-20.620013468833903,-64.82218563240446,-19.98144546322986,-65.22193305561625,0.7533704932804262,0.26463709003384767,15.219456,4.8351088
4.785068939021427e+18,4.78506887030195e+18,70.95662504083947,-48.32573935792689,70.96209181685903,-48.33396562589346,23.74094031799044,23.718679418632824,3.9614183310802247,276.8442889683673,4.815659551228656,277.557981055512,1.1131417059178175,0.04008206938553536,6.788118,13.192447
6.917290163036289e+18,6.917290163036288e+18,314.6731100283384,-1.2738297110432726,314.6749995026535,-1.2755319623398464,27.520591478003805,27.622023504037596,73.15718874304555,-17.40550602012864,69.7803370581991,-14.06035623461934,4.753225682517429,0.13344227745677265,16.67351,13.293445
5.060104351007434e+18,5.06010589719711e+18,50.01667855900128,-28.854362578686352,50.01403102395243,-28.78412676056192,27.875960404064863,27.812323049350464,349.0538298521275,-65.30521475786597,348.8686604181032,-66.61443733287662,1.322252423032147,0.09315420748054663,7.2084846,8.24852
6.05716492411928e+18,6.05716530642221e+18,193.6534798716681,-58.60953219754704,193.66299275098245,-58.6110068307302,24.80114234237791,24.986020197961395,115.31164432995224,-71.05455415905476,114.86644302014476,-73.53543199844081,2.5205076988993933,0.29836520233642755,9.207967,15.627505
6.190600246516067e+18,6.190600250811623e+18,204.8171132059594,-25.583681948916617,204.81132146061373,-25.588363975369656,22.969287852085507,23.047176587618612,-28.97598821104036,-292.1858575244733,-30.56956082836253,-291.03872571380805,1.9635134523906843,0.14722895984660395,16.512957,12.890106
4.2698768873310044e+18,4.26987668547051e+18,275.99352015096986,-3.078679177358114,275.9978377377957,-3.0817587805873,22.66789154090401,22.70871862780404,38.105704927884815,-25.130512602694328,39.28858664214626,-26.5385192807813,1.8389377247399108,0.0794177022299985,13.261552,16.066668
4.5161992403662684e+18,4.5161993134063094e+18,288.6604647007635,19.308312067492885,288.6602687451435,19.3196359991605,55.22299698189499,55.18619588827784,-618.324245446379,434.09153770520953,-614.3308352483721,434.9463603863271,4.083876445939419,0.012595314905567105,11.996789,10.388901
3.3111793400622275e+18,3.311179340063438e+18,66.52038510826976,15.04079479058062,66.52007676867467,15.041285019426097,20.937514048406054,20.8390589991997,101.4019876777807,-25.71827628057673,101.60630054880184,-22.71326170096517,3.011952252766128,0.225650215754634,14.782955,11.470464
4.676528243502158e+18,4.676528209144882e+18,63.60410913045747,-62.46021746321783,63.60655843373849,-62.473612611773696,20.3004379680811,20.34313182746785,41.04595242649464,45.65979026742728,45.06855876071067,42.94752571508745,4.851570954026558,0.10402403405781248,11.177279,3.1259058
8.115196824457011e+16,8.11668116515154e+16,39.1378064671755,15.174036589083627,38.97023497675373,15.245810299130005,20.46964916301604,20.5680228938989,59.854163561609575,-62.61723662586397,57.4637020200442,-59.87424746300332,3.6384469117020304,0.27792148723313065,13.5121565,15.964142
5.287676487453792e+17,5.2876764874930995e+17,5.238307626676471,67.66780345187624,5.239540826257174,67.6678216487205,31.788291934403915,31.759301392628693,25.92617493905013,74.38931335207275,22.906757217356773,74.07046088551196,3.036206559756402,0.02871677532341065,8.277675,8.599699
3.309006602007842e+18,3.4050823747196744e+18,71.62700947833584,15.471931785895292,72.24869984103235,15.604736047382485,20.500601458263425,20.576005066796807,87.32567613872013,-25.352727232571336,90.57549494790176,-23.74245513459229,3.6268855126734514,0.5511520171037475,8.138844,14.185166
1.6709688161950915e+18,1.670968816195092e+18,209.1785597348872,64.66503167329455,209.18364021064,64.66542466490463,25.3471724105828,25.27707772587704,76.70729771085072,-160.294589781868,72.20896043472251,-160.61737891872332,4.50990366600844,0.10941347164374375,9.8150425,12.678136
6.66296212412465e+17,6.662961823489718e+17,129.23189663941235,23.246194458806723,129.23191230619975,23.24693633124296,25.54703884326233,25.51262628147412,-108.89933110282676,-102.86316824849672,-110.1334957041332,-102.82134127329653,1.2348731752581972,0.05280089838512989,9.140806,9.24452
5.389589399865882e+18,5.389589399865861e+18,167.9097739829254,-41.05106123348782,167.91450832978043,-41.049606368752336,24.343679170204297,24.407586511102497,25.7896916552791,-28.679285728351992,24.76216352553265,-31.158475899518468,2.683691107826811,0.1075926699960788,13.868887,11.581633
2.059366350927422e+18,2.059372363884259e+18,299.030785332568,35.04517985667984,299.07636376369845,35.08329669254902,23.452963381344137,23.548195310556714,-34.21199707358448,-27.53948496410137,-34.16523173133453,-28.39344534428902,0.8552399243288354,0.17692681671567956,15.09246,3.6234016
2.656049733382545e+18,2.6561148794465147e+18,342.24256791560725,1.8659062782304088,341.9877180522511,2.074200164002928,33.52247467596772,33.23057655560868,23.60402243419748,-105.11047159249696,25.58033566473655,-109.31453925941432,4.645427744914746,0.3134724528387303,13.653673,14.055866
4.881098154287982e+18,4.881098119928195e+18,71.33466060570943,-27.43409043734357,71.3210294766554,-27.440199596512983,24.870853035001577,24.94057105164421,-219.75740614678767,-85.07094567145279,-218.29802130652945,-84.31959096083406,1.641443880595518,0.11279580853120136,13.969277,16.573624
4.0653153990623114e+18,4.065315399014147e+18,274.931654447449,-24.375541502330407,274.9317957631232,-24.37783308367116,26.922869287549144,26.989012874754565,10.67470374181634,-70.99994323816456,14.02280660330051,-71.72135035968819,3.424941022275198,0.09104105196794163,9.538495,15.673234
3.3310734911398646e+18,3.3310792635790356e+18,96.69033058934411,11.527757651116389,96.70962024631214,11.657842741583078,21.86700671981148,21.973050402459684,-122.96668519267256,30.9589356514006,-122.06401900454571,29.0421608158138,2.118686389611792,0.24426166226577803,13.323511,8.0257635
6.200121677915641e+18,6.200121677915639e+18,228.13568971359504,-35.90904005727707,228.1268342964088,-35.91916345403554,20.1026195721294,20.2051924903356,74.33218699851571,-51.3316212603842,76.49938032390166,-49.98333744143588,2.5523706952626024,0.2527608265476974,13.509909,8.20987
6.645604928622813e+18,6.645604928622814e+18,294.28726353134255,-51.56703288963576,294.28456354060233,-51.56873586840804,20.511658862434786,20.482566816454863,91.1044611092938,-27.185241838937856,87.35011259576441,-23.98014748545979,4.936371397670282,0.06927503158364313,11.049161,14.255808
1.1054543206244987e+18,1.1054544580634484e+18,90.19920634310616,68.13654479996053,90.21127622822172,68.15145916271501,50.39036898265627,50.40775913724856,420.7767872928321,-1096.644930081757,417.022295895378,-1099.3722830279182,4.640545199272569,0.008716052111276835,12.042384,11.712924
2.3102404372498345e+18,2.310240372825841e+18,2.760388074149243,-33.580039213295684,2.762015934805536,-33.58578481927687,28.337118088890907,28.414344344326096,6.87217417914508,-97.50113086434156,7.49519874979204,-98.53107911656046,1.2037246437115914,0.09598042544851312,17.440365,12.686187
2.8953226706848384e+18,2.895323014282409e+18,98.15414996366182,-29.58212366730837,98.1237502974083,-29.5483891400223,21.352733332935657,21.450944987119804,-69.52635138705176,68.35503159494715,-69.71604520902527,67.66781473157067,0.7129170803143379,0.2172493666752862,8.767145,17.36364
5.394967832790881e+18,5.394967832790881e+18,163.54622900631682,-37.264934580530166,163.55003780929158,-37.267190419968166,25.610610271864157,25.57402820955378,58.62988339090961,-147.54403068823984,57.57348200377088,-143.3490788023708,4.325922469890659,0.05591274558329917,8.23891,14.51849
5.524231981732912e+18,5.524231986033437e+18,133.67295528993947,-43.14024387995495,133.67186546647272,-43.1446591700705,22.942829445810062,22.867714448048563,-3.009802578634368,-49.48789897134438,-7.62782927820051,-49.92235730046255,4.638418333618251,0.143212419637204,12.251362,14.455873
6.485572518732378e+18,6.485572557387288e+18,355.751291089994,-64.79435008981659,355.77309111349774,-64.78755027688074,26.891667546595414,26.977802478797265,-213.8381588439996,-109.87093789309912,-214.67698197516927,-110.02683054295186,0.8531862420734438,0.1189624850004628,16.997179,9.860405
6.39579787965644e+18,6.39579787965644e+18,331.0322808636111,-69.92528944249342,331.04032504771465,-69.9281585509172,29.7016758754304,29.72940649633892,621.0838937437677,-75.43830025046586,618.2339389034713,-78.4120319572639,4.11889825751315,0.031491497175643104,10.387908,12.689986
6.825416040878194e+17,6.827292426191887e+17,124.10159331246552,26.260819510526165,124.08131521234584,26.27006416920794,26.115812144904535,26.14515861685316,67.96894507512917,-22.868643923937867,68.44340465864408,-24.995282487450005,2.178922549382175,0.0450875386629705,15.513677,9.491741
1.3236295925919603e+17,1.32363027978672e+17,36.87230526899525,30.973178401035764,36.86732543756023,30.977551194076053,24.423161288542683,24.43309203194835,79.54153174538122,-72.1300235603249,82.49528373667307,-73.6380682602595,3.3164513629874666,0.01720516929074966,9.744398,11.433685
6.80040410125006e+18,6.800404105546752e+18,309.4694350778452,-25.104901579194703,309.4679795999345,-25.10928893724623,20.894349539076003,20.910252329499716,73.37902626168705,-12.94104765148167,73.03634801902915,-16.41192039960424,3.487747985685181,0.03659908460188736,13.7196865,6.304085
3.425309304171722e+17,3.425309304171721e+17,29.08197877646532,37.48154698738457,29.0806707436461,37.47998585836866,22.216347443144446,22.25684672217853,203.9940384778282,-50.86870491830825,205.3072756942268,-49.46855741645798,1.9196366878844162,0.08191832650503683,15.929254,15.747019
2.1850610083734226e+18,2.1850613863305482e+18,306.3531786389721,54.5642401444408,306.3648248356142,54.560592478070994,31.06598180936342,31.083767130539982,164.05289755219366,340.6398385516719,163.9463252498984,340.6463448505965,0.10677072418134548,0.01891573261878813,13.055821,13.017207
5.036552983736723e+18,5.0365530524562e+18,20.54103872290561,-26.90737551412126,20.531432775342733,-26.89409901678174,32.50456699319958,32.56471150776688,-57.216367685449214,-223.98395747329425,-58.3202274986516,-224.94334204079024,1.4625064907728325,0.05744914619700846,14.180692,8.482131
3.400292798990118e+18,3.394298532176345e+18,81.10726354597193,17.38350331190306,80.91108310811642,17.32409154334818,68.59075963795857,68.76616259697118,250.48290468501668,-7.156277817184632,250.9838595772813,-5.707287427419183,1.5331434876476768,0.06225192929861542,4.8501883,7.543094
5.618314339864165e+18,5.61831441289312e+18,112.21335676259292,-24.14044805055198,112.212047278294,-24.13255522033451,26.448009758679323,26.464962428360423,-77.17380534289983,98.92987260569468,-78.44806901915274,96.2921589282316,2.929382419707849,0.024785896697962682,9.571154,15.095803
3.288572968680439e+18,3.288572968680439e+18,73.56892155084596,7.367933628432836,73.57046663402049,7.372137596901997,33.78401518424364,33.76434481096316,246.0837155262879,-197.6783575576112,248.00076265252864,-201.86024802363147,4.60035624207724,0.017398534099023213,8.122727,7.977419
2.294924072772825e+18,2.2949240727728248e+18,286.2279384460699,79.75600283565693,286.2224097408366,79.75619277781449,29.180865948782163,29.216533536918003,-14.452135835492662,195.07694502307191,-13.037783346069787,197.71314017996167,2.9916413337072485,0.04183996660450337,9.291542,12.564882
1.6557099312639652e+18,1.6557097251055352e+18,262.26955307390085,74.43458295505783,262.27182291768634,74.43402353093755,22.583217346626668,22.39860433063019,-42.764664920913006,267.75891775726643,-39.23896009665729,268.3679671215842,3.5779233692123555,0.3649692007272685,15.867721,16.532843
2.1508501851024028e+18,2.1508501851024026e+18,274.32575716942307,56.07790879994995,274.3285372128321,56.07645477776179,25.417594711828876,25.40272155497416,70.04075296543195,55.715983969768885,72.2511235098569,52.86270246718634,3.609287087035493,0.023081266400585648,13.98522,14.072006
6.043996352536305e+18,6.043996348230362e+18,248.11061580470417,-28.89012032860848,248.11155312942364,-28.887010095613885,28.360041075005796,28.26739273797136,54.21755182147239,-76.37738937624769,54.366085577798685,-73.32857624879313,3.0524291577213853,0.11558698395637293,12.830369,13.903156
7.253981277960123e+17,7.253981235014345e+17,154.30650805718142,23.10684760002836,154.30857900053857,23.105782078789723,44.876844880008775,44.9007974052948,-417.8163777230431,-95.96588859294587,-413.3719787872795,-98.04655218722934,4.907325431718722,0.011917325582021035,10.851354,5.6777153
2.9645416349363343e+18,2.9645417036558116e+18,83.63826348891696,-22.640415416610004,83.63682312641954,-22.64044737014641,22.64701400679519,22.621364197480165,40.647539566958486,124.58159146518746,40.16082692350391,123.4485677522147,1.233139056009951,0.05007782505832941,13.496464,13.790607
2.5693989399845094e+18,2.5693989356905144e+18,30.46917035660453,7.864150554360402,30.471354265277093,7.865728526833062,21.50599260210633,21.52218260656194,122.0706346901259,-49.18925037552575,119.88400655840933,-53.27959445028137,4.638130791202716,0.035045887414550246,6.9483705,16.810266
6.744125151904244e+18,6.74411986480563e+18,289.5960048969902,-33.21507817546764,289.71595600045475,-33.14694787973408,28.56742901468903,28.495287120527145,50.77582800910143,7.245841807992502,51.01938957956749,8.130330702258973,0.9174109453721476,0.11559576697722676,12.167934,13.655766
3.4340672149211366e+18,3.4340672192160604e+18,98.0788106418522,27.75786232714502,98.0781672693616,27.757788419604328,25.45857374585149,25.478543556900025,-118.29675221852528,-92.9670828524791,-115.62233609558515,-96.06413343683889,4.091970664695123,0.030789366025103196,15.928857,16.471315
2.5197369203354573e+18,2.5197368516159524e+18,30.884673960044616,6.815853298188504,30.858275526380908,6.799741377290974,42.44430246983575,42.53136955942946,92.00283173485434,-122.03753820857014,94.0176413758022,-120.39247673275672,2.6010930680123447,0.04985944354090776,13.271677,12.733599
3.313665885609888e+18,3.312899491645516e+18,66.77717673131863,16.430092002554506,67.37958519537817,16.244692315734465,21.66732573514696,21.81806190139089,107.56779251043268,-24.91171284914873,104.46346593636034,-21.071062521463688,4.938363941432322,0.5823672143383415,16.533167,9.932404
4.701934774928922e+16,4.97292315944201e+16,61.415911881822005,17.937590072728447,60.20380195133232,18.19387756746013,21.953883088547247,21.85669141594702,128.35318981625193,-27.322745774321383,130.27507482032178,-27.86443910589072,1.9967657935609913,0.9621306893799071,9.03908,5.804048
2.8519128864657347e+18,2.8519128821723433e+18,355.8108961763389,23.608314302275456,355.8118336738438,23.60695483684773,22.92575548848262,22.947799335432187,-28.62884558792782,-11.76880939386188,-30.63736172032563,-10.9890073595615,2.1545830842186757,0.04191870034091697,15.094449,11.971826
4.0113532237136225e+18,4.0113532237136307e+18,189.35982691068625,29.87804188774789,189.36286415277496,29.878348329134838,20.353457997475378,20.291314359261417,-156.4523518607083,-102.0408327271531,-156.5089262115688,-98.55529612977745,3.485995701205088,0.1504866630117686,16.547129,12.594037
3.3135795052275584e+18,3.3127093792130176e+18,66.31936239676666,16.3022336834695,66.90003194033417,15.589085472787543,21.250239265348167,21.284016509945317,108.55029876049758,-25.83963038411747,105.16744918201684,-23.914466137534937,3.8922909252710083,0.7470208438674601,14.998649,7.289236
2.2235603736536133e+18,2.2235603392949714e+18,332.6607616252673,70.13268626098666,332.6494011831221,70.13143194293936,30.688131090312822,30.684498016821056,-65.8407891580389,25.10426396823199,-64.63708566340227,23.36236964276443,2.1173327428858486,0.004496308750257683,5.418816,8.410931
4.913168138422118e+16,4.913168138422195e+16,65.43537023809772,20.402754686332496,65.44163945529262,20.395550027325378,20.282688061310395,20.540163199450884,104.08247386373684,-33.55629455480451,104.811415931944,-33.41532847520043,0.7424472872878424,0.6180759222785106,17.242485,17.93693
2.0879588802392845e+17,2.087958880239319e+17,80.01092491078099,45.78000187743011,80.00153532790803,45.774426002015566,20.97081384182599,20.95666755984368,223.30733348200144,-239.47084915076996,225.0381857479067,-238.407506242071,2.0313905847644773,0.032975668338354,13.367318,13.591336
5.024570128059895e+18,5.024570123767635e+18,29.987016964368596,-27.05269564728057,29.987523644738847,-27.053050555216053,20.84385809292013,20.77041234482282,313.7121427150053,65.77679842888922,312.3252746445411,68.80617913451954,3.3317488657638075,0.16964660864831543,13.865269,12.07463
5.297527978463639e+18,5.297527909751086e+18,133.78561560250546,-63.69712646548465,133.71176842478687,-63.702456678556,20.424138806755995,20.42622328772984,-157.3827387579079,-115.66031981861612,-157.76295531164175,-115.80207256145954,0.40578130543049373,0.02876485849660746,11.664341,9.208255
2.4238048357541606e+18,2.423806317518679e+18,6.106391252232276,-12.290095129193263,6.110535019684653,-12.288769575366214,39.26431047634446,39.3211043783822,286.4619116685274,20.657361769882844,286.5330715822012,18.212176565655582,2.4462204349334455,0.03683425746047742,11.318377,13.777397
4.95919158612527e+18,4.95919158612527e+18,27.13371611854769,-42.128066226859815,27.13280493478323,-42.13264437083209,22.337069240226867,22.366782957073227,72.51926690096354,30.408710618112995,75.05837573319948,33.65487977993976,4.121248341113849,0.05958369094480072,13.314862,14.0009
6.681126129225966e+18,6.681126197945439e+18,309.7374043304976,-41.30814319692961,309.7702826436394,-41.294394654565394,25.752885866205336,25.66903662033172,59.52079329875967,-46.33484934095931,58.23983691453325,-47.44736326035115,1.6966250260829674,0.12828550394526558,15.197156,13.753486
6.212541756962806e+18,6.212541795622162e+18,227.07672907962623,-28.504245165420187,227.0838309689144,-28.488037930005028,21.58092830929325,21.55723186976768,-65.29712250775304,-40.82244544532377,-64.9557867093056,-40.97338067267502,0.37321785884028674,0.052838604232701175,12.088037,13.792242
4.5551732510752026e+17,4.5551732940836275e+17,35.299353493713426,53.56066378009805,35.29580680811094,53.55823924638252,34.404478121739885,34.42841726236136,-275.38870455307404,-40.72433998766669,-275.47103142339887,-45.613390173350986,4.8897432889383,0.02027600590936338,9.827971,16.156569
4.820541108278867e+18,4.820541108278868e+18,78.80206889946483,-38.59842439034002,78.78450274238911,-38.60023461606767,22.53464490236956,22.52588811094698,12.057833654205158,-18.23630751369312,11.260176278648816,-19.105356749759498,1.1796202200229473,0.020314067348342024,13.096529,13.707698
1.3342882196482122e+18,1.3342882196482125e+18,256.9811596907827,32.103567730551084,256.9817733193837,32.105296778215504,27.24561909863091,27.26855581852196,-165.24247075520333,-44.97481276700198,-161.88386314613868,-42.10572674883093,4.417227597864021,0.030894187962528036,13.032226,7.081035
1.4972454979708017e+18,1.4972454979692744e+18,207.26792813756248,40.13688984879343,207.26853703029985,40.13851826564786,31.875926650944383,31.814896809290374,-52.78149963149463,-3.3076389683390808,-54.80287941124971,1.1253343368285798,4.872086671882161,0.060186703918046966,12.984713,11.1924925
1.2243018381385897e+18,1.2243061674657208e+18,234.85472396856548,27.6265400253418,234.93160561678368,27.851951588228516,21.287262251166045,21.336431225797984,-52.34474846310977,52.51574036958843,-53.92331063656427,51.53045932073668,1.8608162941805386,0.22113775514739786,8.798476,13.124536
7.120742115312348e+17,7.120248022290099e+17,134.92985332059317,32.14257502545541,135.0349172422554,32.00384046645678,24.979831709859106,24.93110946695071,39.90398985692255,-84.07827144455686,40.498818537893655,-83.85967396497549,0.6337239286827939,0.13932625070767687,12.602273,13.268531
3.313665885609888e+18,3.314109916508904e+18,66.77717673131863,16.430092002554506,67.20174925382867,17.285341899758865,21.66732573514696,21.5489076022758,107.56779251043268,-24.91171284914873,108.67985266985404,-28.446330982590844,3.7054288749657665,0.8057508348225458,16.533167,7.7025585
3.313173957237082e+18,3.309974344039456e+18,69.38447123432836,16.758565709467636,69.5444304347343,15.821382952558132,21.28243624077011,21.01838989752342,99.74091391478244,-28.382371806868484,97.32743849223635,-26.75931565908957,2.90846606892309,0.9811133128599416,14.52253,14.388778
3.7256678046632243e+18,3.7256678390227466e+18,204.3236301608596,9.133365538182408,204.32953393837656,9.13998010393333,29.89878965932178,29.51750747362313,36.56829964998521,-18.78564200030427,39.83452666024718,-17.274483750569182,3.5988662295655387,0.4320603718348151,12.1701,8.773849
3.7132187861205417e+18,3.713218721696277e+18,205.32796587016185,2.4596911131581094,205.3332861810576,2.458025143961483,24.964255434471117,25.108963657269904,25.031562046998285,-132.83654921691857,23.00778939263708,-132.73712268725984,2.0262135601510964,0.2308911217371286,17.377224,14.773776
6.714132300063183e+18,6.71413219698395e+18,287.6446681466794,-41.56575081287485,287.6920792687513,-41.564759410311176,31.845616067887068,31.80887784267336,77.10968019626497,-744.93702134053,78.44499119181364,-745.4893041524143,1.4450161795412582,0.04115877070189487,12.651671,13.524916
5.84531219191762e+18,5.84530023905254e+18,203.30228743634967,-67.85618835276631,203.47739826154773,-67.89907694881612,37.98249334818587,37.97531946454787,-723.7736781015791,-317.6913496997573,-722.6144110096552,-318.9023954079837,1.6764641057389753,0.036490885040884276,16.66674,13.066453
4.653722929233863e+18,4.653722929233863e+18,60.83824788549133,-72.33607628706042,60.84531885850704,-72.33481750796535,23.031467966621303,23.05140529268384,-102.70490320882766,22.198518550477605,-100.03732946638657,23.894287412472533,3.160946330558738,0.03760052590190863,11.0113945,16.126148
6.78794993733659e+18,6.787949937336588e+18,319.5217516627312,-29.513985787810125,319.5217456055099,-29.521614548095474,21.982573145753875,21.98317370707682,55.951625778864894,-135.94399248642168,54.17173955279478,-132.9738166406026,3.4626492073037403,0.006183034856020976,8.308572,12.584853
3.310478710637067e+18,3.310640648085374e+18,64.53629289150157,13.331259196596612,64.44922468154691,13.661704892347966,20.934388473210237,21.139233734577186,111.15798514707244,-14.546098512480594,109.25947233228388,-16.777791608316285,2.929983785265214,0.5425520812522634,13.949699,11.770583
1.148326207437358e+17,1.1483262074373504e+17,42.03952436381632,27.068111757001752,42.04194929266767,27.07333447155978,43.57040806887107,43.44896035397188,278.46940568310737,-119.18652109895272,279.90933931071186,-115.1600503916858,4.276198686729234,0.06419324377105606,7.3799114,13.911915
5.544588997155925e+18,5.544588928434374e+18,121.78627535543784,-36.38096230668892,121.79336773055932,-36.38056787906518,20.60243877371761,20.52325934246249,-37.47804253442139,101.13779925831696,-38.37769436984691,102.727029420261,1.8262053369260516,0.1873240380733991,7.182048,14.5140505
1.2023177259261568e+17,1.2023177259261594e+17,54.52503685427117,29.8787391086826,54.5191042604531,29.87553846800106,28.80650687116361,28.895342454434584,81.8677293735616,-30.813037803730463,79.06308691398749,-30.40604973509384,2.834018104045648,0.10678849181715931,15.836993,12.379262
2.386318739152092e+18,2.38631874344689e+18,347.50249019599846,-21.19520411998659,347.50275484059307,-21.195481770953663,30.12708127437382,29.595211994356657,317.89340054041594,6.513977218883484,319.8152305971582,10.56465345797667,4.483459463511629,0.5965219396168996,11.817536,13.429767
2.973887758648627e+18,2.973887758648627e+18,70.65921788626692,-21.784195560417675,70.65672567521979,-21.78321586198012,25.20928440807766,25.198412913445384,73.09143875198671,-151.13214330205815,78.00758680047305,-150.47195581263844,4.960278132909717,0.017202411153972304,14.869503,10.910886
4.754110037501197e+16,3.314063977537054e+18,65.38496942725972,18.41744025238449,66.3729376285106,17.927768735352878,20.885733460424145,21.086509524006694,110.44900990966732,-31.91854784127326,107.31597291846634,-30.999864147519936,3.264950308565499,0.991519786122688,6.7013855,4.295662
3.6188106289504686e+18,3.6188106289523773e+18,208.77833820012225,-8.622553657684328,208.77772096943156,-8.624115520009106,22.477112855114456,22.480389997889198,-146.20356324287138,17.057655548028478,-143.27543243682788,13.068278868156046,4.94864388607737,0.006615004220830478,9.967487,13.521597
2.315847263652247e+18,2.3158472636529316e+18,7.309522214582846,-32.44797216217067,7.306259753075002,-32.44338799845947,21.011787956836915,20.94949843298046,89.52543028303634,-71.05796692332017,88.46286943113182,-72.40691846362196,1.7171796126447154,0.14157704759808706,12.891096,10.360212
1.1302520530396892e+18,1.1302505755709396e+18,170.8185754074819,80.15106121677016,170.80264267928453,80.15058904065276,38.81256961459768,38.82089576593445,-17.020328526902585,-27.33830210146817,-18.371194175922422,-24.04336257366453,3.5611043924019765,0.005664165053251067,14.470725,14.464072
1.264860588703505e+18,1.2648485627950738e+18,226.58354742084887,25.12493961735671,226.615593344688,25.099167606110445,23.69443883867127,23.631166793660174,-8.22348533875918,35.82960471145799,-8.23530821373545,34.9712298779505,0.8584562511693393,0.11656978508097766,12.306401,11.294546
1.6909430254614638e+18,1.6909430254614636e+18,181.192274057352,74.39056511925516,181.1914938023455,74.38977018996245,30.83872084335363,30.80285274835399,200.80370774832537,-182.3861313948694,203.57226667021743,-186.1204609923347,4.648670352530219,0.037761916646321336,14.987372,14.698447
1.6471622935097836e+18,1.6471623965889997e+18,241.51882521734868,70.36201939615336,241.52613666214512,70.37403021761291,27.88190839986685,27.890910682107265,34.709132805327954,-25.424222646149666,32.260018748520494,-26.817012240150262,2.817449647537333,0.01388818384208792,13.685795,16.585602
6.874580527212412e+18,6.874580149255289e+18,303.3418885316537,-15.430690120296951,303.3426198485064,-15.433296908892524,28.21562606503424,28.24828878672177,-319.3807422547943,-264.7587495965419,-321.9300252211798,-267.09666607288966,3.459002326261343,0.04101385653552656,13.120173,8.476135
1.3373610110502456e+18,1.337361006756286e+18,260.6191781874924,36.97859713853485,260.61814340644264,36.97719705767839,22.64468777033916,22.63248731575096,-35.332731438640494,55.19482971335354,-32.82898738450281,57.521455777904094,3.417882843643971,0.023838483773198242,10.204602,14.94429
4.1340945199258644e+18,4.1340945242236006e+18,252.01666000218185,-15.965916391372208,252.0080237727089,-15.964357818725505,22.826749902456363,22.854139364002325,75.32082587747077,-88.37884460537941,76.79289924883804,-91.82247620251304,3.7450765796530425,0.05289723688496878,14.88833,7.298229
2.124221804519173e+17,2.1242352048051328e+17,83.31759925090019,48.15647202932781,83.37069724684658,48.15728791982465,30.22916421489949,30.270081270252494,-52.545625118206885,38.28052668835169,-54.56933154328608,38.75640802058308,2.0789061396015804,0.04916745466240325,13.235742,10.787732
6.119802392163791e+17,6.11980234920559e+17,135.20686308858055,17.504881244447102,135.2091903822548,17.496784744959488,21.71707575317956,21.66821922758742,-20.78777200740941,-106.81587681836284,-21.806061875964478,-104.3915234904436,2.6295253022161567,0.10404354756644603,13.380753,13.276884
5.127997549149569e+17,5.1279975491495706e+17,20.86869917683784,64.19575311292454,20.878007361734824,64.19566668426873,30.84384943436125,30.831760008314586,-70.2081359121957,26.99993241971611,-70.22539063158304,28.25150123375137,1.2516877492437009,0.012918000641336393,13.082387,13.45411
6.114544866856935e+18,6.114544866856934e+18,209.30159712596208,-38.53649321642892,209.30702318304057,-38.54190525527589,28.01892190567204,28.18320646110874,-235.36801680830143,-182.21898026630407,-233.39534484993243,-181.2020513220216,2.219364578669961,0.2080877154802982,14.123623,12.0368805
2.3769095352533135e+18,2.3769095352538194e+18,9.998647510010455,-12.195205168466858,9.998231950868496,-12.195464062663415,26.05797566166824,26.102002864102104,254.12876537289645,13.237263576034588,255.81408852707,13.379052988855785,1.6912771421566744,0.06473094813983016,12.218152,12.386635
1.1595021547142845e+18,1.1595024983116703e+18,221.43398273983536,6.039605556637736,221.43639714552936,6.061377273099621,26.07442798049953,26.09714855960928,45.59410138305914,-1.604043425612631,44.12702245593701,-3.597737565030058,2.4753054154898173,0.03646424599222275,11.724309,8.972813
1.336757825843174e+18,1.3367578215492987e+18,259.4802094102712,35.54507950016594,259.48181785552987,35.54530868819752,28.075854573231464,28.105158830531792,26.070018820844147,-382.1380378918605,29.51022441502343,-378.88283740298425,4.736174062785556,0.037146590622841,13.702872,12.439072
1.3600996287704443e+18,1.3600977089219476e+18,259.25941852556224,42.23667176109984,259.190135234563,42.16236831943963,21.051437898228187,21.00773022291229,-32.41013054194631,52.2060982881432,-33.130443367275994,52.0042502394618,0.7480596240213241,0.12403681673759442,12.48773,9.272931
1.6056220570165975e+18,1.605622057017877e+18,220.84592008377172,51.9218022118204,220.8425835762936,51.9186392635078,21.59881914401591,21.61323320839912,-64.32273633547706,123.25531113770332,-62.91939333007261,119.29601827297428,4.200639425077075,0.0310272071843463,15.38328,8.0616045
3.307645131734449e+18,3.30784352486428e+18,66.7269036563752,13.138103140203471,67.09389131915107,13.822676224049486,20.856250700610264,20.77181149357056,104.6549179420714,-16.500474218532617,105.07476082538018,-19.53295525173183,3.0614064191769774,0.6760598830894934,10.08551,14.891436
3.3136894220306504e+18,3.3137782075943956e+18,66.6676726168485,16.74677258632566,66.81983230907242,17.241711375171782,21.85212884110757,21.81444620546993,107.47186617521814,-31.53080384333542,107.51215513083208,-31.586936720187342,0.06909486093868035,0.4199010049949283,7.950683,12.13662
5.586022443570622e+18,5.58602240921109e+18,111.2381477318916,-38.3525174688896,111.24997154078235,-38.35024382320516,20.456815832753676,20.444316116534274,-2.820705860872657,-122.43978828341604,-0.675302057419124,-121.44461806575552,2.364978063744221,0.03097823101254189,9.2212,9.391645
6.671045050707118e+18,6.671044947630014e+18,296.343063413061,-49.072897528237085,296.3285428947431,-49.08284528679317,29.114998874188032,29.35515806140243,-257.99405199307137,-137.30287379441836,-258.68235171250046,-139.7035463924271,2.4973957288736344,0.2811147270310236,17.98614,16.728497
4.5643974707235364e+18,4.5643974664282194e+18,250.23471959327276,21.94818553483756,250.2345018480875,21.944958662952587,21.082630359650377,21.157280215902112,-93.5485622752665,8.850745883029953,-91.17057400941589,6.356781268484865,3.445966873190492,0.16737850468358242,7.5543795,12.601892
1.4537337727225766e+17,1.445347247782354e+17,66.06128542553917,21.736042245626574,66.6989688020843,21.23471643479264,23.200912136413244,23.21149309264509,117.38495084684558,-45.74094027417765,114.75103790406108,-46.02510604331055,2.6491975340685006,0.5845517031466275,7.0066395,10.67892
2.6666724545213117e+18,2.666672458815435e+18,326.3399148741824,-7.49060602458535,326.33980130447827,-7.488984440288817,20.34132828974895,20.2340534787106,-83.72304418381208,-132.89654815119997,-87.13940668735432,-136.4491553703137,4.92874738741076,0.26064044387135615,10.379878,15.698541
3.3040852910407096e+18,3.304090857318319e+18,63.27192074060161,11.74610428547816,63.181747872667096,11.863200746579423,23.034000330873692,23.043343190421297,58.59081344092992,-89.98120288378348,59.16386256684745,-91.01592482746791,1.1828080154686686,0.11247299312131101,12.671817,13.886915
3.645594461620746e+18,3.6455944272610074e+18,210.60025141099356,-3.201836641147053,210.59525267160487,-3.207824822904213,31.358047998348862,31.390040408003383,26.560852014003235,-376.91893378285386,25.74465127168576,-377.4845161094181,0.9930090734134454,0.032789723306097494,13.978526,14.515613
3.488140926190178e+18,3.4881409261901773e+18,182.3832741277069,-26.409060772587917,182.38450350968293,-26.41081808225257,25.802093398367496,25.862376492305124,41.05846733940013,-161.77919193310086,36.69938365448184,-161.196280407595,4.397885448563705,0.09034921629001683,13.554067,10.740234
3.309006602007842e+18,3.404812685132623e+18,71.62700947833584,15.471931785895292,72.64131131574948,15.08334362058648,20.500601458263425,20.50299348150385,87.32567613872013,-25.352727232571336,84.96745471098987,-21.361928883826053,4.635480532000345,0.8962535237116661,8.138844,7.5717564
2.0057983505768863e+18,2.005804153064109e+18,333.9772112326326,54.673202306837965,334.01245712699904,54.66681023756337,45.59130522405319,45.62526269464586,212.6123527963985,70.10147739939207,210.82870238916124,67.43128193875114,3.2111294855961665,0.018257042954100706,7.2831597,12.732375
3.3129517485109074e+18,3.313665885609888e+18,67.49102855410932,16.67271469531208,66.77789108447449,16.429579986614307,21.918833298371936,21.7524975456685,106.76090585888043,-28.325579500310205,108.78997030370748,-26.28176339967887,2.8799803427213098,0.6767726291340469,8.859189,16.60488
2.486041832450956e+18,2.48604183245183e+18,33.9239818417376,-9.01307984565908,33.922195206093456,-9.015741216818425,22.62630892698529,22.542145820375584,28.01373545207835,9.008725685371113,25.134043942537357,9.057037149841404,2.8800967323549655,0.16502941140738173,8.877049,16.088978
4.437061448568213e+18,4.4370614485673006e+18,246.18019449979892,5.283156568183188,246.18143380506223,5.283270116013348,24.355734306491545,24.37369553404832,-66.95159561197333,-98.080411020613,-63.23643449751205,-98.79826718833634,3.7838789071458976,0.030269152088000757,12.962498,8.96812
1.7602049393862364e+18,1.7602085128009388e+18,316.3510312155524,14.539841615841404,316.2847432804942,14.591089150216,25.17090823566062,25.12651707953472,509.106309647896,-3.744926249835232,510.8303958311888,-3.293166089562641,1.7822907758922626,0.09040946880068777,10.047747,11.937369
6.815274691072259e+18,6.815274691072259e+18,323.10713046946603,-24.574758740053376,323.1136166737052,-24.57157312161881,24.54675330947979,24.54071111263696,104.81095652935088,-63.17866486717598,105.10091458000971,-61.18620598052631,2.013446817308847,0.011105570658621474,10.749491,14.613285
3.3048491767451023e+18,3.304849172450634e+18,60.29641649002439,12.098370014663557,60.29798321392552,12.098266824434392,20.670897672407094,20.68611816887216,89.38949633438797,0.4492702139200054,89.16092787853675,-1.1854853681517912,1.6506572485301447,0.0356187042557269,11.32913,11.746285
3.312899491645516e+18,3.3127442199887826e+18,67.37958519537817,16.244692315734465,67.16608051054888,15.870784455320392,21.81806190139089,21.81251596251546,104.46346593636034,-21.071062521463688,106.14776250704207,-20.293824952737538,1.8549806403975218,0.3414200361016967,9.932404,3.3779078
5.72550693534661e+18,5.725503293214289e+18,118.68174114856905,-14.740382164315154,118.787010948362,-14.765529171888671,25.535336299188845,25.54704881121834,-65.93031402321859,-309.9039980988263,-64.90972043199112,-310.0250994864025,1.0277532897186235,0.07386959740021057,14.30093,13.552998
1.456647779175365e+17,1.4572772925578074e+17,66.03147802349007,22.118672707891832,66.57745017375387,22.813375430212517,21.97239358755164,21.74857378818941,110.55785272690656,-43.889716888500814,107.9496006092343,-46.1191144632254,3.431208628971681,0.8302219501080728,10.500138,4.228601
4.731996109884019e+16,4.771506373074688e+16,64.53807309193438,17.416130138912035,64.64158211986751,18.36458359057584,21.944709122364497,21.82099846468514,113.6904264767072,-27.89789617687469,116.93174979094714,-31.225844936308956,4.6455806712245815,0.8032106095422681,14.702765,14.589073
4.493441170722339e+18,4.49344117502098e+18,265.9864210754215,12.883261994916488,265.99064996039937,12.892400088722528,24.41707951314475,24.40609230265906,30.60142498417055,20.14094805944091,32.78598722392871,20.754592513666207,2.269112534798273,0.01978137214514174,9.00852,15.997733
4.153476474698024e+18,4.153477230612271e+18,274.1442085518535,-12.77928221634455,274.14103903021584,-12.776198976094909,20.07719540206768,20.114817421501154,-213.1832007588766,-194.03121572504605,-211.95700216390827,-194.40241652394275,1.28115300702292,0.09323573583287326,15.1233425,12.712532
1.0360041496899039e+18,1.036004046610688e+18,136.43945989431217,55.528997374247695,136.46154609955298,55.53844000304171,21.47812850760544,21.43709646947362,-213.8190840087498,1.6909957197327217,-213.9373009660825,1.6776651278144794,0.11896618713689258,0.09002329170202017,7.8123903,14.3312845
5.698747468030521e+18,5.698747468030519e+18,120.9143806329572,-24.47258036638893,120.9200116382348,-24.476122355998424,20.4436419300269,20.460025224500573,-36.6448123522292,50.61589943662624,-39.37716342454087,51.54686611567665,2.886596844012834,0.03952765791051223,13.942242,10.488073
4.912898156569563e+18,4.912580642524185e+18,26.623503842306945,-53.65951511605823,25.62339159017506,-53.74129984828599,57.45842526968323,57.640899065213326,162.07813569928675,-104.43623156551917,166.04054972266235,-105.4958102197813,4.101637699408808,0.1894514576097728,12.56075,5.383109
5.631222988630332e+18,5.631222984331125e+18,140.5844967826949,-32.14826447579611,140.5821378257431,-32.14718565754301,25.620914318066045,25.540503665374278,-633.3389313870355,292.97623935573256,-630.3517090309574,289.94971386599474,4.2524526975247285,0.12289210936049516,12.814226,8.628547
3.8467546451122616e+18,3.8468484171337974e+18,147.97053200177152,2.116655547470559,147.98872479905717,2.1170902684530426,29.08243404455957,29.05765173736577,-25.903669288868663,61.5967669959927,-23.71125869246829,61.65373786751186,2.1931506795955187,0.03129243207318295,12.628302,12.726897
2.5173844851954214e+17,2.5172601029429914e+17,58.90362786407111,52.22730435035905,58.88247504120481,52.162927788418585,25.278365814836175,25.233601297409027,-119.87887638987644,108.8321489585228,-121.19194491589268,108.9008553007517,1.3148648278347594,0.08357338398557976,6.6869044,13.867702
1.9829471316823347e+18,1.9829468911641687e+18,337.7760471374418,45.16242156183017,337.77275003651914,45.14525188935778,24.447339202986704,24.41692215703959,-172.71936304594453,38.26695349028684,-174.67223428084574,34.3332661398169,4.39176527507468,0.05243758786581185,13.035373,7.5304685
2.882569538390669e+18,2.882569534093403e+18,90.5534563058568,-39.87301407114126,90.55271390887138,-39.87352691230836,21.790182107407265,21.782043032313236,75.18568428940945,178.0962313482937,72.67310446994284,175.8260777494988,3.386244927838552,0.017159076349023063,14.251573,13.413523
4.97292315944201e+16,4.71094389830825e+16,60.20380195133232,18.19387756746013,60.72188035526808,18.407175984900785,21.85669141594702,21.87325614936264,130.27507482032178,-27.86443910589072,128.3302332396565,-29.46830346216534,2.520870811289778,0.4293554516488873,5.804048,13.841202
4.777112872882315e+18,4.777119126354782e+18,72.73480682433792,-53.45931819668422,72.83501854735478,-53.40550671938759,26.675390683844107,26.385765126704783,-80.12157204786205,85.81646187275368,-82.2578860665754,83.69148244507123,3.0132001517696767,0.4148706276466114,6.3103156,8.784986
3.2415150693053445e+18,3.2415052767799173e+18,77.81534721614264,6.578586278586135,77.78023110236212,6.473501207950893,23.07547328120816,23.48655968364668,95.36387195612744,-86.43171954400393,98.4614660230057,-84.4169266008585,3.695196829251181,0.7630419803103958,12.875473,12.476836
1.456647779175365e+17,1.454846341068146e+17,66.03147802349007,22.118672707891832,66.35476960697082,22.19979147131272,21.97239358755164,22.017740203586687,110.55785272690656,-43.889716888500814,112.37063071226235,-46.63900490521837,3.2931365934405714,0.26339467026377567,10.500138,5.224731
4.171536571642e+18,4.171536949609819e+18,268.2561285622739,-7.883680874206088,268.25694337156705,-7.869472806446216,26.531953148137205,26.54313838728624,-27.4032599066462,-125.34194899605112,-27.49104270475351,-125.61463839015448,0.2864704614790334,0.018435270504735972,15.330802,14.671141
5.154606546483046e+18,5.154606550778883e+18,47.92840564709478,-15.626647646283772,47.927178089782736,-15.622638913797472,42.63185691544387,42.53713379515685,103.2753925862052,-181.99961454451207,103.8754158609122,-177.20598753802082,4.831033823888254,0.0522621077548168,11.736207,14.7405
5.90655475337069e+18,5.906548877857127e+18,224.67432771335643,-47.42653526236464,224.66695410287227,-47.42500249013608,21.072099124193805,21.16175393687216,-115.52755130273192,-52.17791536733942,-117.62351307490472,-51.11008590925368,2.352300045054933,0.20110092442131325,15.934662,9.964093
3.3118838177788206e+18,3.311934086075989e+18,65.15179237979066,15.095358731795551,64.4656126372456,15.227063447450588,21.089906328443732,21.125368661812228,108.44328858667495,-21.17075959243724,109.65233201547665,-21.86460130676811,1.393987925799272,0.5639983208657063,5.2019286,14.218251
2.9072130986626406e+18,2.907306935108521e+18,84.42397684581137,-28.69278181959892,84.43571539288124,-28.689501838606315,24.178897272086967,24.080142757315095,-39.83876045214172,43.08993026179246,-37.77741881790383,42.39318039770081,2.17591123581691,0.1697939221323952,15.864259,5.155013
6.647631019317445e+18,6.647630950597965e+18,271.169445304456,-59.20247180369246,271.1757534149812,-59.20980207622212,25.589101348985658,26.0379684791864,-195.7355305998578,-50.3528487867562,-199.68316801784863,-51.12485333029703,4.02241621406449,0.6737049017655984,11.539111,6.734609
4.361512231078784e+16,4.361532846921818e+16,58.29252814021154,17.32695470319336,58.28787273988303,17.328899218901928,23.1939200794336,23.273191348045327,143.69607742243576,-29.396421474839528,139.9517975329768,-29.41092933548325,3.7443079959623113,0.14689918207758032,5.883992,15.225754
3.3059663836374666e+18,3.3059664179972076e+18,67.20598709739409,10.75589526424399,67.19172554363917,10.749392168536104,25.490528761371323,25.49503742241785,-16.80290625643455,-96.67227238708044,-16.517204235576553,-98.8521457943053,2.1985162533509883,0.012647949810542467,10.812435,13.250763
2.882262529831237e+18,2.8822626372072893e+18,359.7790627636934,41.1705733314189,359.7881134841012,41.20176501026879,24.43386404208661,24.442674908964182,81.56261289823047,3.9334272853320975,80.12098274378648,3.9213045856311095,1.4416811235672842,0.027157897475446793,8.004656,7.590561
4.1498203236781363e+18,4.149820284980989e+18,266.4775850280396,-13.298289785352136,266.4725484874863,-13.305792976227098,25.774732374798816,25.77943179786204,56.436038243923086,96.68792933710664,55.256704877381786,92.75019370374528,4.1105460838775905,0.009319028402417086,14.581335,11.218145
5.905801141222513e+18,5.905801141212932e+18,220.2717680236283,-47.444911505566765,220.27176595247764,-47.44695981257582,21.56430033410849,21.570751726930485,-138.18735447981027,-262.0804514505888,-142.1251142066973,-262.3073519404286,3.944291507860825,0.013967945880206518,10.858953,13.225741
3.3127442199887826e+18,3.3125369276860114e+18,67.16608051054888,15.870784455320392,67.53632737172786,15.637736095425185,21.81251596251546,21.4201372807942,106.14776250704207,-20.293824952737538,108.88056712014205,-21.81897870414946,3.129587036467646,0.9074485273939981,3.3779078,5.6056676
4.864752883148064e+18,4.864752883148065e+18,68.15633877244777,-39.0310642975725,68.15405209693478,-39.03405483162835,29.977055389734105,29.92708593284932,696.3408606406381,717.9546786170632,699.8665302837201,721.0486737773226,4.690751803693988,0.05573635537737567,11.096197,17.46911
6.137846679344503e+18,6.137846851143196e+18,199.7424904590375,-41.62609166682242,199.740626996923,-41.62092107239803,25.81180680266555,25.76096388818407,-370.8566864193616,-52.98762630959449,-372.6646875385906,-52.14275974418927,1.9956621859605759,0.07654860577038376,10.653831,13.328393
2.231584991766341e+17,2.2315849917913843e+17,56.38973851640844,37.11227438619844,56.3906237499906,37.11228222923042,28.62047444594232,28.512283209929983,80.63644147345796,14.53931584735087,81.34823828692753,13.548388140839217,1.2200788594176477,0.13258230209981117,15.570094,12.186321
1.1365023342695782e+17,1.136502334269582e+17,43.13899353744471,25.07911243998911,43.1429308603355,25.07537385830868,29.23584627622512,29.40455484392918,283.0143805112906,-313.8123248737195,281.58507620051614,-314.77285984260755,1.7220738193396987,0.1962728303706062,13.511263,16.13922
3.312575685471394e+18,3.309419984020798e+18,68.64759095859309,15.504503855092008,68.4626315976831,14.844319676275646,21.66896992865236,21.635396574818312,100.96281435030956,-26.81401752868006,103.08256504033994,-24.426545849169408,3.1927048107129665,0.5558977085345516,7.782416,4.6015615
4.461228611063376e+18,4.461978959028633e+18,249.41915547119223,13.67571046354978,249.3687394727013,13.68078483625788,21.92200666635484,21.83628329600584,-38.75894138926209,-246.97442659704996,-37.69743619920386,-247.6313557319124,1.2483385585455964,0.18333583443707535,16.811203,13.030249
5.879065622650572e+18,5.879064694937618e+18,222.3805479635608,-59.13204053128035,222.4540104276556,-59.14957635762107,20.626517090586635,20.563383216962,-130.0755843039333,-50.50556020976176,-129.88886247017268,-51.02398884408445,0.5510293023865609,0.15295812083410285,8.365588,12.455074
4.187837450005193e+18,4.1878369346090634e+18,293.028997026989,-11.274860922608598,293.0348409413396,-11.332501117192315,56.56573877095166,56.58714297584129,234.5873561940905,18.155711205041225,235.589853958374,22.71802588741476,4.671157996513773,0.019079318968503057,7.265495,12.532383
1.6671873551889096e+18,1.6671873551889096e+18,216.82628844036375,63.005352670472334,216.82837403654105,63.00519107116635,22.229901045651243,22.23848306075221,46.454510192620575,-31.333360098260247,45.65683198633108,-27.243908980770357,4.166521446378086,0.01737623537348484,11.082752,11.219189
2.3957454708125553e+18,2.3957450627907277e+18,353.5466192949412,-15.517391467149476,353.5251740107417,-15.539142505668632,23.176542278067217,23.13775577242288,155.6820501966692,-92.19664383845496,156.45086069005194,-93.09881584056365,1.1853201660834984,0.07578069099407453,11.346302,14.15511
3.532509621985959e+18,3.5325105840586337e+18,167.37652007243793,-26.018908800573307,167.37647476980123,-25.99103718774779,24.38261827295732,24.279878411453748,228.43540447272792,-69.227220451795,228.83194060617888,-65.38001300838798,3.8675891738573633,0.1746928378304269,17.33634,8.495732
1.252527607292758e+18,1.252527607292758e+18,213.37445502543096,21.625303206933943,213.3740195020319,21.628212046138916,24.12673666430587,24.1089367805518,-57.10523091747508,102.873737209762,-60.97886122824932,104.96665529063236,4.4028760915773,0.03067506081359562,13.671882,14.413959
4.079485939286795e+18,4.079486729560839e+18,279.50570087257523,-21.7717148277982,279.4719665494145,-21.762689407915893,27.729093850976167,27.74572334097278,-51.65524142106574,-99.68186645435196,-51.43991046468089,-100.02489354353892,0.4050123512853554,0.029800252660281794,15.365498,8.812651
1.0905448742306308e+18,1.0905448742285699e+18,127.5669717405572,62.88131917547775,127.56885285605443,62.88139483071256,20.4501371630463,20.38387203320231,-146.29556208925567,-153.9902792147913,-147.98220129060851,-154.59235202147585,1.7908778462221238,0.1589669335294223,11.982783,13.302318
7.733353572989038e+17,7.740737480765682e+17,177.82943151722154,45.26907798484218,177.70504031676893,45.566153450310125,33.74475265018458,33.77940557924971,153.4298905571439,-276.25846460367126,149.7610470781857,-279.03635192818626,4.601855110799906,0.16292992398418307,12.375418,14.032792
3.3129517485109074e+18,3.3128493264284247e+18,67.49102855410932,16.67271469531208,67.64062132435598,16.193900711881753,21.918833298371936,22.18747294665825,106.76090585888043,-28.325579500310205,104.88879350180169,-25.445976467323547,3.434664220140436,0.6794337256199414,8.859189,4.752029
3.2504580545068605e+18,3.2504580545068605e+18,57.56659003551471,-1.522831039495835,57.567810505689856,-1.522463514874293,22.61843148945748,22.58993566478617,104.28357134139723,22.997714119657235,103.11192305569357,24.9673434213462,2.291767721970118,0.05577907616455255,10.080959,6.4037213
3.9109411833001196e+18,3.91094118330012e+18,174.10032299830644,8.037452732883033,174.1012686648463,8.038780946068156,20.23436178768953,20.34709855533689,-191.857710852212,-116.49570129991046,-191.078606344068,-118.32996305398294,1.9928672853613025,0.2738288723575164,17.84213,12.83904
6.557409458825491e+18,6.557409458825491e+18,330.4086219114808,-53.09102640212832,330.4025680934792,-53.09581573700563,27.483952415796864,27.4904245633228,51.93966058076936,-505.1458115175554,52.427332322011125,-503.3993490810964,1.8132718409461175,0.009378483747979617,14.528893,6.986699
4.4800628329458115e+18,4.4800629016526234e+18,276.99035619135964,9.082493422272798,276.98364456340306,9.08691742270194,21.37531189052604,21.4662591057391,19.40040180418528,15.958987224416637,18.29222329323373,13.648693268827248,2.5623266328412657,0.19831403127267788,11.934204,14.473222
5.811003821352538e+17,5.811035818863777e+17,132.30154349017843,3.485022545525026,132.25872745771025,3.4966575622998417,32.977696569279644,32.95005143827675,-148.23814037425984,60.20908036764044,-150.44622774244263,58.37533513431821,2.870238911007301,0.034600983338830965,7.295366,13.747092
4.107011972287557e+18,4.1070120410071716e+18,280.7459960397814,-11.156354381528631,280.73956204875253,-11.149222462526277,41.37555641566377,41.39989256375489,-233.09641108108823,-253.13157948507543,-232.7951110534704,-251.10953285997337,2.0443713607681824,0.01476402075719107,13.9352255,14.175518
5.779524876467005e+18,5.779524876467005e+18,232.75541639076465,-77.64747321669347,232.75323339273916,-77.64803135172829,21.712969034834128,21.757513459034623,24.014603128292062,48.28706017406717,28.146064806806883,50.43271695748592,4.655407461572768,0.09429164576163881,14.710579,14.762543
3.0423000936864614e+18,3.042299715729341e+18,118.35642347910962,-8.655033030818204,118.35444994075792,-8.65924661315308,21.901691502108072,21.965540115231544,27.941158189595505,23.691763169625396,26.88343711875702,21.619141667978965,2.3269150721035823,0.13277006324754623,11.33992,11.59543
2.832918887518988e+18,2.8329188918139694e+18,341.1734897430535,17.904717833394862,341.17253557872954,17.904439026714435,20.846547849523404,20.82353474442915,82.48744343415959,-82.10847666769217,82.20595255310621,-80.78877160423198,1.3493919262536997,0.053019487781862135,9.181873,12.649915
4.971869092631523e+18,4.971681351020954e+18,34.1498241917288,-30.96765178517003,34.17520476438134,-30.98729098133992,74.63845724853431,74.57353168617364,684.0658696048245,246.5383984618641,684.4354712383443,248.5758508391324,2.0707046040265893,0.013530892359378552,11.742346,10.787389
2.8088634328237404e+18,2.8088634671834783e+18,11.78094083014614,27.00528129056092,11.770267363585145,27.005447601127862,22.749470734471707,22.695628984916777,127.3193814215214,-10.236949169254812,125.02347164088935,-10.596950263495618,2.3239626736796914,0.10453669590729305,12.802222,9.965064
6.485255515786446e+18,6.48525552008098e+18,358.42338129480027,-65.94803785128516,358.4157017316034,-65.94675860275059,39.57738248737765,39.59599516716777,-43.65443203327292,87.49063852079092,-42.39453502099747,84.71911102390044,3.044454819431655,0.011970298801500365,10.858439,6.5097284
2.542241758693831e+18,2.5422417586941844e+18,5.332514680767142,-0.4276397583197199,5.329649311475809,-0.4272082620024142,20.99440399634013,21.07814044590408,-24.946456894062795,17.50626665796502,-25.49028332230976,16.07869907843306,1.5276440613541467,0.18924035159578506,13.831698,10.393164
6.855818185917436e+18,6.855818185917436e+18,308.37852645650594,-22.23215823261536,308.3796235883283,-22.22961306039292,20.69603308395938,20.66621727282798,-84.8151542285284,-63.454453528308456,-83.34511047111165,-63.04237796048952,1.5267072156485169,0.0697489023395684,7.339645,10.877782
1.9351222585241805e+18,1.935133906477014e+18,347.72806568390735,45.51165714604873,347.7081098956796,45.51099625165,42.48177428625515,42.46404066124616,-87.16872292533489,-288.588946853193,-86.6457515227821,-287.1195656181114,1.5596731394423884,0.011390111394353416,14.470634,6.8045487
2.68773391328387e+18,2.687733290513444e+18,323.0694730804229,0.2541207161133505,323.0515374357293,0.2218304019337593,23.290619226819192,23.32305625587857,413.2789765314618,27.206847243998656,414.0444856017607,28.61005340015581,1.5984341254450263,0.0658090130295222,14.643246,9.351069
5.085376076015098e+18,5.085376179094312e+18,55.68627038750871,-24.467987816488197,55.69607066732423,-24.46393158334654,38.386127229572296,38.41994869599131,24.42814868887528,-374.0029768203745,29.176332197985737,-373.0885286449702,4.835438149918653,0.023361452520049855,8.779913,14.030527
2.1840343050290621e+18,2.1840343050290621e+18,310.59040927202665,56.18911771637517,310.59082549332817,56.1885052128534,26.07203480371679,26.02778101642894,162.4593261723562,308.072182749842,163.5833935718056,303.29675147841425,4.90594245243816,0.06521510543444017,12.118806,10.997732
3.311221224584456e+18,3.3127835618880686e+18,65.68440170253284,15.056327740576604,66.40598637273915,15.94090753969732,21.026355477142264,21.10764322783181,100.34236674943136,-29.289519804074057,102.95013743101792,-26.0262116770142,4.177277565577531,0.9499634978038509,8.366908,6.341617
1.6023551330935547e+18,1.6024020341364268e+18,232.28677402176936,57.412392513253614,232.2142088985758,57.44591045340776,22.58993613230856,22.70067885601901,-259.3053845183976,165.48034337910354,-260.7414806788456,164.55924407917004,1.7061055367097087,0.21956779322226547,11.063215,6.7844477
6.71922623006021e+18,6.719226234352238e+18,286.1615995752973,-36.59919267517343,286.15979344659223,-36.59953732942813,28.874725449668222,28.854137528966124,67.81289284282596,-148.83396785917898,69.5750563592839,-152.71318985836112,4.2607022399686745,0.02472721169373119,10.328232,10.487865
1.9693185261940096e+16,1.9693180966870656e+16,37.815433937808216,8.16605255326753,37.81316173154888,8.171906589440601,25.798572811283982,25.701808277998992,307.6588760075072,-303.01703201763405,312.5607853795853,-302.7122872921149,4.911373009637798,0.14599601093472245,15.740927,17.16822
3.825160137959303e+18,3.8251601336635976e+18,142.3386571132635,-4.17302140541628,142.33769990688612,-4.168047936462948,22.08719767607241,22.063236095947584,-225.1097387018759,41.74618460956551,-224.44509226108735,45.42525684551176,3.73862640665839,0.04933336428824244,14.0091,14.800266
2.6641564326144686e+18,2.664368290465455e+18,349.39470773330686,6.390134312931412,349.036059612254,6.74228226888577,48.91845965242298,48.97560660932991,170.4393155277227,-249.48691420838887,173.64242982733933,-250.61607964670657,3.396315033017363,0.18021250001438777,11.428859,11.993704
4.910041870175701e+18,4.910034311033268e+18,23.21273507384065,-56.17850860779182,23.095770809509087,-56.31091116424945,28.768932935166607,28.8023016307859,1.7236743848764426,84.74643256336343,1.3336436878153322,85.13399174651761,0.5498418546246838,0.09807698168478785,14.34339,14.142047
2.177783139056027e+17,2.177783096088891e+17,54.9538210114265,33.47341319019527,54.94912577123906,33.475183089876815,25.43431894816102,25.57120115133931,-36.116050425118495,-2.591181850803116,-38.67115200858486,-3.520906792757892,2.7189947718826435,0.21048354627058485,8.707234,11.771198
1.859794819994856e+18,1.8597948156917187e+18,310.9723999370705,31.31952034577805,310.9735450821877,31.31876791280643,24.07777221301174,24.06698041241321,11.429259518659936,-6.577088804581456,9.543966280777918,-10.631560806251557,4.471361515817125,0.018644757781471934,9.471175,12.234714
5.926497351672566e+18,5.926497386032348e+18,257.9059098364913,-49.82780968850161,257.9028228378053,-49.819990564040936,23.467575407005945,23.35137665649397,70.2631313967066,-289.1974455763296,69.02413429235307,-290.01688706318146,1.4854622765221734,0.21212676085219273,17.8522,11.638162
6.276998882388385e+17,6.276998882388383e+17,149.25884379416598,19.75389715841252,149.25810911744748,19.76236581518839,24.44723596757769,24.50157382500183,-231.6761415678781,-8.379951633981587,-231.04305031867864,-6.437505116833693,2.043013216255076,0.09091706915255102,8.216481,7.457997
1.6102362606428716e+18,1.6102362606428575e+18,218.17112608780585,55.88662342111411,218.1727575105329,55.89072455006233,23.67289208482525,23.71537517344844,78.84888304745184,-88.31576271669482,80.72974220542916,-86.73264525386784,2.458432849043248,0.07573519641115299,11.70477,11.662357
2.4122152315787254e+18,2.4122160175578685e+18,348.97219436271274,-12.37200728972549,348.93487309573874,-12.364729238294128,24.65982651430434,24.677333931135816,525.3800843294678,-244.08683043937225,524.0740525635988,-243.77724998639115,1.3422216770439928,0.03898013741183263,14.90575,11.831589
3.3094200140841856e+18,3.312613000147192e+18,68.4696324759209,14.850761740625993,67.9373303656096,15.629243097689292,21.94460899596352,21.9411429349474,101.81615258036,-25.70815437780425,103.60681970600947,-23.577862998495743,2.782917554588691,0.741836198231634,15.195518,11.270382
1.3873493794948096e+18,1.3873490659606392e+18,231.1217925864527,37.37755402807135,231.1278870642952,37.348330140822426,26.57591538063661,27.212641011027213,-149.92769409565324,89.57304686374037,-152.14871758293611,89.59346379106437,2.2211173273790714,0.8806369891526397,4.1502557,7.4470973
4.771506373074688e+16,4.772921564620608e+16,64.64158211986751,18.36458359057584,64.46150286122511,18.475053544960037,21.82099846468514,21.64021425359963,116.93174979094714,-31.225844936308956,113.17087381270306,-30.77713833776765,3.7875487766242455,0.4162621657540051,14.589073,12.703422
2.1866121100413417e+18,2.1866121057415926e+18,307.5551439888208,55.33549068514613,307.5532157330473,55.334758326994965,21.20929838212813,21.17456202743656,-55.32171577395946,0.8373012182933612,-53.6729446859264,0.773584269086133,1.6500018031353756,0.07735463062027101,16.23981,16.489532
1.2581802652904955e+18,1.258180265289902e+18,209.25535143819775,25.57731721209189,209.25569025149392,25.57705540438133,24.07198980826985,24.23105224503776,-196.40529130762175,7.248628876284457,-196.28667867962497,11.496967835480856,4.2499944550253534,0.27269904276618545,11.759956,12.066583
1.275720293256538e+18,1.275720293256538e+18,225.9894628465516,29.159466537130555,225.9885650318428,29.159004916093085,22.47330806356043,22.47387809925798,45.02501354786048,-147.10229419795968,46.71448411390959,-150.3174782950611,3.6320406897225457,0.001331581352497676,14.427755,14.028754
3.3127835618880686e+18,3.311179340063438e+18,66.40598637273915,15.94090753969732,66.52007676867467,15.041285019426097,21.10764322783181,20.8390589991997,102.95013743101792,-26.0262116770142,101.60630054880184,-22.71326170096517,3.575127285818996,0.9704011056186227,6.341617,11.470464
2.318244336439692e+18,2.3182450579941965e+18,7.233080529589722,-30.930516178960247,7.214498212617446,-30.91655319950413,27.22238370900966,27.255919285268888,-60.52431527115635,-23.0058443976826,-57.76135818652033,-20.669879044935296,3.6181025387316184,0.04719348092113083,11.606314,10.988363
1.4668725544050962e+18,1.466873344679079e+18,197.58824489678497,32.882975294708444,197.58822595891712,32.9014187589585,21.29243747345908,21.01998234241416,-176.06755301154303,1.6730227314609103,-175.88469431694617,1.6260453200246427,0.18879666145067267,0.6089377309713019,13.302989,15.604242
5.88349810189844e+17,5.883498058949866e+17,145.0734270626775,9.120887119166298,145.07132669124312,9.119767030087278,20.22682692953723,20.45715801943963,-238.72455386838635,-65.4720469522419,-236.70360858972757,-63.30544750535937,2.962831919391466,0.5566502012133089,15.434298,17.986877
7.392538254366904e+17,7.39257982964992e+17,152.96317446129908,26.796211882342707,152.91212551834522,26.874496394507243,22.675956400978517,22.87727207944984,130.151464656548,41.61199968979011,130.14969555705545,41.98836503411789,0.3763695021172454,0.39422548252414563,17.72068,11.284837
2.882262637208152e+18,2.882262529831237e+18,359.7878793048435,41.20061473923188,359.7790627636934,41.1705733314189,24.51718655081609,24.43386404208661,79.54688344559302,2.8793854405670394,81.56261289823047,3.9334272853320975,2.2746800734929247,0.14081070659612782,11.456048,8.004656
1.310147789025318e+18,1.3101485449395638e+18,256.37645329154566,31.032474764149065,256.3688155853163,31.03241315047622,20.793979112860363,20.80347210105779,17.7438392843137,184.5532361881733,16.748814904105874,183.69561426139407,1.3136167197856712,0.02262151672042627,8.832271,14.277744
2.7564614645582623e+18,2.756461464558263e+18,355.29512301449114,6.265262704191175,355.298146090666,6.262736401657285,20.023334351072126,20.038341441222656,79.55370349474799,-12.017718746026782,79.06957917244638,-7.724106045418854,4.3208201052885435,0.03755839735759163,8.39538,7.624326
4.3681031029256545e+18,4.3681001479881544e+18,259.52010906839786,-1.2855908438540264,259.520782222777,-1.2880759993657032,22.701931884157226,22.637675729455683,-124.03848062900472,-133.79443142827787,-124.96328608845356,-134.97346901238652,1.4984641345614884,0.1250473960228796,9.174494,14.449462
2.431778257856471e+18,2.431778257855771e+18,5.0455220448473534,-5.729281408210792,5.045983145288624,-5.729118063219981,28.77095364506299,28.930603984137804,294.7542882611143,35.34582979860324,297.641459427683,38.0077260342026,3.92701526788013,0.1918044150611128,15.74812,15.491854
2.1643783700453652e+18,2.1643314346395612e+18,317.73742225432426,46.96455438009146,317.7434269669293,46.957528617238495,26.255373238719105,26.264009309732536,-238.08336631543077,-311.17271075584904,-236.627628410754,-312.8271596524082,2.203718221197669,0.013640775330097799,12.354017,12.67976
4.314903404672033e+18,4.314903198513596e+18,292.41088932172875,11.301837142124024,292.4111297688326,11.298326063471617,27.41725114730492,27.32572636218529,18.75689369251696,99.92137590002233,19.04063123506089,97.79263051735016,2.147571627978198,0.1221845628952075,12.914521,13.490742
5.228633099649875e+17,5.228642720413513e+17,15.668950820681058,62.345451222893885,15.83964458528098,62.36589259248621,101.42379529598418,101.37235858535028,731.0879947758527,90.53173556175588,730.398009578876,85.9667043087498,4.616880972363196,0.014941375186765667,8.671337,11.927245
4.799007688445126e+18,4.799007688445126e+18,82.19771438273072,-46.5456990114697,82.2009906105583,-46.54558187518976,28.75024680738704,28.690286812542787,78.97506620426904,111.82743487694742,78.28182213266118,109.23597137012317,2.6825865223737546,0.07270468045403998,8.882414,17.128124
5.247652030791334e+18,5.247652035090448e+18,141.98867690564867,-66.10367419067487,141.99035641341106,-66.10261732545234,26.273626972606912,26.276655917673963,37.70432508645996,-69.34001079667289,37.37205500940406,-71.51566648664793,2.200881888113836,0.0044660749377066185,13.545523,8.630937
4.763906879239462e+18,4.763897739549071e+18,76.3774682786158,-57.47218051585344,76.44711331099732,-57.55330088519308,85.52329311905011,85.53008720973203,-31.90284638111717,117.94036172750552,-32.6284784475402,119.50834733767653,1.727750204608499,0.018253028109946324,4.550013,8.285325
3.5205859681377894e+18,3.520586071217873e+18,187.4610665430532,-16.521496767357885,187.46509027380264,-16.51605134463174,37.351251908345816,38.05998179765627,-211.1255425611685,-136.261146947825,-209.27622914351525,-139.1843207728625,3.4590324265748857,0.4985576064550973,8.178585,2.9649055
3.3118838177788206e+18,3.311038666998173e+18,65.15179237979066,15.095358731795551,65.84974595899124,14.427849817287893,21.089906328443732,21.16004577091608,108.44328858667495,-21.17075959243724,110.94351874539676,-21.13552582176292,2.5004784072608977,0.7998488313524595,5.2019286,13.543492
6.387058411482257e+18,6.387058411482257e+18,354.9154985453436,-69.19605237935818,354.914601194231,-69.19459641431686,22.63674663857418,22.65239143465871,79.52919795813374,-67.5510846814538,78.13338707723472,-65.84451905808592,2.2046891486323186,0.03053159291301088,8.341437,9.406731
3.6995573240811233e+18,3.699557289721385e+18,181.91604971743024,1.6014650329907365,181.91351862592103,1.6012552405837672,23.86447479781581,23.808898077710158,-210.0203736321803,-166.5271218976883,-214.19481087349016,-164.1838298756334,4.787164482474013,0.0978318236635429,9.384207,15.154391
2.1184295385702098e+18,2.1184243502497088e+18,278.8666084069852,45.762979999016885,278.82950726264227,45.74565421210253,64.20993840996545,64.23584173579249,456.42624989652046,361.29195006938784,452.36175503345856,363.4661211513408,4.609461832519835,0.010540532241464975,11.754142,9.107278
5.447414606155987e+18,5.447414606155988e+18,156.94842023120157,-34.399654225510965,156.95944949318158,-34.39797889997516,26.517875131362448,26.498657047389,-120.76932559855628,-39.04547163753921,-121.48633333676396,-36.51079208519464,2.634141326831833,0.028019776268267897,7.375125,11.970088
2.4800447267150515e+17,2.4800447267128166e+17,53.308984280240246,46.25450474632456,53.30665222103086,46.25659433322781,27.48085387139924,27.48242694756312,68.90232736097906,-172.5846849639144,68.67892438160673,-175.4618361018756,2.8858114217432527,0.0026736198481883897,10.496969,8.016284
2.1945701346815918e+18,2.1945701346826289e+18,310.0746668125664,60.50609153866189,310.0866376138647,60.50913187697128,30.05655052560772,30.03262705583916,12.765681959715124,185.9760259061948,9.586486045731604,182.42473608290007,4.7664395588873445,0.026781299562972167,5.9106083,12.818431
1.395479370331966e+18,1.3954793746283914e+18,229.84099775383905,45.96800884867167,229.8406710382903,45.96791324861413,23.587153109902456,23.588109018015903,-135.0081152106035,193.542400354162,-132.63794603702746,190.4829966404144,3.8700972849610324,0.0017277420317842068,15.692663,15.881691
4.244551982150533e+17,4.24455198215055e+17,12.810871714492333,58.66830284121956,12.809623615496196,58.66498897336849,26.56575817088227,26.660988885577957,389.6318789161877,56.134782916843946,391.17478944321823,54.26495064241998,2.424220622983625,0.13447373715000227,14.667323,12.845395
4.130046225494258e+18,4.130046225494257e+18,250.65427935659287,-20.49808431148992,250.6540408216717,-20.500622502754567,20.756264733780345,20.6671260273252,-109.84380015755352,4.364596180588411,-110.7607495912996,1.91699111821754,2.6137266125956584,0.20780702368133955,13.375909,15.667341
3.9695525747637996e+18,3.969552570469132e+18,167.13305690243368,15.765946402408549,167.13334507612825,15.762655747582812,35.50420171235969,35.61221357558744,154.61165829318344,-375.86192788274457,151.4182193600197,-375.9025023054338,3.1936966830966558,0.08544190051733079,9.297386,15.536091
1.240498331609669e+18,1.2404984003290952e+18,216.3761343789239,20.587574701543083,216.35851803362897,20.593478059101397,22.878308907626188,22.852144635618124,133.2338738904208,-581.3437423177572,133.23270306316323,-580.6154339548162,0.7283093040503165,0.051799853206582126,7.1206465,15.524272
3.3111488286158433e+18,3.311038666998173e+18,65.88522390284595,14.67039844789645,65.84974595899124,14.427849817287893,21.47606756520902,21.16004577091608,109.24196419712032,-17.947133876529186,110.94351874539676,-21.13552582176292,3.614018687997001,0.7237616758420368,8.887173,13.543492
6.066073515228125e+18,6.066074992696875e+18,205.76054155772997,-53.31531317125084,205.76945767233067,-53.31512601137978,27.170942473650094,27.20793047360913,64.54949334359122,21.26166165883205,63.47838903199376,21.969236431871607,1.2837158976053316,0.05015031165623862,13.490109,14.883367
5.988402639481532e+18,5.988402639481532e+18,237.56822824318428,-45.40186445883686,237.56797581660615,-45.40265387475611,21.29887668685069,21.512265253564035,39.61703370361611,-33.54254179118348,35.09507575262615,-32.34296268896242,4.678364429264438,0.4657241284727235,6.0592866,11.002656
3.511580658668407e+18,3.5115540298711675e+18,198.54015327777577,-16.559348923387258,198.54163019206777,-16.60566374030565,21.587244249035237,21.654686820580267,140.2381317495081,-140.04825486245915,135.75695841945242,-139.6109102788093,4.502464291790697,0.14904294850514374,8.633933,13.783266
1.421593566062037e+18,1.4215958638691366e+18,268.3829684310396,56.87299266128546,268.232227731368,56.90315937868451,29.06031538624813,29.294456181433336,93.69808562980208,78.91420818612886,90.77817359086282,76.58631937159889,3.7342941298130454,0.27999537107676004,3.3842714,12.122371
5.86791612804767e+18,5.867913207517354e+18,210.9592242274317,-59.39745128666863,211.00128346067245,-59.40092659050551,33.10299205304444,33.059529437160386,19.97634671068647,-493.9630763709134,18.492822351433237,-494.505432249452,1.5795551346765488,0.041330630629972887,12.863193,12.844505
3.912817907913991e+18,3.912817529956869e+18,175.06859216393633,9.511667015104145,175.0861846849563,9.512151734625329,21.93627208754844,21.94331082678901,-148.43681461895756,-93.96443603671858,-147.36165250408214,-96.07321602046052,2.3670501881231885,0.020111831717394685,9.41283,12.528492
4.2673276783073574e+17,4.267571976084439e+17,12.590447443396036,59.38805261391977,12.61599965615356,59.50163103379674,21.36705652108999,21.354934958773757,162.61274356130468,-157.53741805885758,162.69189907715474,-159.99734410150583,2.4611992465033308,0.09710999654728358,12.845303,9.811787
4.678058007774728e+18,4.678058729329232e+18,68.77104280699511,-59.64664634042998,68.75467768509986,-59.64153580731399,21.605301584693557,21.54936387407313,-39.59653026552749,-47.12547723005993,-40.99831654858091,-47.856009233076776,1.5807219207654855,0.12040324190575012,12.796085,13.374757
6.043895811637471e+18,6.043996352536305e+18,247.9144604614416,-29.13129400124553,248.11061580470417,-28.89012032860848,28.580586539646237,28.360041075005796,55.06881025478741,-75.17753051165558,54.21755182147239,-76.37738937624769,1.471156760930058,0.3270382224760459,11.68185,12.830369
5.467976706247886e+18,5.467976710544643e+18,159.23383037342327,-27.992597452353515,159.24008900407114,-27.986108792044615,20.88362064669644,20.883924420755477,-64.35074271969094,67.8700316671786,-65.53079892255491,67.40843386811349,1.2671247649775728,0.007157153067456004,12.088423,15.000077
3.96988576114675e+18,3.96988576114675e+18,165.57507083531223,16.508545998788886,165.58037763161838,16.50752079294545,38.98973299981673,38.99272769520145,-17.01755299371196,-167.5096610620998,-16.591537889547972,-163.25315073395075,4.277776179583907,0.003045936910576954,10.744586,10.642384
5.155076110963561e+18,5.155077171819067e+18,50.026831572864445,-14.95654576709877,49.97401646508453,-14.931763805946792,20.302117058205035,20.65405418168142,-26.75120039225791,-254.88086989346397,-27.033913125586096,-257.90369382595486,3.03601564825111,0.8406938963213669,13.033349,15.174283
3.084714613719967e+18,3.08471461372011e+18,120.31759463395323,1.0764860799639375,120.3173814350136,1.0773892018977855,22.11558368819024,22.05827527940749,-55.075208229818514,-51.819207766587006,-50.55219228418537,-52.888774922228045,4.647757216645227,0.11747808318092415,11.073158,17.05401
4.4070568070346496e+18,4.4070564290775276e+18,244.0811324415975,-1.6480008441971306,244.07676119739853,-1.651699334033288,22.409978294787862,22.376962373827247,-124.19923663751553,29.39469792002644,-123.77448542742664,30.21226704178239,0.9213212573911258,0.06598964418917123,6.959381,10.545745
1.3954535017453018e+18,1.395453501745302e+18,229.8353843688304,45.62118048756111,229.83146785886592,45.616489415093525,20.524485029353045,20.520039104713813,-152.69527003060892,-209.25674076490043,-151.3625591818066,-206.71879791089816,2.866578472098152,0.011522991512910837,12.038259,14.3756895
4.089149512557369e+18,4.0891495125573683e+18,286.74725900938034,-15.362680930608594,286.74725506693244,-15.3633715918391,23.34325361967769,23.371086342450884,-3.5108828564662438,-29.761431388358844,-3.689604017466817,-28.82281206521912,0.9554828555032596,0.05101966775968885,15.395109,15.261259
6.592175672898801e+18,6.592228857477148e+18,324.77586106023705,-33.67903845439806,324.5609307234869,-33.50602374005408,22.68622707719589,22.51549622840397,70.95811713154431,-41.71533276092068,70.66136579907594,-40.931170419507154,0.838434213884966,0.38560157170410814,6.0370874,17.168219
3.3075042224475873e+18,3.307516660672932e+18,68.10736950520888,13.113150564848766,68.77368125958311,13.173594071494676,21.33021990255656,21.412135174332253,104.4183193016359,-18.568574281999176,100.72156144527855,-16.62055111378016,4.178613754878268,0.561606073362814,10.519593,13.70326
6.879590383224917e+18,6.879589661670402e+18,303.17469141125554,-13.202646796850727,303.2072002311522,-13.201572369643038,24.568162002020717,24.51785320614299,168.17134950705534,-221.5505684222788,166.68528085438612,-221.0626650311197,1.5641130903968017,0.08650252856562575,9.515771,14.609854
3.280777980995154e+18,3.280777980994384e+18,68.12702746467656,4.138758280410883,68.12631038060127,4.138580731253614,20.876728405725785,20.87998441523634,43.57194345069159,-170.51640166539008,45.84816224352628,-170.85024673456277,2.3005704777434524,0.007494885996111052,10.73069,12.179598
2.1766023279776077e+18,2.1765962119441006e+18,317.3323401190649,54.38124106525187,317.3080099320557,54.35302528192784,23.51182726258387,23.486332268788964,182.66373381556335,-71.85442891741292,182.49865334018256,-70.58561953410121,1.2795033468232027,0.05178428673952201,12.7694025,9.454676
9.686866877167807e+17,9.686866877191359e+17,93.17777582182843,47.09209055486043,93.17701742493624,47.09212889349285,22.86835416038187,22.817394919218884,83.86934376621336,-109.77419580652357,81.04818629359671,-110.82624448744258,3.0109360525132693,0.09766198486836015,13.942441,10.116248
4.46992148744171e+18,4.469921487444002e+18,272.4751193637071,3.118971427447026,272.47472688343106,3.1170190233747705,21.694166262448224,21.637534202289544,14.000514577989598,-192.8868998740248,17.676684836845823,-194.3021789848215,3.9391931576855312,0.12065630371786573,5.5461683,11.690263
2.478001486169801e+18,2.477815222028038e+18,24.230680617429517,-6.794333571507654,24.398547155959204,-6.760861184078484,41.69892726044635,41.56362142958949,173.89301818462508,-99.90145357695324,171.7982428481434,-98.1452316742261,2.733568927601888,0.10571388451801897,12.708993,7.4655304
6.895305771635806e+18,6.895103083539483e+18,317.1817230227791,-11.17108899697837,317.3989590718655,-11.371759260894493,20.166951009041863,20.08423398647973,92.76026986476084,-16.364731171360813,93.61301204071088,-15.49356969885579,1.2190535385376353,0.3257701261452753,12.962464,4.2510796
6.135390572230103e+18,6.135390572231042e+18,192.47596586822183,-45.08440624633643,192.47712203581395,-45.08138835894813,35.778877943580625,35.46122163868278,-141.14434216413062,-121.95052698663532,-138.31269232359472,-117.94540044642768,4.905025934944955,0.25037167756116535,12.024935,13.3129635
3.3467879862015846e+18,3.3467878831223757e+18,89.01601210041528,13.922768938376445,89.0100431858268,13.910827232533812,36.44736649873669,36.531953076566666,372.93270666356494,-482.7948216083416,368.1237310858914,-482.5849307731262,4.813553808712236,0.06384402478123857,6.46059,16.928003
1.6612322971337574e+18,1.6612322971337574e+18,208.7318646212492,61.3673541330369,208.7354364361642,61.36782548495509,23.269870020909465,23.24449761704844,52.84009163316757,-114.86672383154252,55.04358819633392,-113.04804637050124,2.8570937701072174,0.04692697769915831,13.617759,12.244694
5.294553833874248e+18,5.294553833875028e+18,120.5102100463997,-58.63979593317288,120.5097697844504,-58.639682576545766,20.91751554401492,20.53392177816148,90.23883557466726,96.94562837625104,90.97190058562067,97.06137109596912,0.7421460014389777,0.8930783253961523,14.559965,15.059008
1.77045826327366e+18,1.7704582589786783e+18,323.62665875989387,14.226413496514514,323.6259345199068,14.226827394523056,29.657717203485845,29.482463744012573,225.75298061809283,57.24670823111444,227.66011953261,59.544386458266,2.9860515860902375,0.20043167572599596,16.332905,15.813469
1.067118267170969e+18,1.0671182671709686e+18,152.81795985046892,67.9142672420658,152.82687696636845,67.91363261682848,22.957818733173863,22.976067021158496,-21.74313259012656,-96.90355649085586,-19.666777999854418,-96.4177755893519,2.132423848302723,0.03469224907649907,14.282057,9.43798
2.6312833714054e+18,2.6312834744850263e+18,347.5922313977572,-7.81544489549573,347.6036088830777,-7.812598695240095,27.20921961985822,27.234823479895336,142.1808765453302,-136.51639742310087,139.67146251348254,-135.79524624599077,2.6109802380487652,0.035346182093672934,14.958255,7.1886196
1.8803174793915602e+18,1.8803174793915602e+18,337.97642795071334,25.44944570759204,337.97409789870005,25.452882429472268,20.98971485633933,20.88884449206207,194.97209528081828,-256.74976537937283,192.25618314332303,-258.97824102747416,3.5131584724823672,0.23008532076193194,11.9219675,15.896926
1.0673906711773509e+18,1.067390671177351e+18,140.94738622256017,63.96108479407169,140.94651754726428,63.962783118500624,31.337590004804635,31.35696733852941,-13.608989681465903,73.98436418522564,-12.593221944994614,78.22319801568496,4.3588411690152675,0.019743230240350382,14.639729,13.4436245
2.66301599853791e+18,2.6630159942428954e+18,345.441964151285,5.165723024173854,345.4464864245679,5.178553261394618,20.13200371920014,20.13047249557596,-60.96910480463336,-82.85825366242133,-59.25012385541081,-80.25262345704525,3.1215708018493324,0.01237961692030057,9.663118,10.5799465
3.640929611741606e+18,3.640929439942913e+18,213.5874176615816,-5.947353997630652,213.58447217556505,-5.9523989425262585,24.33473826232561,24.246718311356577,-306.0111320544626,82.36968552749168,-309.63745224437656,85.28797576909531,4.654741244582392,0.14923574556614344,6.2313066,13.715511
4.615830494366078e+18,4.615830597445292e+18,69.11653570398047,-82.58150677463924,69.03149998165823,-82.5532968721777,22.112537984785536,22.113917861659537,172.21809448967198,147.0016319588447,172.31951463510956,146.13919290477162,0.8683819251291851,0.024064111835706555,9.230737,13.595669
3.313978112552491e+18,3.3137782075943956e+18,66.02452121402943,17.443985101312077,66.81983230907242,17.241711375171782,21.61924104437301,21.81444620546993,110.58004635581656,-32.8087266938356,107.51215513083208,-31.586936720187342,3.302230656396397,0.7549758151861353,4.7558556,12.13662
1.8715169196203374e+18,1.8715169196188124e+18,315.5892009829458,37.652797556772455,315.59082703034335,37.65287449237242,22.251520417757995,22.297888199292768,-78.53843989424044,-218.43621289064805,-78.92543212044002,-222.99854805370163,4.578718720687481,0.0934583870588592,8.380834,8.23943
5.986270201075256e+18,5.986270205398356e+18,236.1990612323716,-48.073990678721934,236.1984082198146,-48.07277726329161,20.84648093980073,20.850317179066163,-161.20023161741406,-88.71557470414498,-163.77218329642943,-91.65972701474796,3.909343713108226,0.008891696546246912,10.364924,10.290465
6.780778991220781e+18,6.780778991220623e+18,317.05530017119605,-33.52291359561433,317.0524771439526,-33.52799523127367,20.15334399115821,20.213217009552636,0.7300309312548237,-110.27940114222514,1.042295312366825,-110.14050083129462,0.3417635733776456,0.14705649292131825,17.303534,14.046656
6.146899611411104e+18,6.146899611411059e+18,188.94255270631973,-41.02544973952035,188.93908409685528,-41.02194571158373,28.394692673963718,28.44603441898128,-110.70664016039736,-1.077144286549846,-107.24347375558548,0.2305265557455418,3.7018271946711825,0.06362078721126135,13.841067,5.066792
6.310576382654342e+18,6.310576382654342e+18,224.1957440016737,-13.818170864444715,224.1956144079286,-13.817703841990095,24.485172806238435,24.75174366265703,-214.35461543781287,-20.997403857564304,-218.9712443220083,-21.023952689732635,4.616705220704151,0.43984922097069973,15.078226,14.918792
6.858354072045652e+18,6.858354106405444e+18,310.3963783616844,-18.996045299199636,310.40133926057206,-18.989615192183653,20.07356325730248,20.16422532854781,-34.81452181438866,-2.19768911128545,-36.75374236903914,-2.813672086772748,2.034701792811193,0.2240917555941802,11.589323,15.948449
3.562650151984292e+18,3.5626501519842924e+18,165.09099283865868,-16.004420845122322,165.09512085564296,-16.00353660683038,21.85874865879743,22.00048072787699,62.213023689452186,-60.1812601243922,62.19671603579693,-59.06950577459354,1.1118739469310333,0.2947384736016826,17.911566,17.615553
7.068113304065722e+17,7.06811330406572e+17,131.4667524281158,31.12460898294013,131.47275356126207,31.12136229868788,25.73029517300604,25.68284532895409,1.973544716800184,-153.36528726617755,5.0226766548249415,-150.17705529597407,4.411578931778298,0.0719221635308983,11.973318,10.397088
4.8058633195574246e+17,4.805862632362656e+17,86.43934393457026,66.64112808126735,86.44541133888771,66.63914340833787,23.9627085896849,23.91092727257456,20.85246769631935,-145.19688377711788,23.928329263037146,-148.54806073768424,4.548770317200293,0.09040203560852379,12.940628,13.035668
6.882838031333427e+18,6.882840883188887e+18,314.0116622464877,-17.181889317164853,313.94890428608846,-17.114444584368027,21.69901217194057,21.78147429514428,57.31734482802342,-62.20301309641886,55.72991391215629,-58.67321031884403,3.8703287407177362,0.18891844030021965,9.911375,7.131465
4.143356024224819e+17,4.1433309416157926e+17,12.687078545107894,48.26040462565598,12.734595545818332,48.27536450073013,22.236215927497728,22.276448986294422,-30.77117165223998,12.22988984467109,-30.65522123260687,11.796285946979372,0.4488394366658793,0.08573182131847763,16.186104,13.642807
2.2571398710826204e+18,2.2571403864787016e+18,279.21385584921654,66.89098638402615,279.0985052408487,66.91298945959863,27.8183093715134,27.804249530455785,67.50339913283761,-56.61222290519701,69.28484219683656,-57.17618781131624,1.8685812279919862,0.036436104283070356,15.073249,7.4282885
1.940553742888216e+18,1.9405537428882158e+18,358.1895236306199,49.13608123873896,358.187904917048,49.1357691240276,24.119358022206367,24.075508270706376,-226.65877953341743,-51.11784914010759,-225.584526597078,-52.36438690009876,1.645562444369007,0.07551796503123545,17.12437,13.334959
1.6310101584603272e+18,1.631025482903504e+18,258.13590973328985,62.87454322945575,257.78398226599325,62.95254439393535,22.847201312584428,22.866870458548007,16.410101938992344,46.88333871667173,15.65736408403566,48.17722887008544,1.496918837942042,0.1411979498602487,5.5063004,10.737388
7.860130012450586e+17,7.860130012442148e+17,175.34768583796716,46.3741995058198,175.34806297088403,46.37418002564348,27.34128724898651,27.17066857179565,85.45248258757803,-32.08726883515184,88.62221373118393,-34.364581831192666,3.9029924423039333,0.22967165656476385,15.345535,16.429659
1.1819182418671194e+18,1.181918138787905e+18,224.2079767267551,12.752516242695147,224.19571810507625,12.755957149214678,29.438154738697275,29.43061362338702,-277.43809326657305,187.06001913605104,-281.43638245785166,187.1664504578748,3.9997054995787575,0.011409883518368398,12.437868,12.382635
6.357834388848709e+18,6.35783569451877e+18,336.6860782586359,-75.06176238267221,336.46413245764546,-75.01563081404817,42.63678969136171,42.72192096886215,58.73938064015694,11.779124547360396,57.38529395768413,12.835343766700708,1.7173088781445467,0.05558072806505376,16.7983,5.9771047
4.64982823163945e+16,4.649828231639424e+16,59.924858160700616,16.941086796458336,59.92594336936887,16.940633327085227,22.51244857387524,22.560717858850875,128.3850670182315,-52.01708683170595,123.82777850729224,-53.27810329742692,4.728534772924733,0.0950415961270401,15.947894,12.6925535
1.3821980987980746e+18,1.382209815468859e+18,245.9653274802845,43.06788015863556,245.95542396900055,43.07070304911934,20.2738171141982,20.002445407631477,42.70363174932518,-46.79982478856839,43.88114281603366,-43.43154763206659,3.5681680615173894,0.6692184637307458,10.606077,13.561688
4.1260806993714e+18,4.126080699385398e+18,255.1157902855421,-22.12780299741786,255.11617360339736,-22.131483326695047,30.366631094804458,30.070171068007067,-81.88625370697785,-471.5930952235641,-78.79107221201049,-472.3233240987527,3.180154508345098,0.3246706468213358,17.886023,13.037676
4.4264878231972506e+18,4.426488441672541e+18,239.3048153394378,5.093699354126388,239.31152504953815,5.111193685462531,24.467541260678097,24.454910198201908,53.49179316166219,-1388.0988268350593,53.16906829664166,-1389.3794752426552,1.3206860650360503,0.024983389907169282,14.189628,12.528455
5.570812796140506e+18,5.570812796140505e+18,98.50455525888697,-40.12116447751557,98.50367846118108,-40.120007021454825,24.95160469735312,24.97611328583848,-193.47080294913653,101.30919549576768,-193.0404955870126,104.93629549214776,3.6525359422787944,0.03933849301926886,17.446733,13.850975
3.5500818793815936e+18,3.550084490721712e+18,161.87921047465653,-22.34815777582912,161.8551855706436,-22.286846789386907,29.83105227747621,29.799400117914608,-124.61638122980818,-28.184942825136016,-124.58248597196528,-29.616711232597915,1.4321695643708598,0.05220340073438749,8.166853,9.504441
2.8220358570038794e+18,2.821988921601269e+18,357.35374560567374,18.990690231004184,357.3594286314967,18.986724737079584,22.52537496294444,22.55383683912917,57.63603722833986,-28.920846400942825,58.16476012462275,-29.92550145459973,1.135288367725191,0.05626178276532773,12.880037,11.302773
4.819073994842918e+16,4.897737179895437e+16,65.45715988181011,19.48555339782339,64.76349608728894,19.54416507668267,23.617976590783137,23.15525128761623,125.40901399127284,-35.864619672116376,124.0352746848689,-34.86756842243287,1.6974306691157217,0.9777190696875848,16.695667,13.95013
5.796674577807917e+18,5.796675471162119e+18,217.62791561806017,-72.75914700589365,217.65325602292668,-72.72760084513807,20.09334607613022,20.09039432875609,4.38492050454267,-29.147023795387707,3.744519193785486,-28.46753948516338,0.9337091445737002,0.029104136686975552,10.494567,10.572736
4.957295272164754e+18,4.957295272164755e+18,31.976979407866665,-40.872557212812055,31.981436968437063,-40.87654798552273,27.237170984249783,27.26846655354845,-118.4732109774697,-225.6658659259768,-119.79466675497244,-224.1777208713751,1.9901811664848046,0.042269254345068924,14.230357,14.371615
3.735557430718857e+18,3.735557430718857e+18,192.92310899642877,10.995458554981504,192.92322288124552,10.994941450795032,21.758816759401725,21.586326957594345,56.60767039397355,-12.491894001327967,61.23257366353388,-14.273214356301477,4.956090441046527,0.36723975570638007,14.080452,14.876594
3.410118477275889e+18,3.409875592581587e+18,71.51173180643754,19.46816920634623,71.54064277007757,18.95760270811788,20.113745166945517,20.317514444224592,85.1733272274157,-35.7229737604877,86.24019357197089,-37.73674519137691,2.2789206157762836,0.665952529220379,16.80169,17.659634
2.827483627881425e+18,2.8274836235851274e+18,352.48079406068706,22.19600109880794,352.4829414075581,22.19415495905027,28.13560424135866,28.105678151565957,308.45929744034913,81.16988259087685,308.2421427670754,85.64136158476012,4.4767488811484535,0.03788167563197649,12.201483,10.083755
6.216201962451383e+18,6.216199527210448e+18,218.0758531073708,-33.35004364460598,218.0208259311532,-33.44086310111212,37.91175316626759,37.94721792810027,159.81487703180733,-83.37036073887083,160.0777846031378,-82.56597445920539,0.8462609987331818,0.052925050344158175,12.619453,13.588049
1.8539016094613576e+18,1.8539018156130673e+18,322.0350815524067,32.22568498535472,322.035875499954,32.22903399076714,22.464510525075056,22.55828941352552,133.85704514877875,79.56505380656154,131.75726789375204,81.26799906616219,2.703532333434138,0.18507443017281877,5.682198,14.291837
5.967524696047199e+18,5.967524696050891e+18,251.9004115899253,-43.17314357494893,251.902887098438,-43.168695437473616,21.71255726753693,21.936213530513218,-57.87361831415752,-112.8273203899024,-57.724328680719296,-112.62772992046747,0.24924636434935601,0.46959442932332934,17.50591,13.584649
5.354913895517946e+18,5.355210969819846e+18,154.6560483556092,-56.109878865825344,154.6929061380151,-55.670246151527145,27.94693352653671,27.92391871412538,-238.85321629853985,115.82063771667332,-239.58093915553735,115.90201728599165,0.7322589643691937,0.2765502574201068,5.694129,12.867345
3.309419984020798e+18,3.312564037520034e+18,68.4626315976831,14.844319676275646,67.96911967367434,15.49937349658422,21.635396574818312,21.871807832755163,103.08256504033994,-24.426545849169408,105.36486514556807,-24.24098903749085,2.2898308017590843,0.8196670122155165,4.6015615,10.49808
5.90814986984944e+18,5.908149869857335e+18,223.31108196489035,-43.75075254976508,223.31275800603717,-43.750686880408175,20.27201493802873,20.258154099616227,34.790764184817064,-179.9637420639,30.85902591081653,-178.72352291651066,4.1227065610824,0.03376762176418325,12.862049,9.105423
1.0284328052458685e+18,1.0284328052507313e+18,126.71244985082495,52.177889098187016,126.71924896803472,52.17633202001741,29.285742437683123,29.301661939829053,-29.861835219857483,106.65221089791046,-33.55855670584454,105.45254380185162,3.886508830084477,0.018740138655080705,9.701757,9.371654
2.4478152534233247e+18,2.447815287783063e+18,0.0470872245600495,-4.054136133682911,0.0523175631668508,-4.053572080339174,22.54115736274241,22.7829667306099,-117.81057718560598,21.31318153603385,-119.2877140626342,24.12190658187199,3.173463366197117,0.47087174688346545,17.780184,10.441756
6.154240741311258e+18,6.154240741311259e+18,193.64164868825205,-38.18972820848283,193.64837266536983,-38.18666099577019,21.3108384437936,21.354684332049157,144.28487910460996,-37.09635550103626,144.42937048741018,-36.80280309065983,0.32718615090087805,0.09647594705376958,10.716102,11.158071
4.5929100749762816e+18,4.592910105037219e+18,273.37904975102674,32.807908714808185,273.39672322216785,32.81138744330024,22.53543493129542,22.614771448760504,-187.3959411185577,-176.1092541743277,-186.90314387881995,-174.0266068297516,2.1401563217118245,0.15611978855646977,16.31045,16.929665
6.143165291967835e+18,6.143170617724394e+18,182.7419623039671,-46.32123591977102,182.74298720624924,-46.20100712162768,27.98687615631408,27.98154912698854,89.41545780142603,168.06500413418232,90.55115049383664,167.9106814146396,1.1461297454310868,0.07529391516738715,7.3835416,12.10675
4.987736999629756e+18,4.987736729049009e+18,16.88471330705866,-41.74698313763806,16.89853443336486,-41.76736603336126,29.75538362553277,29.751791189191508,195.52714165553735,-63.482146519035645,196.31753074843328,-65.34566522431905,2.0242077173822834,0.014000079094322814,6.880378,12.728051
4.5347470437467126e+18,4.5347471124661965e+18,285.298801840209,25.843983372084352,285.2960541948914,25.849803735483057,20.038491205946556,20.432179006216067,-6.214234270514123,40.04796038852266,-7.248064401286684,40.55156327480842,1.1499654805117239,0.9615663165173564,12.982521,13.527778
4.4621355019970657e+18,4.4621356050762813e+18,249.8275087384042,14.391879294420354,249.8316048024706,14.399688820961629,20.484041635068504,20.44599936390817,-49.95339931501277,-51.66198006127308,-51.535567799647325,-50.38361352387647,2.034079181769039,0.09113942751969856,13.555641,13.376523
4.100608382238921e+18,4.100608588397364e+18,283.8822134908793,-16.381347099377102,283.87906562461984,-16.3774574395642,31.78775110614717,31.685583728847387,-26.66241610224487,-182.5339497862144,-26.658375099646857,-184.9152792449784,2.381332887455925,0.10147182187096114,11.611575,5.4423018
5.279010553386994e+18,5.278997561113174e+18,99.84393926463788,-69.56902204638786,99.78603080126612,-69.65771706269835,24.50880665925738,24.466194945424878,79.16329361298914,234.3111005967645,78.70468647962821,233.1635572651834,1.2357897072826576,0.09619230023285041,11.883692,12.616486
6.854965411571898e+18,6.854965682151029e+18,309.876792518114,-22.497059776396856,309.8596316659418,-22.472824160439163,20.833010954754283,20.703386487916084,281.75222933830554,-168.58039999364289,282.27929421288945,-168.552609458253,0.5277970214745571,0.30151792173335623,11.122928,17.826742
2.315841869173294e+18,2.31584973755338e+18,6.960399431589031,-32.55690077270133,7.0603855532899535,-32.46564843527728,28.590687724876755,28.564846889620707,112.46220003211968,-44.50097972386254,112.01153177066762,-44.58152332681823,0.4578090801385557,0.08221165646750118,11.916223,13.443494
6.785069697908285e+18,6.785087461893043e+18,322.9345487096845,-31.103734922442484,322.686222928356,-30.957244042279164,21.562203232380536,21.658016287613357,8.799237077813395,-210.6877333346825,9.5265141471737,-214.23589065081865,3.621926597222511,0.2926218607152419,16.091084,10.432096
4.9579856967472e+18,4.9579856967472e+18,30.68873402743569,-40.95114830947831,30.700910678570057,-40.9471505549954,30.54487385908192,30.50893499882772,177.41460911755968,-62.09599957005672,179.69424515418766,-61.98091490223759,2.2825391432043287,0.03898936194075713,8.713101,13.340029
2.6397056648350956e+18,2.6396996518808827e+18,355.74866281119864,-3.097546411124785,355.80158626335015,-3.1937519043326903,21.35413326931948,21.131348886483543,277.40008722405327,-48.20949100385609,277.20480926437614,-48.17716757863021,0.19793505337356182,0.5018832642441527,14.771917,16.465845
5.073246882211823e+18,5.073247191449469e+18,44.9016521506297,-25.27375871057276,44.85027464447148,-25.258529887304302,30.018410615454897,30.106239521486437,181.302904259058,84.29983211391051,182.8802987710388,86.97198268727499,3.1029924481311975,0.1012446177349136,5.5986996,11.91725
2.593075892096432e+18,2.593075892096432e+18,20.85519541186331,16.644533153072004,20.855710461120164,16.64398698478927,26.1954191663673,25.825957690522827,-46.007564334832495,-9.217308476764334,-47.12557343522774,-6.506923544612631,2.931915897327477,0.5461193327545425,15.668861,12.983752
3.957031061469784e+18,3.957031061469784e+18,195.77376182212336,23.968451092155355,195.77281265317168,23.96779749529693,21.625016142627345,21.5775923288058,-405.44391486478753,-35.515586706169046,-404.5068266905586,-34.22515550196008,1.594787427551352,0.10163732794706794,14.285045,16.15256
5.818311454815642e+18,5.818311454815639e+18,254.3325466106662,-61.91096525485395,254.33198816947035,-61.914316870925184,21.62897615326164,21.58802482696088,-222.96821168437504,-149.14992506068342,-221.3114987101016,-150.93339002301053,2.4342237265654907,0.0877459661875852,15.924435,13.656479
3.2782070822919706e+18,3.2782070779941565e+18,56.95871335343197,8.072342057187752,56.95479382049705,8.069092383921502,29.91105177217796,29.956876335197727,-126.70979110596114,-32.29247291358706,-124.97229204957102,-30.87338104643409,2.2433735084413087,0.05122619091733709,14.199749,12.035405
3.7908644117838336e+18,3.790864377424095e+18,169.84334231300468,-1.6555742134399207,169.84081347663704,-1.6562754880623478,20.30934754795724,20.27774438861979,-220.78803763351476,-154.09998658025418,-220.04919277331885,-150.7755832366962,3.4055174816901705,0.07677193645988112,6.9371557,7.6891313
4.9870830650891405e+17,4.987053172116773e+17,86.41286674650455,72.92071302065072,86.45843483093361,72.90250469291843,35.09630968234763,35.095870565610824,81.20498139209488,113.58627602442716,80.05487698760906,114.13138713535066,1.2727475258156764,0.011245473182440653,12.041643,11.985621
2.3282503346332897e+18,2.3282500597577953e+18,357.2108823831668,-28.12148552135883,357.2319437772816,-28.130743427071945,22.682092908501087,22.729590080435017,96.58885580413622,-105.27367908395009,99.4354909313217,-106.24020162436344,3.006243065431231,0.0934992563526957,8.834544,4.5545783
3.3127093792130176e+18,3.3127835618880686e+18,66.90003194033417,15.589085472787543,66.40598637273915,15.94090753969732,21.284016509945317,21.10764322783181,105.16744918201684,-23.914466137534937,102.95013743101792,-26.0262116770142,3.062015777984895,0.6255676224764646,7.289236,6.341617
1.4151972602463764e+18,1.415197260246377e+18,261.9455881196355,52.0020196265533,261.9445029234212,52.00369700164414,34.33496460932229,34.33698222909089,-57.14677656166131,317.0416967333754,-58.70452343957548,316.0855310874624,1.8277932262910628,0.001941914364678544,13.753955,14.100846
7.205761851930272e+17,7.205761851930271e+17,157.51964246947037,19.51768567786167,157.51943049786783,19.517055484840256,22.38327801337084,22.43535345286461,-26.92801732187745,-96.69983922029785,-23.749770079002968,-94.54233097756266,3.84136659983261,0.1037007010828712,14.492292,16.627802
6.864028183594624e+16,6.864028183413683e+16,54.58082722352369,25.52124806308272,54.58115467541029,25.52160029116672,24.252540640756475,23.95643045087112,68.30316556665849,104.31631276169692,67.76390346626603,102.34802321874352,2.040825161011936,0.5096524267871185,14.894651,14.582948
3.3132851109907937e+18,3.313173957237082e+18,68.48680175601453,16.86893699017762,69.38447123432836,16.758565709467636,21.48256636168679,21.28243624077011,102.05202469721355,-28.39885970028468,99.74091391478244,-28.382371806868484,2.3111695955292126,0.8316690889020587,13.742438,14.52253
5.842782219951904e+18,5.84278221996041e+18,186.87999209575847,-71.420320479033,186.8791195923646,-71.42247366728131,20.412191408190463,20.4300680044384,-122.21930422736897,118.48646260406446,-120.9150670691934,114.24025903400478,4.441990468602271,0.04290736685585097,13.062549,9.15044
6.487709801833043e+18,6.487710519092531e+18,358.0617891737743,-61.4287691208352,358.1247919639412,-61.41002709051709,22.652930153167038,22.68128064825724,179.17174079300509,-814.7522844363878,178.57278872725976,-817.9637262584695,3.2668183533334347,0.06157508366800153,9.202244,14.528664
3.312564037520034e+18,3.3128493264284247e+18,67.96911967367434,15.49937349658422,67.64062132435598,16.193900711881753,21.871807832755163,22.18747294665825,105.36486514556807,-24.24098903749085,104.88879350180169,-25.445976467323547,1.2956229837623456,0.8880282737518062,10.49808,4.752029
6.33103890822654e+18,6.331227788003898e+18,217.5932186481227,-7.579295950635156,217.5479955420233,-7.52772535293942,28.654555832877627,28.57593730839761,-107.45625338213492,11.278733358538595,-107.92320019175662,12.287669433323847,1.1117514677386124,0.10466891263614621,11.205302,14.216564
1.1079856025519647e+18,1.1079855982515232e+18,110.99140446598444,67.36050819205212,111.01138825666578,67.35235700547986,20.87654347296826,20.86270612477516,38.4149751418588,-168.84513150650463,38.55303996277558,-172.3585393160239,3.5161194989314204,0.03312448906723338,11.929066,9.999728
1.6261291171072522e+18,1.6261291171076142e+18,237.70069858760036,58.97462615184342,237.6898309353481,58.965194737666536,24.97703795055416,25.207913705273736,-230.9679770858348,-49.69021370282432,-232.46397016654907,-48.47718966809933,1.925986138674285,0.3667705795523864,14.670989,10.529055
4.5732685067314726e+17,4.573268506731461e+17,37.71170636466849,55.54797989997149,37.70313943602208,55.55135786636343,20.26789764624098,20.215591598205588,81.43263240727131,-95.58073815669589,83.4372990953823,-93.14690643510832,3.1531294580825207,0.1277621360308804,6.854977,9.55346
4.0555843087877274e+18,4.055585060376249e+18,266.5596831413788,-32.10354269209381,266.5527252424213,-32.10374822060554,70.73346293240992,70.67922356119885,-77.62260937776189,-272.7553753318396,-76.91277910100743,-272.1790136592545,0.9143586820402679,0.01094643807188412,10.278985,9.602647
3.7934674712022497e+18,3.7934674669071626e+18,172.39179727462488,-2.5529142458582847,172.3914785953662,-2.553612391404392,22.115192861929064,22.197730664387464,125.45626254910364,-60.362135718462696,125.5522984664919,-60.85300864621368,0.5001790965518541,0.1681343306900021,13.383847,12.002006
3.314063908819076e+18,3.313978112552491e+18,66.35479242496689,17.91521008711174,66.02452121402943,17.443985101312077,21.447339313427232,21.61924104437301,109.61815254023466,-31.353316361727813,110.58004635581656,-32.8087266938356,1.7445512165771504,0.5902340256223303,10.60706,4.7558556
5.05238887175643e+18,5.052391208218637e+18,43.82927695709652,-32.15156141569385,43.82927423433937,-32.11215258346536,22.90812609072974,22.88399678601513,224.32827147327208,40.61690366407852,224.8815048804553,40.90549376738229,0.6239803286550332,0.054963928049213316,14.558082,17.31261
4.528439381757453e+18,4.5285332568607186e+18,275.9976036536862,20.37990022684269,276.0177961237221,20.395276108996303,25.983609011559857,25.995050086279548,-168.09566358372976,-72.58365080529184,-168.44273246466378,-71.17444499392512,1.451315894938976,0.023560646219820378,17.838848,16.374603
4.955032099277542e+18,4.955032099277542e+18,28.56652491335636,-44.07203116137202,28.56875169525248,-44.072891658301685,22.488398762258477,22.456786145004404,-73.2285318718186,87.62652855719386,-71.96146252595332,84.73594832823102,3.156092328703705,0.0626130120585874,10.341522,13.723939
1.3813424038736123e+18,1.381342399580345e+18,246.28041863376376,42.04150507789206,246.2824111190796,42.04103525051645,20.41687832830519,20.360969695510573,-31.101139634221155,-93.0127510343743,-30.36817839477317,-95.97461603771322,3.051209018821384,0.13449690083161397,13.344631,12.803545
4.8421973685217805e+17,4.8421973685341965e+17,79.53093490922815,67.17988860189574,79.52768765790887,67.18229808091239,22.947787281330047,22.947586799181256,110.58991915936092,-133.500880576984,109.92791652850096,-136.87829918402542,3.4416862045304355,0.0021025441608236465,14.827289,10.37734
1.396120115029128e+18,1.3961202181083423e+18,236.3747453761868,42.08036107883473,236.3965518302654,42.08513006019002,29.95508739044664,30.154973750075925,86.05538668112749,-12.210191851599166,87.29494830603802,-9.169568314059646,3.283581051076735,0.2215026424822787,13.525047,13.222321
6.395948100432445e+18,6.395948100432445e+18,332.3955054243769,-68.93529843498757,332.417889519184,-68.93599520855251,20.182037780941524,20.173807215684494,262.2102521341992,-338.54936641805875,262.74455569965585,-337.6349237807367,1.0590966136345592,0.02138786880062842,13.82468,15.664618
4.780439475375706e+16,4.771506373074688e+16,64.05523411212916,18.884362336982484,64.64158211986751,18.36458359057584,21.82751181449805,21.82099846468514,120.62002935161104,-32.148453163407744,116.93174979094714,-31.225844936308956,3.8019221531116947,0.6086226072311854,11.203266,14.589073
3.310478710637067e+18,3.310615565476268e+18,64.53629289150157,13.331259196596612,65.22015770420096,13.864370841354328,20.934388473210237,21.09351261138683,111.15798514707244,-14.546098512480594,106.88260714504528,-12.399521780388248,4.783999239859675,0.7941549080750215,13.949699,6.0480075
2.4858809988112456e+18,2.485880964451507e+18,22.493645880965,-0.645063601246934,22.49145133604051,-0.6458936121306688,23.209018891285627,23.28371584411392,86.10199875042585,-121.83260292626672,87.65519054704124,-121.74089023860611,1.5558971605319185,0.13823851922443497,13.092637,14.074937
6.413112610812828e+18,6.413115565750347e+18,329.985150427403,-54.65528165044756,329.9805019999382,-54.649221817013206,21.75482382182953,21.756652270649543,-56.26532949341908,-92.15043208171058,-51.91049263774763,-92.7239662320584,4.392441856317464,0.006573553873501853,9.338454,13.180793
4.340324388327423e+18,4.340322876499078e+18,254.7132134503308,-6.2599283514739605,254.69744435236356,-6.286389464338902,31.553014447926547,31.43948495916572,333.84158215842393,-127.97892680122844,334.9017159375909,-129.09987449514017,1.5428568832580842,0.11570585686581075,14.207911,16.977272
2.743198605549406e+18,2.7431986055497426e+18,356.96992833524007,4.175337251304017,356.96318795151274,4.176983788346692,22.242005163544444,22.51470176290617,352.5411614343454,-31.58967181288841,354.0417780715991,-30.39620323570168,1.917346483224856,0.5445790415363468,7.546207,17.195534
5.800661303881445e+18,5.800661235161968e+18,267.87636660135223,-77.81912156895423,267.91334366638574,-77.81898047133434,23.03180728423582,23.108805860534066,-46.083467824876365,-334.29879586726014,-46.02595951083445,-336.0179838038255,1.720149518912735,0.14478996578144573,13.822694,16.797033
9.210261872525491e+16,9.210262302080512e+16,27.61802739154841,18.295902329402157,27.621877478866757,18.29963933163298,33.09553589947675,33.08790382464238,240.05604403235805,-78.65619728495189,237.7743187828933,-79.49466194586282,2.4309037623158765,0.007495076859937029,10.113636,13.288962
2.893429861416436e+18,2.893429895776174e+18,95.60215517781072,-31.12992020417024,95.6106531862957,-31.13379063897388,27.43486506101116,27.46249798334872,-93.5329230134812,44.24318340981323,-94.82838647569484,39.87701630960196,4.554299147936794,0.03704849506045428,11.604844,11.409759
6.470278694244647e+18,6.470278694244647e+18,312.2972637957969,-54.77276404941344,312.2938896189115,-54.77897346758967,25.47897825096905,25.495204037053465,183.60055276255235,-277.85705098119445,183.3195133719083,-278.386992531582,0.5998509697589387,0.02537280237314759,15.994203,8.952848
6.643589352010758e+18,6.643851448094862e+18,290.745785785032,-54.538414066989446,291.50331754599074,-53.52451970342078,20.930631023118668,20.938121139600728,24.402797199941578,-82.18575722363535,26.962828558766063,-81.54430708158722,2.639170104956917,0.9232384027304825,6.9362173,12.565329
4.302293037069575e+18,4.3022947206967685e+18,294.14692215097824,9.534581817365906,294.1459921934076,9.54104254799183,27.808259698436064,27.801704066253013,138.87847918438854,17.616182468697623,137.1488918628246,15.124906326920447,3.032808783537613,0.009416978917563623,16.169098,9.023451
2.6104885141483515e+18,2.610488514148352e+18,343.95859926848874,-7.834205455644702,343.960714367174,-7.822825726861981,27.81335016316558,27.76354435621058,549.1238346082113,-46.984957909269696,551.7742954722437,-49.1016381331638,3.3919430953351672,0.06490696762024292,16.3549,7.8516903
3.310702770492165e+18,3.3104787106379387e+18,64.83451345915711,14.316347980068391,64.53590962898535,13.331092286491018,20.85092023125928,20.953979195799946,107.93602845660207,-17.7577790655432,110.06293046601724,-15.642484348565644,2.999697300950116,0.8894023995404408,11.98053,14.096124
3.5140458324573215e+18,3.514045832457322e+18,184.19981086782064,-22.488828884556213,184.2024532059936,-22.48712668881322,26.27519547846801,26.295777977513865,-5.700831979946797,-187.58927063890988,-7.288274178049567,-187.56508265346685,1.5876264645555473,0.02985517589810016,13.181004,10.421926
4.6062129674308096e+17,4.6062119366386816e+17,42.68369442296317,57.004757828171485,42.67869969355729,57.001256059455216,23.472118036192864,23.51296493793496,49.28286690044276,-158.28625505753251,48.62637244525142,-155.84074859296106,2.5320913960514413,0.07408481691251015,11.313733,9.011633
2.337472664505465e+18,2.3374726602106235e+18,356.7942395116892,-26.391112489942586,356.7967850690941,-26.394034086712917,21.34287872158989,21.42254645420036,-210.6950741734816,-216.1112451046128,-208.79859349958133,-218.80535981503036,3.294676466569286,0.17427047156084546,10.724356,16.69739
5.400671579423332e+18,5.400483734733059e+18,166.92133553433638,-36.10001819292313,166.92853174091107,-36.12807727274543,27.15317430498189,27.226149875613903,31.64350887935546,-79.19929706947501,31.568812885711747,-78.20413621472926,0.9979602288090992,0.100411287746821,12.025787,12.726715
3.3058609335989914e+18,3.305860933600192e+18,67.8154958252843,10.703330766016288,67.81618729693938,10.704236969956913,21.61705731519776,21.669791014839102,104.53162699235996,-9.981458849004817,103.9964463090593,-11.130169140933573,1.2672622848334185,0.1125774061095503,17.599026,13.610997
8.925112465394025e+17,8.925113195544801e+17,114.05832126810324,32.83559019641617,114.0476664958062,32.84803839294169,20.21789185004913,20.256718318686413,-35.71798050545544,-107.38120165582286,-36.08072029161583,-108.0201981284922,0.7347765949916619,0.09572096760403472,7.8598256,11.697647
1.1775329084592e+18,1.1775329084591995e+18,216.0231824419636,11.24930672090088,216.02431418198236,11.246959827283067,26.358161952738445,26.391948913993254,66.22813066156398,0.7785853968359209,65.50304403309416,-1.0195746866692637,1.9388476744440524,0.04859975279639308,7.517275,7.289853
3.6830208066385956e+18,3.6830208023477146e+18,190.7327937110993,-2.2508562754255084,190.73698093291569,-2.25299748441088,28.639709005197734,28.73115435625989,-202.0025651485581,54.773921139121136,-201.7936129064188,58.27602530113015,3.508332168004604,0.11116899834664476,8.7862215,12.797542
4.181465677040442e+18,4.181467253288481e+18,292.6334634259891,-15.388046412050834,292.6407449261921,-15.361238666764963,26.47123023180789,26.768267767762914,-7.087566494558424,78.68346677103183,-7.545416380942169,78.76235688660901,0.4645967808728218,0.4195894047995182,10.120362,17.121496
3.3127442199887826e+18,3.312613000147192e+18,67.16608051054888,15.870784455320392,67.9373303656096,15.629243097689292,21.81251596251546,21.9411429349474,106.14776250704207,-20.293824952737538,103.60681970600947,-23.577862998495743,4.152263985358682,0.6782801540806078,3.3779078,11.270382
4.490074161179945e+18,4.490080032397206e+18,267.1800046132085,11.71586545460594,267.1846838635908,11.730657259571167,27.743076730419947,27.77246554552339,3.021909849120445,207.11781518414008,6.803840957625502,207.0284066492016,3.7829878133028836,0.039365944663596254,9.24217,16.147373
3.31262835895013e+18,3.312613000147192e+18,67.66251575060892,15.691769659062851,67.9373303656096,15.629243097689292,21.86843191355519,21.9411429349474,103.48821587457375,-24.353763331160515,103.60681970600947,-23.577862998495743,0.7849128582591426,0.26438377828794746,5.4175873,11.270382
4.839371237040134e+18,4.839368423837857e+18,65.99069988353583,-43.14987377948562,66.00516073684658,-43.13497181244943,25.374276490562337,25.342142814492604,37.297778677937686,-32.38027936444523,35.982616390863384,-33.44931689812194,1.6948430870591225,0.05152766442597455,12.367697,11.731335
5.672554627146256e+18,5.672555864096836e+18,152.40155529424882,-17.841058044545264,152.40317948603,-17.806883951196546,46.810260546562,46.83144662091039,84.60744212607861,3.739915844529097,85.5433976894704,4.301690900549697,1.0916061699216364,0.016000420150205353,10.706157,10.931159
1.683086018448705e+18,1.6830860141536253e+18,188.97015815263765,69.65747890992914,188.9672766421153,69.65538864137268,21.01894353239174,20.825304162175176,151.3714608616276,-58.97644630453637,154.00010641670644,-55.42334562151906,4.419762654022697,0.4423800909682905,13.165052,17.969545
7.994877868261981e+17,7.994738754283091e+17,145.91216999185318,36.58109996654645,145.91776106405484,36.415329354302905,20.657221134646573,20.59566711074107,-196.01772776455863,-63.13745433167793,-193.3336797561244,-65.4889347840199,3.568413377024319,0.20154925335790846,14.215049,11.559587
5.192018327268558e+18,5.192018327268558e+18,142.74075048116592,-83.69485794259393,142.75778949583594,-83.69576237720332,23.97798312387772,24.023597337649864,110.45932258724818,-156.0116318239977,107.6639493640169,-155.83805442172098,2.800757142584764,0.07920062095416913,13.391935,16.360422
4.577078357507597e+16,4.576954662448474e+16,63.89569436950035,16.762287744082474,64.05691179600716,16.796588846576263,20.881553135526133,20.590147840419927,111.02996428477658,-23.49033945351936,109.61404156684677,-21.737954101547505,2.2529295517071293,0.6907027350398125,13.9761,15.543332
8.677041382102719e+17,8.677049972037289e+17,117.4772534686424,24.58618027653362,117.4681681221252,24.611763309380542,27.658678972742926,27.612972863148453,-13.345310474327428,-184.1124449400749,-12.474768416116934,-182.1576640272458,2.1398625872411445,0.06220703813647968,11.371086,13.782156
6.329653390432225e+18,6.329653390432455e+18,215.7964847132281,-8.116756381958572,215.79454053310025,-8.115125290250262,28.456915977441383,28.414198271739444,-358.4428257096341,-106.99486124099732,-356.23206504288214,-110.15610878522652,3.857583279924465,0.052853184373349196,9.438216,17.775454
6.812424241535798e+18,6.812422832786524e+18,330.9718960762304,-24.84724278687188,330.9914263235042,-24.87540705957792,21.11565731873021,21.18878902509412,218.27225469256507,-5.989705705874953,221.20732622432948,-5.095246165819165,3.0683387631372576,0.16574373866013478,10.994471,11.872423
4.2721697513342305e+18,4.2721693690768604e+18,278.3207276214993,-0.5688220958221628,278.32535202225864,-0.5778108434098173,23.675858736310367,23.27458943608113,47.661187002914296,-26.874233315337747,49.20931547205015,-26.10663069795211,1.7279801894599962,0.7282345767011753,12.658915,11.211799
4.073522012035887e+18,4.073522222505044e+18,284.29734803715684,-26.868352036562325,284.2893030769022,-26.85020920170353,25.24679100751178,25.31035146032523,288.57361445616107,-95.10665935553156,287.794213499037,-95.88391621583732,1.1007243428116908,0.10037587882866035,11.958998,16.355988
6.233523157539262e+18,6.233522951380817e+18,236.3342697017231,-27.656275789088777,236.34244437484392,-27.66872762323385,20.784149255751696,20.96379640278476,-200.6376747520751,-142.5749187884551,-203.18469858883424,-141.6444900497802,2.711646743728143,0.4124804207371727,13.789064,15.3479
4.644144396249727e+18,4.644134225767168e+18,38.10616747439016,-72.46716133125346,38.27444552078032,-72.44368232746149,20.23559919188146,20.173037082512167,-90.09558465972827,46.97958273917667,-86.24984863653292,48.1290752696536,4.013853340335779,0.16068500461678636,16.488754,7.7352734
6.00374330056055e+18,6.003743571137684e+18,227.67454234260748,-42.99167505941293,227.64680151016964,-42.97826861235139,37.67267093727878,37.75452378457966,-321.79935900457565,-289.5341067450043,-325.6432684294341,-289.37242216272614,3.847308353987512,0.05863948669506882,14.2897005,9.988572
5.357078043648623e+18,5.357075947709012e+18,157.88164348863788,-53.63269262130793,157.8377665452764,-53.71455177900993,45.26944231988207,45.327579990833634,-420.783714410576,207.73762289639467,-419.934543069276,209.67075270384635,2.11141725372874,0.043563844344244346,15.436875,4.757292
5.398616046731809e+18,5.398613057434549e+18,173.28166159639764,-34.77130084216274,173.31411130295444,-34.78385862470281,20.87358531955402,20.877151140221468,-244.6402465027292,3.1272140386514726,-244.0751567206411,2.987875898243362,0.5820151022033502,0.025957022095222663,13.282971,13.23326
5.932011471289379e+18,5.932005595773303e+18,246.7607203045337,-54.18615443743001,246.75929643997816,-54.1971535373912,21.81027832228679,21.820557574295005,19.277217373802934,69.04789302293146,19.54009892405756,65.96548374111288,3.0935988250103854,0.023332350982969208,15.434817,10.955764
1.5525992769982367e+18,1.552599276999898e+18,203.3950084023114,49.20549342308984,203.39557538387777,49.20554094513484,23.19188018931149,23.301632479718364,-96.14411790056997,-39.5146558464276,-98.36217697440932,-41.83716855832399,3.2115185429888786,0.20309147756296558,14.948693,13.558711
6.350249717120753e+18,6.350249717122201e+18,356.0399924681561,-82.78232882928091,356.0400881815216,-82.78264937846079,23.465167813185115,23.60916887555392,708.8847403837899,-45.69122063784711,709.1018912534032,-41.25050197492476,4.44602482487454,0.2599330572300287,17.904314,17.565168
6.558008658303224e+18,6.557995601603037e+18,331.9533358821929,-51.12198842727919,332.0447185558972,-51.21891014842014,21.718653323192875,21.721406311777795,334.5298500354454,-140.5204259918604,337.7349833101562,-142.98977152061994,4.0460532187630935,0.09066161562310567,12.399638,10.074675
1.2312759373131566e+18,1.2312759373131566e+18,210.61052335201092,15.344025362046144,210.611982888646,15.342746900823046,28.20944161806541,28.20938705057901,-174.7386068641654,10.48374685427717,-175.05361782079405,10.204627320492737,0.42087957533732906,0.0011784404570887989,13.736635,13.630455
3.392114597140989e+18,3.392114597141853e+18,76.79753132694239,14.5002526046517,76.79744611751688,14.499969011143897,22.54166995926236,22.42858533813608,17.516715863985162,-68.97893641503103,20.07864830498167,-68.42808931913878,2.6204828477368918,0.22367415579861322,14.804961,14.549037
1.2580958090536013e+18,1.2580958090536008e+18,209.83718611601583,25.239392289446464,209.8373745171554,25.23375233786671,24.687507191461147,24.65007493236245,-528.1253475216886,-93.26604444041656,-526.4565446752874,-94.1047892676386,1.8677247723763508,0.06164009420368417,10.206897,15.748524
1.4405186694367913e+18,1.440425863783338e+18,262.4352261930255,63.85184444778799,262.31908858269315,63.86832758362504,21.93098231706817,21.93694401491677,1.6725481628341186,-182.2265853046572,1.0469279801073623,-182.08067219799767,0.6424104978361519,0.044533220418715755,7.53186,8.261458
4.724849614880143e+18,4.721870900441678e+18,42.97208309219383,-61.61736607206369,43.44678009100622,-61.58787854646964,24.92099887953572,24.94969531030716,145.48955786218946,130.23223205703596,145.43250335592316,129.5073737458231,0.7271002599502112,0.16590811469553277,8.573582,11.156621
4.891689818517793e+18,4.891703042724926e+18,69.16450321320805,-27.369206494479982,69.16875018900647,-27.355940014347137,41.84143807631107,41.83075171571517,-286.9444190273334,-198.6648889373134,-287.50645381933714,-196.6057465079545,2.134467299306488,0.00838960124880812,11.4460745,11.200297
5.173241078187821e+17,5.1732410351920934e+17,36.191236404346384,67.49241179293391,36.19251913762357,67.49196699594103,34.87688355701177,34.864314876655385,336.7420064172895,-263.76083272968526,340.43466405309255,-260.63911205073475,4.835375932917933,0.010341755390637076,15.564098,15.410529
1.8292371584749148e+18,1.82923715846654e+18,305.5067618736765,21.788815286124716,305.50826638049824,21.78939466738828,37.09090442681953,37.14661188275209,2.6259689405679296,-131.7900216058432,4.589815790675537,-133.7007742813012,2.7400128170224716,0.04043839009634971,11.290396,14.814999
4.325935663772785e+18,4.3259356637727857e+18,250.82451210620675,-15.620459138681472,250.82449902012883,-15.618997419070077,21.2833626182698,21.222379397833677,7.216433315047586,-96.06785453911851,4.845685271802324,-97.37010209603405,2.7048650583797538,0.1350184761918542,14.923572,11.3028145
1.859954695858413e+18,1.8599546271389338e+18,312.3064335431177,32.27973257765157,312.3167807343781,32.28360250300368,42.83820875310138,42.85975511748982,-158.68506209921722,-268.40957195040966,-161.70642881582023,-266.9560721160851,3.352807570466565,0.012365174231940555,15.306062,7.9744954
6.259717372800655e+18,6.259717372800655e+18,231.3977956964726,-15.213616505415551,231.396419114641,-15.21192514462856,21.411359702772685,21.48040971557079,-120.26289800408588,-293.82298554558474,-119.24276944298198,-292.1678985006174,1.9442158850288749,0.15014347565471434,14.6261,11.78222
5.565451921041762e+18,5.565451886682024e+18,105.17025457660894,-39.09626543951543,105.16699915929138,-39.09775426882383,21.61102903810281,21.169632018010763,-142.0511627900378,-146.60013098318518,-139.0635268025815,-149.74782256084617,4.3398077217339965,0.9648104012202985,11.50345,15.113517
1.4661980383813788e+18,1.4661980383813834e+18,197.59412391852007,31.920869585341727,197.5964479105022,31.92065264853641,20.161349837184098,20.16963672120655,-194.99686034134544,-90.768893919202,-190.34442296137468,-89.7649648914238,4.7595217267457555,0.020450815300303,14.070465,14.249574
3.38094740299867e+17,3.381050868784302e+17,36.16943638810095,40.139060821095256,36.06943636134448,40.12633427033472,24.13429809583044,24.05306197594996,-120.34753370241374,-153.7350844648755,-119.52880510479756,-154.59442392279624,1.1869207305014322,0.15078383625656605,9.52422,13.911885
3.3124083191862354e+18,3.3109037406019866e+18,67.6415947161492,14.747976746494444,66.94644176768678,14.417664583381969,20.132587476239596,20.35256529381705,97.18962516286848,-16.36292548313833,100.55014107182478,-19.20040671441904,4.398223153981467,0.8401179823444459,13.6755705,9.218413
2.580470300521615e+18,2.580470296228401e+18,20.121839820766237,11.355869080701764,20.121076984074545,11.356666738447332,20.36748735561046,20.28886320313833,-44.02058422249155,-9.858878063601296,-45.66925018123568,-13.06860270831406,3.608383535379546,0.19026814948243917,9.458499,15.477802
1.323632508865678e+18,1.3236322984131082e+18,241.80873194228852,34.02664220146605,241.81025694232991,34.02664055413106,20.5243383271195,20.49136626558705,95.29742898661588,-2.1018834481471247,96.26910818540892,-5.016153282791737,3.0719910700532025,0.07840556580404162,10.431986,16.564367
3.480204827359301e+17,3.480202422174486e+17,24.19832121524964,41.4037617615712,24.208998277705287,41.39055046681678,74.19396780666189,74.18150048920077,-171.89184082707104,-381.8151588992299,-172.437199106067,-383.8240371951321,2.0815877738438977,0.004282724073321665,3.966133,12.497144
1.5627587300817613e+18,1.5627587300794803e+18,200.84989138210648,51.540941439673134,200.84939757396543,51.54108967916425,22.77544962738329,22.64539852173809,-163.0976186164741,48.95464344660093,-165.15781015220497,45.17967193405434,4.300557996869175,0.2521548674405861,15.557321,15.920856
4.5913985213658455e+18,4.5913956007880827e+18,272.96695287190767,32.42381333910783,272.9805567581181,32.43122194307353,35.90735802332196,35.91354948517952,-153.29883227092074,325.2506875319129,-154.2489530507463,324.3294574227108,1.3234025881631246,0.008195282958321727,14.003363,14.765117
7.400475053287007e+17,7.400416641731805e+17,150.1487346739098,27.285430383374045,150.11122669638192,27.267636296523644,27.722807880573725,27.76742972797575,-19.734385618161877,116.685999856058,-16.374580820598,117.28519894636077,3.412818165029147,0.06265109014890573,16.928137,10.52794
5.36661290538268e+18,5.366611359194446e+18,161.49038855051677,-46.26298119856159,161.45492490745704,-46.28584187930107,20.03653493785887,20.023534227120305,-244.79701408855487,144.36950006201795,-245.03981870381537,143.46826568538734,0.9333688889247193,0.04362407345328159,14.919403,17.339626
6.899801709040697e+18,6.899801640323201e+18,308.5421583122865,-13.72154470795084,308.54904460280375,-13.720779541049088,29.70679871048613,29.751941821305078,63.19328386361537,69.90161943041365,67.61797637526406,70.14122430862896,4.431175275285847,0.0512291434173418,12.753184,5.9944525
3.392510112089518e+18,3.39251007773074e+18,75.14012312697062,14.38683943195544,75.14099488802792,14.384044652381204,26.672058046357492,26.62961907394109,39.25961617117529,49.71585452768076,39.90522285629496,52.569306443727086,2.925576153351619,0.05978133565930345,15.217103,6.5902123
2.729882175410278e+18,2.7298821797054766e+18,338.7720866950561,11.879957019751211,338.7727350276886,11.876730766108388,24.15087145071327,24.17217482970642,-335.9194516099929,-326.2099951827679,-335.3219403066633,-322.13931491122025,4.1142991664162984,0.03656940616531386,8.447065,16.494589
2.1732418425015972e+18,2.1732417394223834e+18,326.7874383807884,53.1616603440913,326.7862103074046,53.15792250820613,30.233935706502283,30.25570447860992,137.67773010579538,-188.67208018155796,137.42087006405083,-190.53885576763125,1.8843641287724298,0.02389886625142478,12.23896,13.666571
1.3899954272520333e+17,1.3899954272452173e+17,45.89942899779696,36.44179570308522,45.90110281663027,36.4414017061195,24.03314519338746,24.04013848694477,164.66278777637712,-47.17106601228461,164.17723011850538,-46.54226090990294,0.794457107652206,0.012146940665044854,7.5577617,12.292258
1.563590510627624e+18,1.5650900039678794e+18,200.9855603544212,54.92168988678249,201.3073057729085,54.987845339784336,40.28028572895792,40.46506499292375,114.52861483482668,-26.88717508652601,113.36969394609814,-29.49753286598633,2.856057661028637,0.14159390322660825,3.9137754,3.9743545
3.797157264740118e+17,3.797156577545352e+17,3.373064523220993,38.12450228807898,3.376632447730915,38.1250632570591,21.18758192248319,21.18388119780266,9.617991847833672,-147.7810512768587,9.217908128247078,-146.6032620303519,1.2438868484975945,0.0085757290885474,13.106884,15.409741
5.701232295587609e+18,5.701232329947346e+18,124.13818331854011,-20.67661795925952,124.13824271252756,-20.673643467330105,23.94382854451628,23.953801504202293,0.112708789365918,75.03799331343862,0.8531032011305033,74.70868227620242,0.8103268749201182,0.01752290379493952,10.790912,13.2794695
5.378520032196209e+18,5.378707705080844e+18,175.43746269780942,-45.644692128613215,175.43704676046744,-45.64432448871023,21.80826209411724,21.8537348550749,40.36947712871954,-44.20138614626752,44.08422628351583,-44.66524429235517,3.7435979568794053,0.09541308675595911,16.4869,16.884886
4.820145932630803e+17,4.820160063116791e+17,70.68530388714385,64.62759723511267,70.74141537066382,64.6387065092977,21.7808673443036,21.73263540065622,-54.81656489129344,-115.02421491963358,-55.25603101564703,-115.57405703952898,0.7038869449460174,0.10408464971074445,12.407654,12.271811
1.9440599523364646e+17,1.9440599093738406e+17,84.27438331885962,41.82845987706343,84.27999136865382,41.828111508442014,22.479366125733563,22.84080883638539,6.10355225410887,-35.080161966100704,2.7506551080196115,-32.4407716705544,4.2671185130574365,0.7039608418949531,17.540672,7.261453
1.1939073166568128e+18,1.1939073467217792e+18,233.35468427687425,13.68271124977836,233.35706296357012,13.682665667129845,23.34056057942044,23.298856520207103,-92.38500538635807,-41.78824577633346,-93.73678959514186,-44.09851579712471,2.676689768367639,0.07670840095085213,10.477854,17.038984
2.0664415020718595e+18,2.066441330273174e+18,310.0210408884133,42.35258810846734,309.97157991969016,42.34334965850674,20.38785373512269,20.35419911746376,374.5948956172325,142.77013950425004,374.4491672075988,142.70579399949133,0.1593019565385857,0.08729664191819125,15.845237,14.364984
6.774363959348355e+18,6.774363856267179e+18,315.72498853410144,-38.65652158012553,315.72340883325535,-38.656624688678185,28.36776628132276,28.36228449873985,-29.23630646796082,-106.95054921757612,-29.359196045850915,-107.74426955029683,0.8031773247099799,0.006855712216998393,10.167957,13.624349
6.387649914378668e+18,6.387649708219253e+18,347.5865301126796,-68.83747676896228,347.5960284009902,-68.83856316661112,47.47801155911163,47.4605098981335,66.96056265145309,319.3694414995849,65.12469662340439,320.69117339319365,2.2621625210240355,0.00787880634351096,8.380575,13.571223
5.375889038308656e+18,5.375889003948915e+18,172.75421781778113,-44.3150700360986,172.7492265247884,-44.31909366809761,20.649471267848213,20.64625730840004,-124.4304058600546,5.349290755657834,-125.07544436663876,4.764794986449083,0.8704653808160608,0.008803990044252856,15.878665,13.936144
1.7637188067522048e+18,1.7637203529404314e+18,314.9621063699211,16.824298697099245,314.9742734484406,16.84017242435216,21.378983893990643,21.35620042612191,51.502133253342336,-9.6080845968543,51.65844696765349,-8.846064357736843,0.7778874096592475,0.05242808147559759,6.5318837,8.975733
1.2231267350871155e+18,1.2231265289286845e+18,235.75936265501468,26.2761241553504,235.76681039821048,26.26559786478708,23.2351037679276,23.259655810177588,109.12917614214189,-120.70114569321996,108.91094251812709,-120.4504072282269,0.3324089235831533,0.04638372194145577,10.202427,11.543065
3.775245952190395e+18,3.7752459865501327e+18,155.7575675695469,-7.591536503428935,155.7573569927872,-7.587218049519986,27.020034193262955,26.943184134039683,146.9856615748217,-270.95662090668577,148.6394175004672,-273.99112884096684,3.4558858581877883,0.10559947372990773,14.525716,13.993879
3.313653894061044e+18,3.313977356636886e+18,65.99690955661914,16.721465710411213,66.02741879597104,17.4442235658507,21.74597706160512,21.6459760407146,108.74205842614374,-24.43100030064956,107.84832747952228,-22.62373525280196,2.016175081217026,0.6194608425152478,11.733229,14.583092
3.8439515089370194e+18,3.8439515132323814e+18,140.37361381575505,0.9124704433668552,140.37317746756736,0.911378563472432,20.60802142357245,20.64729068170597,13.295704976097198,-11.293222626857949,15.128821992263298,-12.36573136500955,2.123815667229443,0.09229508200918847,13.594029,11.906386
2.6334262164891274e+18,2.6334491344346204e+18,352.75756500889,-4.106263023072983,352.8820552593554,-4.08825556776875,38.51265977032095,38.711285261412094,176.33664503362357,-189.37956707301663,178.1300756447357,-191.84517633876845,3.0488723174700705,0.14479706599152356,17.177668,6.3626
3.719960892638314e+18,3.719962301387587e+18,202.29751723247807,9.300330166467948,202.31962675080865,9.298002946435089,20.34923476326301,20.429598295176195,-282.5520327244082,-59.27724199407685,-283.1695656043135,-60.58453063922698,1.4458044333527942,0.19421895398107902,16.40416,8.823783
2.2820164977917248e+17,2.282016497791721e+17,67.13298126191536,41.95646651163276,67.13639487512279,41.9564703097765,21.273896376376168,21.30435203683875,-96.81398368512122,-42.83799210662484,-101.2902102462133,-41.25345339336272,4.748406802291975,0.06722964812596116,14.592148,14.420725
3.2463372180701507e+18,3.2463372223620746e+18,56.82007870324896,-4.738261029818906,56.81948794575199,-4.7366816118600825,25.059685968337504,25.007886703251017,114.30832906368887,-26.59739076425774,114.5043191329222,-22.89654561674219,3.7060311538258093,0.08266370583422593,13.039088,15.97816
8.117190677069916e+17,8.117192738654223e+17,141.86887257177932,39.50427307292912,141.84987340188368,39.50958964553078,30.757479241491318,30.800334987745035,115.18181588587746,-158.196389899481,114.68657306331076,-159.16715128927646,1.0897904060971686,0.04609398209828452,9.290465,12.64304
6.882838031333427e+18,6.88283803133057e+18,314.0116622464877,-17.181889317164853,314.0120666060966,-17.182356407861597,21.69901217194057,21.56626929231135,57.31734482802342,-62.20301309641886,55.050917404929024,-63.946761603599846,2.8596069870613765,0.28365921249694886,9.911375,12.741444
6.285679964774141e+18,6.285682717847042e+18,220.4954482836721,-16.888095558112887,220.4944322639708,-16.817967796374372,46.71038112129413,46.72294160997412,-171.25176565765776,-247.82615328928895,-171.75186003256556,-247.3026894528911,0.7239535702175923,0.026826786145132786,12.099875,13.341398
3.3108148863183657e+18,3.311000119668435e+18,66.13187780097878,13.928549141036688,65.51518023603637,14.077103275227197,21.993423194312864,22.026938316127616,113.07056240121685,-18.252254939822112,113.77447283192949,-21.32101663168436,3.1484580695806144,0.4937595639317919,15.081756,5.6442456
4.626843786944939e+18,4.626844714657877e+18,48.99258744969143,-77.38817680148803,49.33436977427898,-77.37113345947634,34.263843555416564,34.17706075569611,113.6575634432806,62.37521534545705,115.53714650591957,61.35617692224313,2.1380532728034654,0.08377402244952212,5.4059277,13.8557825
6.517058722116296e+18,6.517058790835773e+18,337.7834343608099,-49.449938256509405,337.7505975592392,-49.43413069104159,24.36678299432568,24.424668790862217,-137.36036536550066,-192.20602553920085,-135.91230619805583,-193.8441809609392,2.1864191131143604,0.09910199299993985,15.628345,6.6741953
2.517386203182258e+17,2.5172601029429914e+17,58.90288849284521,52.24186045681789,58.88247504120481,52.162927788418585,25.242279470171734,25.233601297409027,-117.19812210128204,108.15060437441907,-121.19194491589268,108.9008553007517,4.063680244183517,0.056921867302509095,13.545155,13.867702
8.023548364101471e+17,8.023548364098246e+17,154.1178125366616,38.24504269825668,154.11749836662,38.24443394848882,22.98547130963112,22.961514534529226,-85.0840137485598,-66.51461546174754,-84.4217292721573,-62.24300391187501,4.322648026463426,0.04539423015991673,15.1743555,15.30716
9.860307277317705e+17,9.860307277317706e+17,114.30971159960244,55.55096176378527,114.3080334808904,55.5513045974374,23.67508986703509,23.884475132818967,176.13062559305007,-126.19816271386176,178.93090623124493,-125.7549132842065,2.835144036824011,0.3702880088912898,10.607425,17.463367
3.313665885609888e+18,3.312904233289409e+18,66.77789108447449,16.429579986614307,67.25111621738195,16.346213879024717,21.7524975456685,21.632519360189345,108.78997030370748,-26.28176339967887,105.1068878388032,-27.317100539736167,3.825835782788823,0.4504839525354255,16.60488,13.074519
2.206483721125078e+18,2.2064837554848166e+18,334.23616674858187,64.28575826816963,334.24008733470833,64.28656174329375,22.351230474177164,22.32393925332826,-88.12126199767637,23.99119618518668,-88.76313726647746,24.43084965945523,0.7780096645510733,0.05471513437880422,15.424309,14.627435
5.681324572407975e+18,5.681324572409096e+18,140.6649479809957,-18.9338156901958,140.66476082612715,-18.934054341815067,24.695096327030683,24.72597950831242,-113.20874392491052,8.744231263093837,-112.42598608398772,4.745061499929288,4.075054433027333,0.050577986968424096,11.122609,13.044911
8.251419056574353e+17,8.251419056594121e+17,145.6089829277745,48.776397299573,145.60364205527492,48.775201326701406,21.854403056333915,21.91548041078389,-92.5369147350038,-196.91786047962643,-94.77135716357964,-196.3496559892788,2.3055561822412978,0.12755796909645073,17.801193,6.947303
2.4433001089237453e+18,2.4432875332595046e+18,2.5004414307311045,-6.533649818128608,2.49025752170618,-6.604171944776385,28.25865027585999,28.30725861023992,250.29667630916907,-4.559250766946164,250.2928262870149,-3.3181846233356014,1.2410721153450275,0.07500263610604338,14.31614,13.863679
1.1290397727501111e+18,1.1290397727501114e+18,172.83458144248397,78.23516246784506,172.83634978316354,78.23584966592783,24.15976088730162,24.16069223073531,-91.99789194047764,-171.40909034104186,-93.08455992117936,-168.8967215877563,2.737305984497892,0.001691162596877048,17.330189,14.806663
2.191478269324524e+18,2.1914782736263616e+18,319.64479808154044,59.64239015242711,319.6445351551772,59.64268863957688,24.13815089095101,23.99273973522685,36.45775000324328,7.72482891678797,36.00867638109697,11.11878917858696,3.423541058141158,0.25108113249803865,13.156886,15.933397
2.359603497111002e+18,2.3597901735695206e+18,17.623937503262756,-15.168348264067577,17.483757320622228,-15.174721546447175,23.11046454766361,23.15338566049429,173.94563878480824,19.900046035714908,172.6992053360239,22.26203300686345,2.6706888239036513,0.1299149793564646,13.689397,13.497898
5.640774308699388e+18,5.640774411782679e+18,132.34337466814745,-32.38684309668879,132.34989519906603,-32.37907446094358,28.71017422798778,28.372357834657077,-66.44911936541858,-378.85922861698737,-65.8442788512036,-381.04747176221593,2.270295159285608,0.41475561224871144,17.79878,11.984773
4.5233974036838216e+18,4.5235850765727857e+18,275.00592927798124,17.654223431837703,274.9978425015281,17.65569216888412,29.225071666755625,29.238794593694085,212.96906578095056,83.03530190566605,212.5036386253642,84.93884729364903,1.9596192184372214,0.016728551546340207,12.997132,17.665342
5.174322855848505e+18,5.17432261533034e+18,42.95101463088128,-8.228463330513117,42.935349074876406,-8.269370055985476,32.44788264199124,32.41977265219576,31.638000221071778,-12.54687457645008,29.918764107672143,-10.558641869006522,2.628467635822405,0.035611959619311497,13.35704,9.374799
2.279658418973507e+18,2.2796584189735073e+18,340.30787166450807,75.78524240996887,340.3103875229972,75.78443900407173,25.510856134866668,25.50592721309107,152.42008768229056,68.42207042177769,150.02051254353745,69.55461113652203,2.6534146523066475,0.007606728290820544,14.436699,14.571137
1.689437038129088e+18,1.6894370381290883e+18,192.7682268904503,71.30851062308733,192.76924949897383,71.30952179397859,22.41967283504904,22.422932244009363,-232.0062297799421,64.94905341428144,-232.27673637904135,65.03806178088003,0.2847741376614087,0.006536198336942589,15.127993,15.389164
5.055285363339907e+18,5.055283885871157e+18,50.64760301235902,-30.187532633789875,50.63993502150359,-30.189574193605267,33.97183491036694,33.98425429976586,51.65321813956327,234.45864800355943,52.28919093146051,234.6656387375521,0.6688098055444355,0.011331834318477708,8.916175,15.425418
6.462371109694673e+18,6.462370899240072e+18,326.2523147938334,-52.463538729545085,326.26526803946064,-52.46547555074438,24.858161217663397,24.81381873465367,-11.50411512124603,150.41908194852977,-10.971185886571028,148.46953933161103,2.021071494122271,0.07211461680954359,9.503899,12.049896
7.412176949386807e+17,7.412176949386808e+17,153.36302534125022,28.65294285602901,153.36224541241714,28.65226458295064,24.43886810786149,24.438558584856164,-107.2011881648612,147.46380206736802,-107.05219229844148,146.40288963421295,1.0713239281529958,0.0008614742698656138,15.003624,14.280148
2.7971111309917225e+18,2.773086595766698e+18,1.4774133964640752,18.23434964150489,1.4804485083101395,18.075224611052583,26.69783023150017,26.63756861430687,-150.8554013328841,-147.97778927873432,-147.421009633558,-145.79981287775712,4.066771145222424,0.13427438518682977,7.318629,8.946492
6.782078648325119e+18,6.782078854483551e+18,315.5651501745698,-31.48745165622987,315.56488820669745,-31.470981940558016,21.264903648672075,21.30521111311267,-34.91047814765996,-169.29750776956038,-34.33238178460004,-169.69615518754586,0.7022215952600654,0.08998780982699292,12.73882,12.184003
2.412790692803959e+17,2.413481323541495e+17,50.36028874911554,43.32964658483435,49.95368287662431,43.72679916405848,20.95217888675114,20.64441335180263,-61.00784371509284,-0.9638340231558876,-59.89976422286745,-0.4407322871991363,1.2253471292868203,0.8237396184964149,4.930196,10.681321
3.6173450186062305e+18,3.6173452934841395e+18,205.948156395,-9.49648599148222,205.92304484532085,-9.476044702300271,23.676330043336247,23.695176975118297,-264.78338750336286,-101.3214288607222,-263.5196373754655,-102.96974811690096,2.0770220884839747,0.04109203976996285,11.18694,9.282221
2.9720060132192333e+18,2.9720060132163835e+18,85.62552364406176,-15.584178809346213,85.6257422857461,-15.583941075363285,24.763062530562976,24.882571072235518,4.935305035831032,-91.42343178959514,5.477052856379901,-89.43622047204381,2.0597328762908877,0.19395439590978475,14.128021,13.432948
5.601507827904047e+18,5.60150782790405e+18,117.52729834264711,-27.57301083059431,117.52109188669976,-27.56917939766818,22.44038294972066,22.45737524546301,-36.811409616609545,74.21746198007503,-38.512624132861205,71.6568306656842,3.0742419486020114,0.03411858384447429,14.475622,13.726434
3.313665885609888e+18,3.3136628963133553e+18,66.77717673131863,16.430092002554506,66.11855100326646,16.886053964801455,21.66732573514696,21.781982400489085,107.56779251043268,-24.91171284914873,112.37591155236862,-25.540146749299083,4.849014115084133,0.670948781641388,16.533167,7.6696334
2.5021094124800635e+18,2.502107728852884e+18,38.25329121417548,1.1017221280295413,38.25545094549235,1.0939251146386435,21.982430600346092,21.93150991726397,146.1342628483785,-45.91406307775364,146.35014507750674,-47.63760995415032,1.7370143845086983,0.10581653224370942,14.74667,14.334599
3.2940912113807063e+18,3.294088668760005e+18,70.88270138466457,11.166800947966124,70.75985241680286,11.074807972737428,23.422134762685143,23.513140862329028,97.90466811498428,21.544292884574894,99.075822128604,21.502075271031345,1.1719146942123853,0.20006110049929549,9.898149,12.825192
2.878112947206222e+17,2.8781129472062246e+17,87.96582000692949,64.39834986892863,87.96127169348884,64.39795100337318,22.574364899916063,22.59201810930476,-52.3708875884328,36.9806126797547,-48.641750369371735,35.01273328101005,4.216516776509979,0.03464878735834003,13.546116,16.98864
1.5692445773743662e+18,1.569244611734105e+18,188.35752785236528,52.44945077305084,188.3570495265675,52.45440237578216,21.84725119021268,21.81402356119975,-130.9438177106685,-52.87137181545185,-133.91415400579348,-54.254757746688135,3.276683436171287,0.06983419386044416,14.093287,14.961393
3.3104787106379387e+18,3.310178784482083e+18,64.53590962898535,13.331092286491018,64.67653033004555,12.510638445649487,20.953979195799946,20.74999895456128,110.06293046601724,-15.642484348565644,110.03357949625426,-12.110017411549151,3.532588872277767,0.8395539278109567,14.096124,14.114566
4.205316210291086e+17,4.205422768421828e+17,3.357850446110235,54.63534622090124,3.201634821395522,54.66530259364125,30.976599032214992,31.031365824932383,776.838048750967,600.1679011525896,777.1646523123324,603.6911465626617,3.538351043337984,0.07822501945237557,17.99675,12.582522
3.3094200140841856e+18,3.31262835895013e+18,68.4696324759209,14.850761740625993,67.66251575060892,15.691769659062851,21.94460899596352,21.86843191355519,101.81615258036,-25.70815437780425,103.48821587457375,-24.353763331160515,2.1517831598666417,0.9267913584269085,15.195518,5.4175873
4.950915703875685e+17,4.9509153602463066e+17,61.49203273618237,71.27630944102597,61.4876016522811,71.27553441239117,54.56637095218736,54.58814911966968,171.05851003791378,-379.0583260881272,166.65987674753654,-378.6851756557383,4.414432700631745,0.007329683479287212,12.547983,14.638643
3.311102820926311e+18,3.3119067700840197e+18,65.39669553192954,14.695153868168015,64.3677423441332,14.900983314066778,20.326692831232425,20.282956302607197,106.49657261059144,-19.73171837672036,105.84047506258158,-17.3536926911853,2.466874571916667,0.8796344113310695,14.278773,13.256185
3.5400333051770286e+18,3.5400335800549356e+18,175.43313195788676,-23.214429810938217,175.41679187178457,-23.19927086868547,23.69821672481073,23.73546556855741,-173.89085917077924,-36.80390191573703,-170.96465611659423,-36.55222488191221,2.9370062382767483,0.06805792858944835,13.842303,10.134044
5.954236032871014e+18,5.954235964151505e+18,268.06825448206126,-45.83951723294343,268.0580674373112,-45.86303712688452,36.507196129964754,36.47835529945681,-76.02399287094889,19.368042652229704,-77.74325564002474,16.938415677255644,2.9763991174995286,0.02463874859939429,12.540641,12.367975
6.063449715498381e+16,6.063449715498394e+16,47.4005724341664,21.04916636948651,47.400902513584406,21.048468609692677,22.006529641638863,22.12844766957369,404.2966552539082,-234.4951054876874,404.1303469344858,-239.0602700680425,4.568192870582198,0.2503610013822535,14.988939,14.315475
6.330135010884994e+18,6.330135010884994e+18,219.18197845261105,-8.507772114974978,219.18339452649732,-8.50946704970817,22.98287905323948,22.98402418434172,11.02039018267053,-208.32309242006016,10.980915114706349,-211.13349464509065,2.810679445871956,0.0027362706066306284,13.5623045,13.690977
1.474985575829354e+18,1.4749855758288435e+18,202.75178786563367,36.43942952573274,202.7511023583756,36.44102700803256,20.82699331033688,20.84118428476772,-134.61877674445046,-1.9158624837609648,-136.30612333842203,-6.394200352263318,4.7856711747308385,0.03272427702537488,10.361425,9.832334
2.0968694555813627e+18,2.0968753998174449e+18,281.200964390147,37.59470386573537,281.1932967031989,37.60520976091957,20.63856042696389,20.66319939662834,23.968665133225404,23.46086147762725,25.34702880895549,19.82417685368708,3.8891337694369685,0.058679113225419105,5.649828,4.3164573
3.307650109600736e+18,3.30784352486428e+18,67.20948986265694,13.04753577613368,67.09389131915107,13.822676224049486,20.7158275616805,20.77181149357056,104.0662360049054,-14.900380463272183,105.07476082538018,-19.53295525173183,4.7410833660868725,0.6717228283813356,4.974638,14.891436
2.8684768229785876e+18,2.8684769260578775e+18,357.8908635132911,31.456004582719668,357.9314457892742,31.45082597878652,23.124811427175626,23.136333752844003,106.65600458201833,-87.88646444522179,105.73589557940504,-87.82470249695163,0.9221795459367684,0.034079925741015656,12.503361,13.179649
4.900997562402606e+18,4.901802507993393e+18,7.607949525379981,-62.60067590887251,8.714179114938315,-61.916381256179015,22.344043765580963,22.512490562727425,87.49557872057166,-54.35935745394068,88.79854472356729,-52.774164813502935,2.051963964659323,0.745816197341493,11.137829,9.113744
1.416123117756121e+18,1.4161242859872323e+18,259.41085537136235,52.40531634143529,259.4602219974238,52.44624530851595,53.93727680192088,53.98174544127853,18.24754034766816,-194.5404332247088,16.953230261646244,-195.3570028220767,1.530367441539331,0.022434892899059013,12.69238,7.6491847
1.348286651937191e+18,1.3482858960229476e+18,261.7633527004181,42.23548578349688,261.8085430198927,42.21802434249365,20.553715394777665,20.54716848291296,76.95377374268787,-6.035557604079449,76.24847919266837,-6.165913369507777,0.7172398677343705,0.035607992948420104,10.127157,8.152379
5.318130592997159e+18,5.318129356046433e+18,129.38314960732893,-53.54464621997615,129.3757359403788,-53.59136114189668,20.663809125088505,20.682814242476447,-103.6588664029196,84.1213651447274,-101.12841402708098,86.40982153380037,3.4117769374735185,0.059553838064817365,15.350982,7.9670105
5.302194237098878e+18,5.302193859141755e+18,127.8158087847984,-60.41837752330781,127.80845311388936,-60.419602341035,22.657878203137653,22.600004251297698,-82.14629238088835,11.649339646942368,-84.11660058337071,12.624581533237514,2.1984565380179277,0.11305866156685834,14.60047,14.729466
6.635696954467048e+18,6.635697160627699e+18,278.3687770366884,-58.71286985230227,278.37297226178816,-58.70925687040638,20.96242900777124,21.270430958870563,21.644604293272558,-109.44118266046554,20.901085537038227,-107.7963422859454,1.805081715192919,0.6907821516873462,17.011742,6.2649174
2.818477390698771e+18,2.818477493778228e+18,346.9681725147723,17.148861278025763,346.97009342232127,17.170551737746507,21.250482948452625,21.22919254857726,105.04649287647536,-77.22126006734138,104.51070327987205,-79.13939102191645,1.9915563890403478,0.05046954028197017,16.434452,10.400649
1.9595705867588116e+18,1.959570586764519e+18,328.92246646884934,40.98169063107376,328.9210039263009,40.983039279941664,20.154937399823293,20.10863493261191,237.04440088840133,45.3183293709016,237.22786923886508,47.30357523330204,1.9937055373850867,0.11425575202947216,15.896977,11.08993
6.043895811637471e+18,6.043996348230362e+18,247.9144604614416,-29.13129400124553,248.11155312942364,-28.887010095613885,28.580586539646237,28.26739273797136,55.06881025478741,-75.17753051165558,54.366085577798685,-73.32857624879313,1.9779923755682498,0.42893612686596677,11.68185,13.903156
6.264288626756428e+18,6.264288729835642e+18,238.63052159205,-13.172601861566145,238.67255436660224,-13.15649081045856,36.25753093651185,36.26339674962565,88.4209336883464,-98.24141149736008,89.71418699773565,-95.6334480907246,2.9110096620581642,0.02163629475441323,11.783543,12.642428
1.3718211872422874e+17,1.371821144309198e+17,43.95045508894132,34.47241884458245,43.95058932567675,34.4735592303143,20.11430482153664,20.26235576772482,134.33941846119765,-97.06305352584238,136.1033121892711,-97.40121811433416,1.7960168075067215,0.3632602170124152,9.906559,14.642886
6.130529910504106e+18,6.130529910504105e+18,180.09282469868384,-49.51949873923392,180.0928946744008,-49.5201850804702,47.206472159175895,47.35566590266088,-374.3690487911162,95.69543796144568,-372.48096441344006,95.600660491136,1.8904616859653587,0.06673908689077035,12.869372,11.835838
5.936205661458555e+18,5.936205661458555e+18,253.8922573646808,-52.18612257020834,253.89137929225004,-52.18577597896876,20.576610302263912,20.621653442269626,24.5670561263824,-21.453878114279423,27.188726346602994,-21.92766776775163,2.6641380180705374,0.10615415862831373,13.066523,15.9004545
1.4144627521193477e+18,1.4144627521193475e+18,258.17174797701745,49.7611933758253,258.16885984496435,49.757910352782645,24.152028610371868,24.05983446382529,-12.303206681644175,75.30645410344316,-11.620323013217105,73.58893195320658,1.8482998785796867,0.15867977351872312,14.921009,17.0835
4.900780511935295e+18,4.901229043960054e+18,5.366400142986364,-63.852518727949786,4.609744564940433,-63.47775786238856,23.17993548039481,23.35551119232331,91.46885495752126,-54.92157177957278,90.05336315818352,-59.2067995507459,4.5129584625637476,0.49758867462584966,14.733041,7.3391776
6.357630601240674e+18,6.357629089412188e+18,337.67375451280134,-75.24012453291444,337.64687646646456,-75.26487529214928,66.47070776146106,66.50946818877851,410.9685366421155,-1825.8354631837465,409.51345499223896,-1827.8767274186848,2.5067952219209917,0.011059140932498072,16.185328,16.443058
3.9552078306718147e+18,3.9552097505223004e+18,193.0392326751397,22.737252905119703,193.0623707586413,22.79769767452181,20.49520561654808,20.514076826427605,-266.5846945570906,80.41476739420246,-267.0388636008215,81.64802613131657,1.3142285314783586,0.07065048299691445,10.737327,10.6552925
4.57885475598505e+16,4.734500934820339e+16,64.41279837486526,16.94772397450725,64.78389360834417,17.524630513050628,21.440406410424067,21.390700254048006,112.78276806267964,-23.819577109751293,113.12486444102618,-27.85180674507326,4.04671542909142,0.5623498719823222,8.107573,8.279239
3.4742233080060083e+18,3.4742222772138516e+18,183.7854288109231,-28.251227279079583,183.7996176999992,-28.307143635128885,21.110662721518004,21.36308420377766,-116.3596848631728,-52.51372018534879,-115.59636427132511,-49.330517039614286,3.273444759416712,0.561683985988238,13.595806,12.654965
6.105494997109894e+17,6.105267192044751e+17,134.3969425151122,15.581377287313588,134.31257024511896,15.322857248148477,20.454646410429884,20.329420344122425,60.07674015769896,20.78129221297762,60.731685344738246,20.39578152589544,0.7599813733773358,0.380121007617579,5.6507916,5.1951
2.433113374210098e+18,2.433113374210098e+18,353.3501203409053,-12.664509796971636,353.34242582274953,-12.668589582986828,29.306871560707474,28.98535427314357,185.53692118834823,24.221852318757048,188.3518177079956,23.39660631628796,2.9333723563356293,0.3785261902114065,8.5463,13.327713
5.516303854367853e+18,5.516303094147581e+18,123.5465494053601,-47.282562063061455,123.55011632982372,-47.2863779115243,22.95175175235476,22.975799955141618,18.531032475782222,9.753131387070278,19.78705482004289,10.239636109139362,1.3469517340564137,0.04573240476563341,13.926634,11.68543
5.389590533737966e+18,5.389590533737967e+18,167.79966095219487,-41.093016218287,167.80105286950493,-41.0924386710408,32.30526122455542,32.53868730435842,-1251.0766668377687,-137.0483348185954,-1254.776569512173,-135.1000636063079,4.181511750155911,0.22206387852689843,12.551908,17.698713
9.739692226137277e+17,9.739691882539905e+17,110.23043149855346,44.45594765949868,110.22402108194562,44.45157732765395,23.940297299828508,24.042180075109783,-26.664494493445112,6.372212505913632,-27.95557569099777,8.30081937708173,2.3208651667408007,0.17706967333710869,14.641078,9.933901
3.507497759677598e+18,3.5074976909581215e+18,198.08084167158967,-19.643816564562933,198.05610440900023,-19.64992017286222,20.197198725136374,20.10395479356201,-63.57555138661743,-40.06011533749889,-67.08159101147966,-37.65623337543457,4.250995452672507,0.23058567969345745,16.987545,14.800493
3.457654531090628e+17,3.457772041395844e+17,29.50495915828357,41.38063277664829,29.50466682298847,41.381413285800974,30.592396802535,30.659667444417583,-34.29141080046246,23.813478067338973,-35.967065736833014,20.360709637034013,3.837893862405993,0.07172220610865775,15.273712,15.136731
3.314063908819076e+18,3.314063977537054e+18,66.35479242496689,17.91521008711174,66.3729376285106,17.927768735352878,21.447339313427232,21.086509524006694,109.61815254023466,-31.353316361727813,107.31597291846634,-30.999864147519936,2.329154241052697,0.7980479113448221,10.60706,4.295662
6.483105665612243e+18,6.483105665612243e+18,315.7516580112428,-46.72611659821053,315.7499881550278,-46.72489539259755,32.66923944271439,32.6651281988778,231.34842334254608,-420.52301370872,228.6495052531298,-422.0686670509253,3.110177343440216,0.003954993728102955,15.816282,10.376576
6.202657667123672e+18,6.202657667123671e+18,220.33483963778,-36.65023580736175,220.33509085952147,-36.65322798618082,22.2783810119701,22.31442891340009,-35.55415303049561,-11.011813651847946,-36.34319073231091,-12.663945838831705,1.8308799136354355,0.07255010701086403,13.85204,12.581697
1.6761937942406776e+18,1.6761935880771402e+18,196.97199116361173,62.98318358268573,196.97497316123065,62.984017125586114,20.458539056435963,20.48892888723896,-36.849923776729085,11.148747912162989,-39.45545217065196,12.099790978343847,2.77367285837191,0.07251207645620374,8.349151,15.65703
4.0249689228763556e+18,4.0249689228763556e+18,175.97028367186462,33.30819158508087,175.969536610404,33.307497021892566,23.049245032517835,23.04731093144522,-214.9829249051604,-70.21203926112757,-210.81955413426,-72.45030184973459,4.726888574056465,0.0037088958551743257,13.095052,13.199829
6.628982099515477e+18,6.628982030796e+18,338.21066441257267,-20.715040299853268,338.2122182808515,-20.71498073347591,22.52155657207097,22.472236075973683,-72.91997874137721,-116.5574389961734,-71.41704004263072,-119.24558399272044,3.0797643180364744,0.09745673631864887,16.235477,13.039039
3.3104787106379387e+18,3.310478710637067e+18,64.53590962898535,13.331092286491018,64.53629289150157,13.331259196596612,20.953979195799946,20.934388473210237,110.06293046601724,-15.642484348565644,111.15798514707244,-14.546098512480594,1.5495827361160246,0.04466180676554022,14.096124,13.949699
5.02141226194555e+18,5.021415319962264e+18,31.350236235261782,-28.06785936842856,31.354386338968844,-28.05211009245568,38.35447778266716,38.35143056701512,334.4313490181318,421.4542601697087,338.7463907078693,420.63317669545256,4.392466602703885,0.007644302529590792,10.169206,12.208182
1.8972658670193034e+18,1.8972658670193034e+18,327.41796654080764,29.554412470054043,327.418935447178,29.554166728975652,23.157307217093283,23.144161280220057,-72.75190629996132,-66.84243251790542,-71.63875041690702,-63.265006863451205,3.746610512600101,0.024536922888909133,14.947582,14.928371
6.516599469855506e+18,6.516599469851875e+18,342.53146403458703,-45.97709034295778,342.5317824325158,-45.9768374989447,24.15175862253536,24.55156608846379,-316.41326213712614,-27.47376080508429,-314.8053713438519,-31.706946755071527,4.528264136539012,0.6742531248478192,14.59938,14.633731
3.313653894061044e+18,3.313665885609888e+18,65.99690955661914,16.721465710411213,66.77789108447449,16.429579986614307,21.74597706160512,21.7524975456685,108.74205842614374,-24.43100030064956,108.78997030370748,-26.28176339967887,1.851383157733766,0.644871600178281,11.733229,16.60488
1.3417412978877082e+17,1.3417419850820544e+17,39.2778047606988,32.89122418838876,39.27320113743592,32.89617276202132,20.20867607648175,20.19659014067941,81.68172379315942,30.2588660912724,85.6230385468042,29.28856658181125,4.0589953344834635,0.030104584385790147,6.110109,13.9080305
1.4757632741467894e+18,1.4757632741467894e+18,204.48710237014552,39.17437528925458,204.48420767099455,39.17253248055953,22.06767823452479,22.05710122510781,-227.192517090672,-147.63601734965357,-226.2445301236587,-146.13092970701717,1.7787546490856598,0.021850985078315302,8.95388,14.63543
5.34496152857913e+18,5.344961459859645e+18,173.61699588759217,-54.48625064775972,173.6179999010406,-54.49166049009358,21.96347210585816,22.05613987003063,8.792989810460458,-95.6812111781982,7.162648549285059,-94.01842873640042,2.328703088983642,0.19134125976706742,14.370152,16.886164
1.549521125478552e+18,1.5495209493830057e+18,201.32274780036377,42.69902295147208,201.34810026956583,42.69124799952864,20.4685891820883,20.463847373945637,27.19169459856892,-66.39727008851855,27.597323738906383,-66.22613795827473,0.44025129811585717,0.020606251698833705,9.118079,10.91412
4.488750104362958e+18,4.4887501086627144e+18,268.23568572507014,9.803084695597734,268.2323225102888,9.797077914484388,22.839288963535463,22.829233239572307,-5.868435871185048,-159.4821007382193,-4.99007298214476,-159.58830133788916,0.8847598161159014,0.019986037167137496,9.111752,15.612878
2.0122384650452168e+18,2.0122384650466227e+18,355.0340451634515,60.68692400867486,355.0329641598771,60.68733323587188,39.36485868112282,39.768259207409386,81.70859715620442,-291.46747927595527,81.70199163428431,-288.3294181503818,3.1380680777757646,0.25768638189494286,12.186851,11.147219
2.882262637208152e+18,2.8822626372072893e+18,359.7878793048435,41.20061473923188,359.7881134841012,41.20176501026879,24.51718655081609,24.442674908964182,79.54688344559302,2.8793854405670394,80.12098274378648,3.9213045856311095,1.1896156980459134,0.12434102353637687,11.456048,7.590561
2.2278617276215117e+17,2.2278617705280243e+17,52.75730591924714,37.83825069045465,52.75712753713685,37.83862850020429,21.12149923632835,21.170658743603,-74.44718229386307,-85.03265229839187,-73.26262626569799,-82.22560783569756,3.0467477085254355,0.10993864949052273,11.463109,12.687865
3.853582526642035e+16,3.853582526642022e+16,59.97117351482536,13.428194355765902,59.97207560211466,13.428963376887122,29.427383789668923,29.387397797288138,223.64986628568784,-11.533675044861734,228.1854077106055,-9.75285955901016,4.872621451723172,0.04624276464095036,13.709113,13.551019
3.3111512337978844e+18,3.311221224583178e+18,66.05246947657736,14.75815758342354,65.68458418346766,15.056034383369544,20.85619771465096,21.18773295114552,110.22626713190958,-12.401878513086965,114.26697815985808,-13.83439728546639,4.2871267353093385,0.8433098280835115,7.4817166,7.1384563
4.906784051581971e+18,4.906784051581971e+18,10.11468419994352,-59.45262733734352,10.118679059527269,-59.45268095956587,39.59120919706224,39.69610251876215,883.5138717108204,444.30976598610704,884.669603361085,443.11911401047416,1.6593275067032323,0.06674829527999072,5.766062,13.537024
4.2520646271634043e+18,4.25206463156962e+18,282.2773615673854,-7.607675294162841,282.2809980432427,-7.605648434594371,28.620096309617978,28.472628830670317,-56.540285108544914,-28.688282642388984,-57.88801265168436,-32.105282079439355,3.6731804588584063,0.18098391560442825,11.444206,16.853796
5.421903256336609e+18,5.421903256333751e+18,151.86790924916846,-37.50201857598914,151.86677942036602,-37.503809462336406,21.72081155597943,21.666181413975263,-135.28835533719882,20.157775935021583,-135.76647612366804,18.54631712983492,1.680892312811135,0.11609559330447675,16.223866,8.4171095
3.506586608135467e+18,3.506586432040982e+18,199.59133950659887,-19.89082808910285,199.5945726449188,-19.905723306544868,22.09925018121519,22.0565895270722,-61.26244884011888,130.39611172152112,-62.74550187062886,130.41348218641164,1.4831547540143422,0.0883421308226176,10.934433,10.381444
6.956135603919731e+17,6.95613560391973e+17,139.41620771686905,28.55543822365784,139.4188230443901,28.554557966960942,25.95809475912176,25.831354571688337,-203.02006724071916,-79.33744283560657,-198.3641408175907,-78.21372047080887,4.789614056553222,0.18902143720071135,12.540475,13.210149
2.534009921293834e+18,2.5340085125445806e+18,21.75777711605061,-0.1591698092664311,21.807608853846464,-0.1556148627425094,32.24189497467723,32.23331371736646,299.3549280345383,-356.7934669472665,299.001058575018,-356.9059641542015,0.37132090696507686,0.028279439426731678,7.764141,13.973199
1.2546948821498179e+18,1.2546956037043236e+18,216.44823322587197,23.615501815141084,216.4349897911252,23.612118882420447,61.20045006622718,61.2363739599362,793.4417456678227,-1118.9113502401951,792.5515191401824,-1116.404589621603,2.6601413626795885,0.010236323272898687,9.204846,9.006028
4.791554232262085e+18,4.791554442717279e+18,67.63991452653717,-44.00063177954988,67.63856990292389,-43.99550095224208,21.120446923758315,21.087290352933454,153.16194106973464,88.77673633410689,154.60347033297322,87.45033645120071,1.9589137975282807,0.07457186862238194,9.809593,17.228287
5.733849170579848e+18,5.733852125517349e+18,134.59374449854698,-14.375171986906649,134.58658559416543,-14.370809753239742,20.35092653734708,20.323063233560557,10.912857651356546,-245.9169604896375,9.19953092765537,-245.98542062531916,1.7146939238027756,0.06773477740125414,8.832873,14.705293
4.93055738276065e+18,4.930557382760671e+18,21.483620089783503,-47.89942334244365,21.483821208062285,-47.89432446394696,26.63989574931971,26.6423864204754,-24.450981906722447,-123.5081709164073,-21.821516828426567,-127.5426044836451,4.815676567880445,0.004845693682820195,7.8916187,13.174434
6.689681119965644e+18,6.689695237520243e+18,295.9352155296756,-40.79060285075449,295.9339869043759,-40.652338647673226,20.54519248908164,20.672285906399537,-14.525946302725703,50.92901113277953,-14.494000614440075,50.084606708151554,0.8450084966030479,0.3213383425219245,16.310213,17.581747
6.566046809856627e+18,6.566046912935892e+18,325.7603124542644,-43.49637530573716,325.7620104179696,-43.49541473568599,25.14022952406242,24.82623976835904,206.60875840170115,-62.31218207139552,204.0212705620984,-66.23560647763895,4.699824719242061,0.5030791481069447,6.5539575,15.718814
2.7039468307103063e+18,2.703946865070044e+18,337.07632381333485,3.0608916160309483,337.08281577529186,3.0639446686752807,20.242423522574214,20.21070961755104,-259.14177065030026,-214.72179017613783,-259.38454349584623,-214.8370103408097,0.26872726114315937,0.07776475651196166,14.811273,14.155104
6.834858882948133e+18,6.83485891730787e+18,321.9360506876852,-17.52370307598059,321.9499384455376,-17.516964919602966,25.58169244212045,25.4112009612856,220.32263034784563,92.11668135113273,221.20619387811377,88.65357627976417,3.574042703628277,0.2624669317245062,15.0508175,13.426628
1.2260313656352271e+18,1.2260313699279273e+18,215.38399699132,12.766632298462934,215.3842053827108,12.765474815864833,22.0221510033984,21.854144355507696,-88.90727949128384,-1.0424231378290043,-92.49159414715702,-3.2601755768950293,4.214942162508344,0.34908764685030097,12.889062,8.493761
6.601750151432831e+18,6.601750220152445e+18,337.8780248250589,-32.354522177681766,337.87668566970035,-32.34615910715257,22.11470529672993,22.08361658789664,56.832158734287766,-21.209934359664693,58.63981674938015,-18.857116609147603,2.9670488480434636,0.06400572822405837,7.709608,4.263408
3.0401149474674135e+18,3.040114951766827e+18,116.52447707994152,-10.904701177011164,116.52514078101274,-10.904739484039142,20.578559087684035,20.529066904798004,16.28088363129967,23.096438596837693,15.585522912642658,24.971647071460097,1.9999833380173146,0.11715404792606096,15.220529,14.973018
4.713480076238894e+18,4.713480080533123e+18,31.48529121847476,-61.37800717663855,31.48376219924278,-61.3785696881067,20.97518423888443,20.976640180739786,-52.17650540115165,-173.2172576345965,-51.23325426858519,-176.19814269291746,3.1265633577474494,0.0033970925850874555,14.230715,14.287366
9.701153999983625e+17,9.70115399999629e+17,93.21078316943846,49.317631605391576,93.20858191126712,49.320013178700506,21.588645381202703,21.32506238185121,-111.82525344941168,-73.13064290281551,-110.13645570743766,-73.88370692864089,1.8490925450849824,0.5725390080523222,17.935507,9.71573
3.637407596824111e+18,3.637407601119751e+18,205.25987528085128,-2.3667809884065107,205.26097315990003,-2.3633951115891665,21.099396678141808,21.10550403477269,-116.45387437821456,-8.088066650850793,-117.7398919181266,-7.127549517855071,1.6051274951665777,0.014027089086072978,14.329104,15.397757
2.1277900933774536e+18,2.127789646700855e+18,289.2041226676084,47.0094032597632,289.2140419513524,47.00040363072439,23.80223415041292,23.81732650226097,-6.330548485244378,290.1802354638403,-10.222323125691972,292.4121334092275,4.486343532394141,0.027872127772411364,12.592234,5.8986073
6.018034958869559e+18,6.018047019138644e+18,245.8914359505284,-39.22948746474345,246.0058026651914,-39.192965569776966,77.45445300678792,77.56546482061312,77.3976910067686,0.3858446568492385,73.7483592823494,3.3665386250642886,4.711916655354377,0.028411473451079677,11.0004,5.215097
7.66439323448668e+17,7.664393578084061e+17,176.354702685719,38.93674862778625,176.35730946791904,38.94571638537625,25.60502925387571,25.541593635533943,8.592385539162777,64.80117056846018,8.312035615398784,63.39610461163704,1.4327618164851383,0.09720010721253444,12.870207,14.439534
5.624029566946048e+18,5.624029566946317e+18,136.88977310641923,-36.15479797423931,136.89253206334982,-36.15278054061396,25.394054951856457,25.31903682133973,-30.05039524657048,-132.28159313298826,-28.25369439582214,-129.89380804501874,2.9882522606716813,0.11669580692832966,12.63602,17.56847
1.2642802527225656e+18,1.264280252722566e+18,229.5793086945672,24.9972405889981,229.5744942159888,24.99545396952999,20.447115279529203,20.38645263709281,-132.30500375332633,5.224888146932099,-128.9933528230776,7.145614549337805,3.8283445242971084,0.14558416284265707,9.830506,11.522941
6.788345452286982e+18,6.788346448719408e+18,315.8214157096032,-30.376656470748216,315.76113674872715,-30.35322416295464,38.4785519188277,38.37922757538448,14.31125279227794,-577.6204065354807,14.916555019569216,-576.1782812280851,1.5640064541409768,0.07207499815906711,12.636126,11.734359
1.16179807243138e+18,1.1617979006335101e+18,225.14093736490287,8.607144364659536,225.1453271060597,8.598757150543472,25.900870763733412,26.2550638459063,-106.44935747875658,-317.4875648318927,-108.22099988355654,-318.727571977315,2.1624834175511523,0.5208883041659685,16.967398,7.0855875
5.058958488093364e+18,5.058958522453103e+18,45.693987551696985,-30.361178850675604,45.69607159191597,-30.35976033225468,22.01255359920617,21.973459420759536,20.482609646306017,110.78209554974694,15.917935404375026,110.58344281379024,4.568994839617501,0.0808449725680604,12.434061,10.778371
4.781350438162509e+16,4.780395237376896e+16,64.35533003429076,19.029775860591062,64.01545924155742,18.85907582957696,20.89852976070232,20.81802907900175,112.7095032886203,-29.841473775204143,112.99087732712964,-28.06927769236524,1.7943941332875026,0.3563576588521517,10.348098,12.993462
2.2828460749810115e+18,2.282790893241302e+18,349.85682925919764,79.00133361746124,350.7290232368062,78.79433614628547,52.83969267459712,52.8343025839604,209.25030510421288,61.42512797666475,207.4464792811381,65.1654454269971,4.1525609242071475,0.08807057598517716,10.915274,14.020458
6.78794993733659e+18,6.787949937336589e+18,319.5217516627312,-29.513985787810125,319.5232794140297,-29.514258935894407,21.982573145753875,21.869596154286796,55.951625778864894,-135.94399248642168,58.59867136928075,-138.45138633624282,3.6460765592429514,0.23500402722403022,8.308572,15.876994
4.0964024410435164e+18,4.096402441043372e+18,274.53419103450784,-18.17199635556082,274.5435323377584,-18.169852630711063,22.732301738661825,22.703329697242992,149.80282764938167,-333.65394994257457,149.86369905519055,-333.74461506651767,0.10920390443920389,0.05657318547418435,12.944406,15.345433
6.534858166102087e+18,6.534858161806944e+18,353.01914761230285,-43.589958638933,353.0187187807096,-43.58863765843056,21.44751893139372,21.42354854323059,92.01128379985587,7.510951656740605,92.19772984819704,11.465511355321036,3.958952454700433,0.05217998913140398,7.8297815,13.922178
3.048357539467185e+18,3.0483566847718093e+18,108.07447287675596,-8.780892880881105,108.08914226515968,-8.808251411298054,21.79199358983545,21.75156997506542,-45.05990604346466,-19.083100074893544,-46.88201783455834,-19.324670488635284,1.838055397434469,0.08881867551994897,12.474674,8.970474
6.770227871488992e+18,6.770227871488991e+18,289.50788574788567,-24.569486746448877,289.50893745122335,-24.572954254909607,22.922412111705444,22.95530941593386,52.675729144465805,24.978722010420825,51.694140691153926,24.810490066666784,0.9959005364866863,0.06257956805551651,13.704139,14.040219
5.988075745193088e+17,5.987841068180044e+17,131.3640237968904,10.914637610185824,131.36068690903625,10.912791166488134,28.636613351189272,28.669529436236783,-223.4231603044877,-44.3025237560323,-223.49402198581984,-43.35549683984321,0.9496743430607311,0.040158158405039175,13.923736,10.86279
5.185536774940328e+18,5.185524920830592e+18,43.35655551592807,-3.4668624461997237,43.36718240049793,-3.4941484030137566,26.017653368730656,26.06307955525536,144.64115786224107,-14.342272980983386,145.09849990359885,-15.046661953539765,0.8398366314065662,0.06980480545233723,9.92029,9.432524
6.481828582855725e+18,6.481829132611542e+18,309.759506116196,-49.3313582907331,309.6593946397913,-49.32861215395703,29.75403830196403,29.71417226288231,-146.00174713413827,14.63411155906021,-147.56853930105302,14.056990473505106,1.6697025009557018,0.059181300208865584,7.194311,13.998119
5.643504911477979e+18,5.643504911477977e+18,126.1742101019412,-30.91478359284448,126.17473070361449,-30.912712776353747,32.550308216507624,32.49568078090522,-74.36471431193434,43.51226120640728,-74.10775004367838,42.22760591204904,1.3101029961354071,0.05165772350295721,13.44386,13.424663
2.3389436736244613e+18,2.3389445326179226e+18,355.8260849725011,-24.197702322487995,355.81321090634293,-24.174306269783315,34.4233954319921,34.40490192447934,1302.51688718914,-2208.534309794636,1303.2789333896694,-2208.9024060981683,0.8462914984892723,0.020496196908381052,12.141123,11.489533
6.241382604091946e+18,6.241382604089169e+18,234.50934524396072,-21.321787548099927,234.5084719645291,-21.321212986252828,26.33284751869008,26.36183143879469,-92.03161809252504,-587.152799226554,-96.06441015617526,-588.5972065443334,4.283657821102781,0.04175783096644461,10.732274,14.482344
2.331896697443504e+18,2.3318966974430945e+18,353.8666074583642,-27.48946609360292,353.86632296051295,-27.489212473035646,26.31533609544695,26.133947085157423,97.42433684362632,-151.63672706586513,94.05142774482997,-151.8479410488804,3.3795158137467585,0.2637528855189965,16.25668,15.766227
4.913168138422195e+16,4.923166822267392e+16,65.44163945529262,20.395550027325378,65.38237014650547,21.03971713386797,20.540163199450884,20.56339390615933,104.811415931944,-33.41532847520043,104.84915616019371,-35.96321883698717,2.548169857076658,0.5518163388838487,17.93693,6.688817
2.8503071871707126e+18,2.8503071528109583e+18,2.3164562697848825,25.281310829496064,2.3088156020406365,25.27684726939403,22.7774984411475,22.462428026670885,173.62674618934707,-149.51249464108258,171.4847261568657,-145.55955883944998,4.495992801526751,0.6158401008701272,7.618992,10.890702
1.547052653157672e+18,1.5470526875174103e+18,185.922124582004,49.06797239138163,185.92304942949727,49.071288797604296,22.18404387110945,22.192937667228904,-99.73863015657946,-44.07417115745309,-96.51006525617576,-47.39251588869615,4.6297994634203485,0.018258340560342007,15.2729435,14.294846
3.555986188102857e+18,3.555985775785996e+18,162.4550199251332,-17.984451249175525,162.44168885377803,-17.998346172075923,25.15043785026204,25.16577025369791,-112.93726571546728,-158.6752070645064,-110.5084982353366,-158.96303663651435,2.4457631396074686,0.02751577551238035,10.031639,12.991233
6.201900168033572e+18,6.201900172332643e+18,222.039479894888,-36.78403610024123,222.04323758941564,-36.78359448586804,21.47036161882981,21.526128404814745,-141.87417376846264,-20.3160917768508,-140.4138810447239,-18.720130766905168,2.16322592076533,0.12068721437791462,9.643696,10.22478
1.692427537957816e+18,1.6924276066772943e+18,186.903157779551,75.39728791510589,186.82586173872903,75.40440011066057,23.31180100811577,23.314804517171403,-223.02327736544103,125.90833382230524,-224.20700862591625,125.90421079248016,1.1837384408733098,0.01648119814260815,14.399636,10.081739
3.8215164251442586e+18,3.821516425144258e+18,149.44364814549826,-6.183652418919369,149.44892108985763,-6.185760634894724,26.479372734556872,26.691227618067952,54.90050382972432,-9.332179235070775,54.25153272584504,-5.668871989364688,3.7203472244016433,0.29977505377204927,13.8820305,14.348232
5.744327241514203e+18,5.744327241514202e+18,137.69209786896232,-7.487750561411958,137.6931004854441,-7.485902087356926,28.27972566946,28.256936084699696,20.50014484625088,-43.82743904331216,24.84022516360939,-44.43050609002678,4.3817789793593915,0.028548546750864507,13.129295,13.745091
3.380945384387443e+17,3.381050868784302e+17,36.175114079520725,40.128553209635406,36.06943636134448,40.12633427033472,23.954538070795262,24.05306197594996,-118.644060418683,-152.655925863327,-119.52880510479756,-154.59442392279624,2.130856139248706,0.18081400410741752,17.159267,13.911885
3.538007420643156e+18,3.5380074206413363e+18,168.69928090171362,-23.106558927363917,168.69872764763568,-23.10717960823016,43.32223724486094,43.70073883558359,-296.2531820178017,-367.6943249529013,-295.1662572930937,-364.2232683156904,3.6372571445950013,0.1999256958521284,8.619919,11.469223
3.313665885609888e+18,3.31262835895013e+18,66.77717673131863,16.430092002554506,67.66251575060892,15.691769659062851,21.66732573514696,21.86843191355519,107.56779251043268,-24.91171284914873,103.48821587457375,-24.353763331160515,4.117554273166212,0.9979425573157071,16.533167,5.4175873
1.724725623303577e+18,1.724725623304494e+18,246.54239977616453,85.98031901741997,246.54667756259155,85.98035578719774,20.28926565987015,20.291995460311966,-210.08275393426564,-36.758082147223455,-209.5429751185928,-37.74041908605976,1.1208688733529215,0.006635491888349655,17.521448,15.538164
8.13089746389964e+17,8.130905710236852e+17,144.5906562535372,40.23983896438572,144.57038172251558,40.24785745787599,25.978847109603823,26.139671972143187,-13.515019005364229,10.268402607224507,-11.898204192126704,8.779644801128358,2.1978375612216006,0.2371156020484221,5.2370076,10.9491825
3.630035787972474e+18,3.6300155461771817e+18,202.55182636426164,-8.57695246942416,202.5066423755024,-8.70917931639764,62.14845774403148,62.2806924078119,-1111.2045641613208,-472.5396084968386,-1114.0153193697552,-473.8586392027861,3.10486502846309,0.05196303351164536,12.355109,12.70625
2.415329873143044e+18,2.4153300793014743e+18,359.31754464519287,-16.512685711526455,359.31176815961,-16.506422776034444,27.25340539232116,27.24892769641041,398.7821280361967,267.7330560313532,397.8999454387497,265.2562748509062,2.629199716844428,0.008063908218934426,13.479828,10.347998
4.5846393079933783e+18,4.584638930036248e+18,270.1613501693823,29.572693853533792,270.1885898614352,29.56653444342975,35.40197793844217,35.36103372512363,-138.98181269215274,173.50209641933057,-136.680555366177,173.29363428894882,2.3106799302716747,0.03486489697156123,6.909487,11.62368
1.1227564417553153e+18,1.1227564417553155e+18,123.92031918558712,72.36068248051271,123.91884205287714,72.3602116122652,26.92819063250966,26.942690035436417,-53.56777034894715,-116.83697301301542,-54.72096469417388,-120.04430537175584,3.4083482887296404,0.01998933369525292,16.582283,16.319048
7.332947859470678e+17,7.332947816522797e+17,164.37781131862616,30.140492866040628,164.37549585291544,30.14003840955884,20.505995262879203,20.695665359339653,133.50708891836734,-230.50639467795247,132.44789081497095,-225.99462330818236,4.634434325278096,0.44693247129062735,15.104472,17.332712
4.0635851113392916e+18,4.06358511133929e+18,268.92376954808657,-27.54566124093346,268.9235979485838,-27.546604105914263,20.08818239488505,20.124981771263105,-56.99846583926701,-263.24156099920594,-55.88999781970042,-266.25543673633933,3.2112533860290777,0.09102953657271065,15.587913,15.093523
5.982345155045648e+18,5.982345155045188e+18,237.1528075309808,-50.757946519005145,237.15599130392908,-50.75480939742988,21.94253197253516,21.90895395847553,-109.82502421158344,-176.35724705366715,-114.1423709045792,-177.02536330500115,4.368736864680451,0.06990983102197329,13.34323,15.332788
5.485643629020704e+18,5.485642976185678e+18,111.0383603872214,-58.49133686258036,111.01968809823197,-58.52589310708104,20.046248418165835,20.20929821365932,-87.81499486817074,137.62569090055558,-89.6112481432341,137.19995875204938,1.8460156257322327,0.4036747709188147,6.427208,10.787979
2.542268834167664e+18,2.542241758693831e+18,5.379356315840189,-0.355750691926448,5.332514680767142,-0.4276397583197199,21.046275390274616,20.99440399634013,-24.56878851906536,16.39371150927021,-24.946456894062795,17.50626665796502,1.1749095115627128,0.13732087500710405,14.881063,13.831698
3.4051137408643656e+18,3.404812685132623e+18,72.38425479124014,15.888629620259284,72.64131131574948,15.08334362058648,20.62442127241635,20.50299348150385,86.74182616494376,-25.516382936765595,84.96745471098987,-21.361928883826053,4.517508443223126,0.7705878829041454,7.5957522,7.5717564
9.128523147326016e+17,9.128522846690451e+17,132.95023474559105,41.57933931163425,132.9457330605944,41.57090876051741,21.69376437842751,21.83579937290791,-112.28307967991567,20.259757062443605,-112.834748350955,20.32082760535588,0.5550386777674985,0.29992958919635004,17.920275,15.652353
1.59359638910744e+18,1.5935967670645622e+18,222.9738026599333,51.78525061086232,222.976660590177,51.78447652755639,30.740281638365467,30.740407385495736,395.3412167337568,-367.6576481625679,396.5056357917261,-370.7030221545635,3.260394837084169,0.0011038356793410602,14.742854,12.985805
2.7468837218490143e+18,2.7468835500507484e+18,0.630089080422536,8.495649069953153,0.6233369223541649,8.485254952769983,26.64485130718192,26.62680728948889,-96.1018111428166,-47.66223355814724,-93.86709820610828,-46.97124474797831,2.3391039834240375,0.026690501429500406,13.904485,5.6357393
2.6970804493146153e+18,2.700084315081609e+18,327.4015814295402,5.651793707515251,327.3033854442273,5.722746149927763,44.23162142858735,44.3083441343281,541.5657880443608,-26.77997081686288,541.9546293471167,-27.03448574094271,0.46473154111619003,0.06163623469114446,13.499303,8.325427
4.464231205519141e+18,4.4642312742386186e+18,243.7904373062105,13.698255198968054,243.77796063245265,13.713131973957545,23.001482702578137,22.998505444319555,15.431861277718202,-268.077858447491,13.417358407412337,-269.28843758280374,2.3502603382019434,0.015611709933771659,15.186596,13.0136795
5.493209501673364e+18,5.493209437253411e+18,116.05133455123536,-50.45608828290924,116.06786922206652,-50.465981281406485,33.285792092109375,33.31433402618163,-114.34423196074778,143.56570615352388,-111.72278688722348,142.70322586979228,2.759682321088889,0.02682952340047221,6.5130877,7.4130116
3.8719102728599793e+18,3.871910272860537e+18,164.3454267516194,12.60661225231741,164.3476505968742,12.605304027660038,20.09154221426749,20.07902564035125,-71.95330291084372,-113.41700522235628,-69.17961610191128,-114.93737251406064,3.1630452440220114,0.031104310295594174,13.416378,13.2437935
5.421639957659192e+18,5.421640713573437e+18,150.65508194487538,-38.38890488271265,150.6509307027927,-38.38568359860626,26.20145186150428,26.212878828479045,-133.0079596371661,-318.6071902184632,-135.52104154449563,-316.99113860929697,2.9878426123937296,0.01691473186729875,15.030091,13.034457
1.2614425893113357e+17,1.2614425893113344e+17,39.74179871043596,25.221121821452485,39.74126925891593,25.221687293867063,30.48823500358908,30.39773521350895,208.52471406971543,-51.62942245209344,211.97597423738117,-49.91107400720939,3.855375224663815,0.09765133194953013,14.728018,17.014189
3.992789584785488e+18,3.992789584785201e+18,171.16585959284572,23.51605619664477,171.1637740811123,23.51664638860381,28.990445950229635,28.92723965761108,-310.08083582499813,-6.612616337732302,-307.3086448624773,-7.621069351208455,2.949918679060707,0.07537963561689166,15.117735,12.350731
6.861708858126808e+17,6.861708858126806e+17,133.18590007977463,22.51380876570265,133.18663465798244,22.51489541595902,30.65269876269917,30.641213806844966,-36.964214628514455,-149.74387054449653,-40.54483802224397,-153.1469517417676,4.939820393793983,0.012249724806640556,12.872762,12.850003
4.568106256626326e+17,4.568113858784059e+17,34.510158101648486,56.266163065863765,34.49878750487633,56.27308139897048,28.183498523284907,28.13114026641989,-82.8143336807559,-68.00808644031939,-85.53954657665192,-72.06132757863298,4.884214271843084,0.0662940829079624,14.513549,13.101814
3.726846481127939e+18,3.726846481127939e+18,208.36003792930103,10.49154035662898,208.35962751268,10.491246994832611,21.013040420228705,20.58259484136286,2.620633814975584,35.142839465462785,4.11869671338097,35.4654062720647,1.5323974002523306,0.9952433141884383,17.13463,17.043087
1.511793067598403e+18,1.5117929301602924e+18,213.3713100908404,51.789924726280425,213.41801656857743,51.79865500821797,20.153042492182514,20.253148260529603,61.89865165655941,-9.61492925673127,63.91773971546249,-9.6068886234926,2.0191040689840345,0.24664126940766198,4.464427,15.206736
1.391679909118786e+18,1.3916730028113766e+18,228.0745902983776,39.655092597535685,227.964993054448,39.54990225512116,33.202336611601545,33.25821358507139,96.44357109109852,-154.7367537429609,96.1872746561536,-154.27711887822664,0.5262623598973709,0.08706297719990061,8.337263,12.514941
8.985060974667564e+17,8.985060931713354e+17,112.9889963316592,36.21795023145605,112.9890898422161,36.21837685594759,83.52137276007491,83.37884709560089,-245.22375214052096,-246.3725571652946,-249.67719510587136,-247.1194744380401,4.515643880772107,0.020466511378364066,12.269101,9.601197
3.7881944883142487e+18,3.7881906056638116e+18,166.99954557056117,-5.159199009183807,167.02700102170718,-5.231714230768854,40.29254567586476,40.17955120903149,-55.54712736023212,-442.6339498212537,-55.02658556026017,-439.7369375400724,2.9434068564901406,0.07746940280968141,13.09057,11.472005
5.271102109846912e+18,5.271149079609264e+18,124.81547213741744,-67.81443449832514,124.81866294185546,-67.80499008288378,26.61294628020156,26.607007370039963,132.03123232062583,-215.45526119788187,134.97406578579825,-215.20243977895484,2.953673555694154,0.010456685775176137,12.600734,11.284483
3.337021260634868e+18,3.337021642888652e+18,86.5644822366327,11.265614345437465,86.57135779118153,11.278950598308436,27.364693121324382,27.334037682118417,-125.40146915447713,-155.04143979646216,-126.76390966127728,-154.87799836329498,1.3722088895811761,0.04207882104177459,17.675018,14.693727
3.311000119668435e+18,3.3106349443687055e+18,65.51518023603637,14.077103275227197,64.9909642432842,14.035119724261309,22.026938316127616,21.97774049011765,113.77447283192949,-21.32101663168436,115.369072100897,-18.825387132746577,2.961572795755689,0.4173167985006069,5.6442456,5.5111136
6.020106919820248e+18,6.020106851079086e+18,251.83887407741145,-34.85228795388938,251.8391173989935,-34.85476065600577,27.537265211416607,27.55925844787236,72.72074673207655,-160.4685695824136,70.7541005621913,-160.40534637201233,1.9676621488095394,0.029022749560086714,13.944202,14.222863
5.830704393979103e+18,5.830704393965928e+18,250.21087936543657,-60.44677208574316,250.21141503057524,-60.44641402757557,31.370748110068455,31.378511834245387,59.084431002946,-73.2742085239207,57.83391992500482,-76.44920313410628,3.4123846106148523,0.007890902499548824,6.147944,8.758695
1.477880589944208e+18,1.4778807617428995e+18,215.10869712252492,32.59815653245546,215.1378716609821,32.62456467294702,21.907380778375444,22.136902507864352,-27.58500525474643,-57.65055370708696,-26.621492765692437,-57.10083234807322,1.109301532099786,0.4741409580662196,17.748444,12.717455
3.4665086877494257e+18,3.4665086533896863e+18,181.4308000095345,-32.61873896492528,181.42888496849463,-32.62242520698306,27.267786920518837,27.206829034909735,-67.86001125590376,-177.10732238931095,-67.36132053951846,-175.62037339114357,1.5683461842845317,0.08220832102343847,16.295382,13.902514
3.216729882489605e+18,3.2167535563493274e+18,82.99237509621562,-3.0613106321296617,83.02486524432214,-3.021331009586942,25.905133482489383,25.96241550432987,8.143644924223228,-54.02593550791966,8.063550283209821,-50.65725545476639,3.369632094462507,0.09194919975232949,13.246144,13.912359
2.4324355252914724e+18,2.4324355252914724e+18,354.7056370016708,-12.395638294989856,354.70603705627144,-12.395929202297712,22.941907444572728,23.050114160405823,115.49853699394794,-182.1806878974544,114.73165678307215,-183.197386046936,1.2734914153586672,0.2046219979928788,14.817951,14.66389
1.4516855887100378e+17,1.4522697042619328e+17,69.27173075653609,22.85712173500254,68.80537744580039,22.988809423385064,21.05986050557147,20.723091935199797,96.80446177731169,-46.45883820174364,97.80118559758746,-41.65819481424504,4.903023078452632,0.8580922003528113,17.316448,14.423778
3.825820772648803e+18,3.825820772648803e+18,146.5360707575591,-4.427614872539686,146.53607736707843,-4.427945611116166,50.32885706762648,50.45438224059232,-551.3032429478611,170.18857623836556,-554.264583372006,166.404142261132,4.805359261877746,0.0494328937058375,13.93621,13.037291
3.996290700391102e+18,3.9962910826439475e+18,164.9505436312891,25.28986596342757,164.962052363728,25.305019454350965,26.886383828636145,26.8135930628823,-127.72369911964572,2.237336254433074,-127.00229786683516,1.6457660779993637,0.9329389268341439,0.10167374831307845,8.288586,12.445255
5.932115237647475e+18,5.932115237719041e+18,244.84033889031735,-54.514147846907896,244.8380322894988,-54.51402757610042,22.37938236973959,22.41511523936128,142.8904852765514,-95.18810874237867,144.863419505199,-97.6331979640766,3.1418037450854066,0.07124030751550989,13.173944,6.927933
2.311313255656444e+18,2.311313255656444e+18,358.0518260117548,-35.22569180109577,358.0517945865519,-35.22704905435764,30.802211186242467,30.802589357211907,208.83248173409655,127.57792596838208,211.29421942962847,131.57502472603716,4.694353092818074,0.0008663231007242984,14.143801,14.719174
2.865994709839872e+18,2.8659932323716116e+18,354.49943407296104,27.665762228133463,354.4931953554978,27.66176302804661,21.841310279760823,22.02376994861139,211.86787069557948,24.758989370461755,211.7891951336529,23.82305594818584,0.9392343770207585,0.37935079105409003,17.201023,17.358938
3.895148897791132e+18,3.895148348033829e+18,182.3980049795853,5.456746854829091,182.4951155636489,5.453988785701744,22.9669807471924,22.85828668354247,27.305672345766386,-108.67275732221287,28.884700424169036,-105.7907265224581,3.2862488042020046,0.2197572078926289,12.993063,11.15714
5.140692368567916e+18,5.140692368567897e+18,24.793925396686134,-17.984046368022963,24.791818132430294,-17.982370580279845,20.697627661339567,20.653521479763292,83.64616647741168,-35.17877793694798,83.5480822786156,-37.08939108102344,1.9131291373996149,0.10320101518288093,14.949224,14.53721
6.514371309538745e+18,6.514371412617961e+18,341.5348820188238,-48.97903609290891,341.5154054048814,-48.97311199636236,25.341749508501685,25.31207215345285,207.62971640131445,-48.23034975014579,207.639803234924,-49.342157136412666,1.1118531415478605,0.04727376594779407,6.4825788,13.061227
2.3596034971110016e+18,2.3597901735695206e+18,17.62332209068762,-15.168601379547626,17.483757320622228,-15.174721546447175,23.0769765450122,23.15338566049429,174.3431994574932,23.71869704632079,172.6992053360239,22.26203300686345,2.196494205608966,0.17554509328585158,13.530828,13.497898
3.59619295750959e+18,3.596193846565801e+18,183.14893944151072,-6.372966070387931,183.0934335916791,-6.360984535560389,22.919475867004326,23.01390402929423,-285.9804562636767,-314.23356777352564,-289.8210394878622,-312.5434492134487,4.196019572048243,0.18409012688507242,16.915657,9.653873
3.7711841500790436e+18,3.771184150079043e+18,147.48432152070365,-8.8275120595457,147.48719060624026,-8.830736323901975,32.71531880711305,32.593975489340075,-302.10277356063847,-151.83673116959153,-304.8691249760461,-151.48696633058415,2.7883750816799724,0.11381923413804886,15.65683,14.226643
6.801191355870241e+18,6.801191424589718e+18,317.63151046646635,-27.183117804795064,317.62939346252875,-27.181317661676555,24.761013817973428,24.836685279374795,68.00918353817939,-75.67614375275781,70.15991602458388,-76.06303832919629,2.185254594172762,0.1230603863592453,13.57752,14.848869
9.083643874416575e+17,9.08364559240387e+17,125.01659129695626,38.57694746083617,125.00452885203588,38.57539606816316,22.52434660109524,22.471888770037648,-181.91045107088627,-256.6081431554214,-185.99048090122173,-255.9780602324634,4.128395318550596,0.10390273587229916,12.280472,16.430685
6.486001882317858e+18,6.486001985397073e+18,358.6132331290256,-63.203783520199536,358.6295144624238,-63.1942968845542,27.33610509070741,27.39016727050939,242.8390627744172,49.84067223045025,242.0675892645564,47.33945261924919,2.617493251161066,0.07260840569769768,17.202028,12.57478
6.213775241508178e+18,6.213775241504915e+18,231.80059802389837,-26.73347593643668,231.80046167922143,-26.733765958664016,20.20309253013579,20.368567440961197,-63.23481017571707,-67.98123310425788,-60.96470021404247,-67.10038564951549,2.4350136501918023,0.4021183721890414,13.329429,14.0198145
2.0593723638702208e+18,2.059372363884259e+18,299.07523242707794,35.08145236272052,299.07636376369845,35.08329669254902,23.42029689406036,23.548195310556714,-31.88310107129236,-29.36588110795444,-34.16523173133453,-28.39344534428902,2.480675646665654,0.231912757188486,11.567958,3.6234016
6.67145681781155e+18,6.671456813516369e+18,297.2752631671436,-47.46231403099227,297.2735889651099,-47.46255188789882,20.19017329454119,20.43402217040398,-61.0103022644052,-53.92175450447628,-60.570849991595225,-56.414011911192006,2.530704502980787,0.5910544139924808,17.52879,12.595697
6.911076930221036e+17,6.911076930221032e+17,131.34435042856578,26.02482488525814,131.34565813891294,26.02485430332404,20.89831511766609,20.515650521381925,135.15592350217918,-191.76020968702144,131.43293753691765,-189.1447987036233,4.549835064001103,0.8925282793364785,12.493002,11.932165
6.690416968123221e+18,6.690416968120938e+18,297.90038926814265,-40.42416606045097,297.900140059948,-40.42336284105686,35.15881076269443,35.20384186336883,60.19411239876432,-196.0350867704994,55.527975793804025,-197.2848978733259,4.830616793836866,0.03638445077986284,15.68522,12.384576
1.632112552014817e+18,1.6321103229233413e+18,256.57224951108793,64.63678748729981,256.8663716904276,64.62550984079857,36.2285770742813,36.37496043983657,-126.25402043508586,219.53320030731487,-125.5512930188584,216.12970389390156,3.475286126009623,0.12664492641422495,12.090807,14.000023
3.410118477275889e+18,3.4100761503744174e+18,71.51173180643754,19.46816920634623,71.02831552399883,19.03534393734991,20.113745166945517,20.30727075667781,85.1733272274157,-35.7229737604877,89.04999367949891,-34.304519709190686,4.128020672955546,0.720783425866549,16.80169,15.546968
1.9440599094092352e+17,1.9440599523364646e+17,84.27999374542993,41.8288330892483,84.27438331885962,41.82845987706343,22.82208944840522,22.479366125733563,5.71755669108493,-30.223236274147453,6.10355225410887,-35.080161966100704,4.872239705908334,0.6680504872574217,8.455776,17.540672
3.310702770492165e+18,3.310478710637067e+18,64.83451345915711,14.316347980068391,64.53629289150157,13.331259196596612,20.85092023125928,20.934388473210237,107.93602845660207,-17.7577790655432,111.15798514707244,-14.546098512480594,4.549274325668575,0.8787890320726777,11.98053,13.949699
6.387813329294043e+18,6.3878133636538e+18,352.75559387734467,-69.08690616733932,352.76417310752646,-69.07728471062337,33.033650625990006,33.05302031607514,185.6576575025582,-126.52710588307438,183.2783067347927,-122.67847435128414,4.524740295702781,0.018524409760876586,8.854012,6.9521275
6.48998699781711e+17,6.489987341414473e+17,123.87976342053692,11.42528730403918,123.88744067472015,11.429905767179273,25.14940770132819,25.20058425169103,-198.35332658341449,-230.42304100387776,-200.24971273033407,-234.20354315821947,4.229477149389848,0.0809798383882138,9.315979,7.552212
1.1206585392094025e+18,1.1206350715080974e+18,136.7582835320412,72.43570629142235,136.7367057069697,72.43381445863446,21.293573983428143,21.275199788804237,176.4120631497872,-459.79503486934345,177.89686906886908,-458.3766204041977,2.0534235345576692,0.040938303663450554,16.095543,14.742196
1.4542618819114406e+17,1.4542618818885888e+17,67.30279189261708,21.915444648174574,67.30263756621837,21.915593633889824,22.65951584458991,22.752666439704388,47.910834789979546,-168.36856030790403,44.21664513749139,-170.7619542925475,4.401746466378782,0.1806770018973612,14.370264,14.232731
1.1506874086624973e+17,1.150691145269934e+17,45.54170833439374,26.012509669005134,45.5414720811841,26.01556196303803,23.5687371819362,23.56836677994042,157.32162205374834,-74.08290468346136,158.22809659794925,-75.160150262595,1.4078899591399854,0.002361871122236757,12.530272,12.42591
3.38094740299867e+17,3.380945384387443e+17,36.16943638810095,40.139060821095256,36.175114079520725,40.128553209635406,24.13429809583044,23.954538070795262,-120.34753370241374,-153.7350844648755,-118.644060418683,-152.655925863327,2.016532795587644,0.31104523694855357,9.52422,17.159267
4.933038018432607e+18,4.933040900355015e+18,15.727808791070991,-47.281869316028846,15.683104571513343,-47.288165837389805,21.35428500273869,21.328795409971818,-37.90758689693949,-133.51532945057974,-35.029628017348294,-131.9796802243332,3.2620340063661812,0.06142943275704475,14.738648,7.5678015
6.864024318020621e+16,6.864028183594624e+16,54.57412863890139,25.504996603853535,54.58082722352369,25.52124806308272,24.11584570799791,24.252540640756475,67.79706312298217,100.94534845152197,68.30316556665849,104.31631276169692,3.408744646342471,0.23405303702332783,13.044781,14.894651
4.221276278661427e+18,4.221276244301687e+18,300.15208864513954,-4.353940114306196,300.14808096724624,-4.359117270063289,28.386819805335367,28.401205178301517,82.89546347421005,-49.922936987135,86.79082001746866,-51.02131622182122,4.047250862288819,0.018290240422069268,13.081117,11.823297
1.4671672578815867e+18,1.467164096785657e+18,195.58567105010303,32.45308849538433,195.6383914147812,32.43345838718155,31.572103073528147,31.499892808670637,-194.107021340503,45.94689143472658,-193.3590666801692,46.35919296534604,0.8540659963177218,0.07743590632610484,15.656696,7.3666887
2.7330553359040343e+18,2.73305839392075e+18,338.5790836043328,14.948304696746405,338.583435746147,14.965956051122518,29.52235256470349,29.545846936490086,133.4298595206299,-32.40093217050807,134.05537652136226,-30.98333497454185,1.5494687245041485,0.02899094945970554,16.503765,12.127056
3.331124107355886e+17,3.331124107352119e+17,32.955320622043985,40.71256573426754,32.95703049288341,40.7120444704667,24.28905999648188,24.324298407350447,-8.968300968647384,-157.4728709090753,-11.582588748940047,-153.2223239653655,4.990155300075184,0.05965223151065834,8.737712,12.914595
6.260165183273712e+18,6.26016559559058e+18,236.81067515281356,-18.54882454133977,236.807100646464,-18.50541915128261,20.21689166636673,20.20973532216337,-7.3893747467348,-141.29544855472705,-7.899133384060493,-140.71683079323833,0.7711370709791863,0.04147281612193144,12.219104,13.34512
4.836351913687261e+18,4.836351913687261e+18,57.25558839063327,-44.22926176909629,57.25276479596883,-44.23007748528114,20.38896834141279,20.43982179760296,-66.28185368876791,-64.95164623674069,-64.5012077207215,-61.632938697098055,3.766234166538347,0.12203905611438785,14.115245,12.195652
2.611384547405131e+18,2.6113845474051835e+18,341.72193317349206,-7.124082072362396,341.7213259304917,-7.125171177125583,20.85713535857605,20.894264462876283,155.77847502056667,27.689795939916884,159.16542440108955,30.492301769340617,4.396073819919124,0.08520500727228807,11.060921,10.877454
3.7938293136078e+18,3.793829382327277e+18,174.4949160496097,-1.5988585821907744,174.48751508877183,-1.5897480624389224,24.506682247568698,24.5287398123541,-304.1396932211362,130.3720418153248,-307.65654816076346,130.2107576037978,3.520551272637353,0.03763327362696936,7.478302,14.57498
5.849458622085287e+18,5.849458626403614e+18,215.1836090394336,-66.03976650751765,215.18131564689585,-66.03792208574946,25.456333655218646,25.445662431552755,-240.91166159051403,-145.88890065087293,-241.5804451441243,-149.16266149847155,3.341374197669162,0.01653503413393678,11.088519,12.81686
3.312564037520034e+18,3.312613000147192e+18,67.96911967367434,15.49937349658422,67.9373303656096,15.629243097689292,21.871807832755163,21.9411429349474,105.36486514556807,-24.24098903749085,103.60681970600947,-23.577862998495743,1.8789518118211896,0.1793762985566011,10.49808,11.270382
5.840558384667909e+18,5.840558388970325e+18,198.3957811208565,-71.6277439135152,198.39186704913948,-71.62735841897016,28.20233467811539,28.1575257074116,-176.36989961697537,-109.2171947743262,-176.60565326358912,-109.35901311163904,0.2751221959236609,0.05643247747701764,12.215246,14.591623
3.1265446746062996e+18,3.1265442966472873e+18,102.79130725963122,3.094931216034961,102.79093742573416,3.0901098175676647,22.476406586568555,22.43635908803871,-88.70975469215378,-51.58795807624534,-86.294308953038,-48.491923496653136,3.926806366074507,0.07950270597576431,9.129725,16.934124
2.0510697110472038e+18,2.051069745406938e+18,289.9121513252043,37.32972399624875,289.90173428305326,37.33460085465486,39.830505038079934,39.31824251629437,-61.4451254226282,-183.7346047482241,-64.72724412362189,-185.0598277751957,3.539564837466368,0.32712907231066174,6.1277823,11.480082
6.521427876406386e+17,6.521427876406381e+17,125.86991378310957,14.528146046124498,125.8739583587768,14.530163923578398,22.623008883346117,22.74756416615479,-82.26550324131227,-295.1545169479961,-81.41376873397587,-295.5220024987869,0.9276299375438375,0.24205800631147756,12.037366,16.646332
6.903571174203089e+18,6.903571075420379e+18,312.32753514723294,-8.746050112928168,312.28853954502773,-8.769158482174443,26.11749930440935,26.186131904302982,21.00478719466442,-99.64909392601984,20.72572318986738,-100.98553858400052,1.3652695860592712,0.10473794682624862,12.715992,8.952151
5.000558443376466e+18,5.000558409016728e+18,9.899727519056434,-38.28321827522367,9.897837039977894,-38.28853398519339,24.94921410589065,24.99576531167576,99.7857037403696,-64.81338813136972,101.78771986949695,-66.58742580965767,2.6749351889852195,0.07474577662329099,11.357381,12.813597
6.667804102747001e+18,6.667803793509358e+18,305.55720236141013,-49.73827833916789,305.5389243474124,-49.7361903167883,25.934574920423135,25.90248689512436,-15.655644297910657,46.7472945194256,-11.826549128314962,46.36000978868195,3.8486308319307874,0.04844463526817267,9.748482,13.747041
2.497895053130247e+18,2.497893575661498e+18,43.38507442845183,-0.5625435528199415,43.38097735030959,-0.5690035432855579,21.25868798689652,21.207178200560545,93.1755070004574,-25.69838686256275,95.6242138444084,-26.942668271461585,2.746707380145134,0.11442662880066623,16.310303,8.947497
3.0282290206124616e+18,3.028228853115437e+18,112.65903246773698,-16.000558879727247,112.66694067697098,-15.995067791038643,27.57490122271207,27.550294902457207,47.14488562413263,-106.82061485921604,47.42793174770754,-108.57223735766644,1.7743439590869674,0.032929508631931996,10.689182,7.576313
3.916347460744819e+16,3.892914119192576e+16,60.248464510952175,14.345864861471355,60.18788343489715,13.906261435698088,21.96957786570396,22.207221277727587,128.23816554333953,-14.906157104815104,129.1616867319085,-14.793878260018896,0.9303214093659313,0.6000592036558254,13.77109,13.338667
6.697411064666577e+18,6.697411099026315e+18,301.0315310739065,-35.80726096275476,301.0335293696151,-35.806903516099275,29.39402599304944,29.41634744779577,187.457438512862,74.25368320857318,183.88686730195664,75.07987014969557,3.664909771580661,0.025833936963405524,15.920665,11.655678
5.51765484922976e+17,5.517654849237925e+17,72.21049053129624,75.9406249877694,72.2255960871581,75.94105545990462,21.014239769627924,21.08956985514457,37.476239384416814,-133.8525556230275,35.15607901485422,-135.10593203993034,2.637062112074153,0.17000338242878732,5.898362,12.96752
2.506907573852535e+18,2.506906787870476e+18,31.88347888390636,-0.5985395028244029,31.89169357592961,-0.6189509702586562,26.926731415302097,27.024296097565625,-248.54033086854645,-345.15357946727244,-249.6881162655189,-344.6293439647305,1.2618376201511008,0.13483071461396026,9.969917,6.7326875
6.059584403780778e+18,6.071593819524535e+18,187.71551492840305,-57.60448826670439,187.5671339464056,-57.62214316527099,32.97640733198124,32.93670822778217,-248.4515854287331,-14.506329262100454,-249.0664050021465,-14.150050300807456,0.7105897593634827,0.056523888837947886,12.063248,12.448328
3.369198846380425e+18,3.3691989838186824e+18,95.4035413080111,16.309385875384283,95.43403931928518,16.322194176487333,43.04608496581096,43.05810692600297,238.6040501822605,-149.49733369822454,241.37863377208924,-148.96392166125082,2.8253924502864103,0.014485606656898155,10.826626,11.581482
3.3127442199887826e+18,3.31262835895013e+18,67.16608051054888,15.870784455320392,67.66251575060892,15.691769659062851,21.81251596251546,21.86843191355519,106.14776250704207,-20.293824952737538,103.48821587457375,-24.353763331160515,4.853482041469339,0.4242009414010536,3.3779078,5.4175873
3.8316712740199475e+18,3.8316712740199475e+18,153.43124336367967,0.0100243426281055,153.4356139311455,0.0097209566590182,27.32880018936433,27.40545547360906,323.8602933626401,-281.5068234915781,324.82166496385486,-281.3797792934084,0.9697296447519769,0.10238734310065171,16.14073,13.554309
2.7730865957670016e+18,2.7971111309917225e+18,1.4811531233418538,18.07455631774026,1.4774133964640752,18.23434964150489,26.642588543774863,26.69783023150017,-154.1629841988377,-150.60413871872686,-150.8554013328841,-147.97778927873432,4.223483845843261,0.1302765289306186,9.191535,7.318629
5.596797039059064e+18,5.59679707341877e+18,121.75390919459994,-29.40451664155661,121.75584240248016,-29.40273628071432,38.95805236436632,39.01329907213575,339.6440105416952,-355.1480078938252,340.91248167595256,-353.0435352791211,2.4571984056000966,0.036365891032866825,6.6477046,14.5445795
3.4050823747196744e+18,3.4051137408643656e+18,72.24869984103235,15.604736047382485,72.38425479124014,15.888629620259284,20.576005066796807,20.62442127241635,90.57549494790176,-23.74245513459229,86.74182616494376,-25.516382936765595,4.224196513510005,0.28824896177956993,14.185166,7.5957522
6.580956466713912e+17,6.580956466713914e+17,130.82618531092592,15.913209313715544,130.8262110438346,15.913720871950304,35.62036997985115,35.27259929731591,178.8569696703645,-149.7817010988624,174.574434460562,-151.63290796031424,4.665519763872443,0.27679437306992916,17.532274,16.975012
3.314063908819076e+18,3.3140795081401984e+18,66.35479242496689,17.91521008711174,66.07110065917192,18.00278420332121,21.447339313427232,21.496896698223075,109.61815254023466,-31.353316361727813,110.9135626017914,-30.66859095747958,1.465242678468429,0.25443901643352285,10.60706,9.650242
3.3094200140841856e+18,3.309419984020798e+18,68.4696324759209,14.850761740625993,68.4626315976831,14.844319676275646,21.94460899596352,21.635396574818312,101.81615258036,-25.70815437780425,103.08256504033994,-24.426545849169408,1.80175496099276,0.6513177218664767,15.195518,4.6015615
6.004256802548181e+18,6.004256909931771e+18,228.4934552824585,-41.46412940679009,228.49413752840096,-41.45946029397242,23.188709828489444,23.19125506213221,-253.36685138313305,-252.80735361242165,-255.6878075646959,-251.5201286300965,2.6540131408598495,0.005907376476383568,8.270233,8.480835
3.9451186432563707e+18,3.945118265299248e+18,196.91845594764368,24.02057797444128,196.9141772405554,24.01047001097147,26.70192018338576,26.75019970720097,-262.4411601126189,146.1135391671353,-261.5268595528983,147.93358181257946,2.036786867775022,0.06796121323065986,8.345107,7.9785547
3.2254081559671613e+18,3.225408155967879e+18,75.16450287954474,-2.063840628673592,75.16580684314256,-2.0660401606790866,20.54897553635496,20.375748060139276,-12.05470969135147,2.0272562971288304,-13.34191171482855,-2.2053681021955454,4.424025130466544,0.4137319625708917,17.15617,6.2521524
4.267571976084439e+17,4.267327678307368e+17,12.61599965615356,59.50163103379674,12.597314331830198,59.38506072275888,21.354934958773757,21.3872894362028,162.69189907715474,-159.99734410150583,159.99805646094063,-161.61368867596326,3.141553409431274,0.11891857786228582,9.811787,17.617943
4.528164989180446e+18,4.528164920461108e+18,271.7469451508368,20.5949127190992,271.74879690368226,20.5912461667695,20.5255085266937,20.63295832515773,38.72173925564144,10.79891026432757,39.02124328037119,10.513800835875095,0.4135094279721029,0.253740671237135,16.737413,15.3196335
5.585594664827857e+18,5.585594664826866e+18,111.02886768512025,-40.05072674421379,111.0190519162422,-40.04539567319166,23.177353625749127,23.201063132216884,-24.763473021726828,149.56835827491204,-26.08477425383777,151.06782553273302,1.9985592318605603,0.044633024095732866,17.867046,9.417617
1.504126825852798e+18,1.5041268215562926e+18,206.39996933355755,47.565518253269815,206.4001147980915,47.56527467414924,20.43213579974705,20.344115750830017,-197.2797891919,-54.07929153209557,-199.50946769796897,-52.02620730086775,3.030943929033049,0.21175285073879027,16.560692,13.878211
5.555321776816126e+18,5.555321772519758e+18,97.39396280469538,-46.80568752569323,97.39125841928768,-46.80986711006942,26.871176683744714,26.662336372559736,177.9510650784542,79.6982476982918,177.69923882579755,79.34080475231715,0.4372435490137312,0.2915091205441809,13.343686,12.209626
3.3136894220306504e+18,3.313978112552491e+18,66.6676726168485,16.74677258632566,66.02452121402943,17.443985101312077,21.85212884110757,21.61924104437301,107.47186617521814,-31.53080384333542,110.58004635581656,-32.8087266938356,3.360635482597802,0.8944821965800486,7.950683,4.7558556
4.433378806161596e+18,4.4333788061643023e+18,248.2612233082497,3.191554981226341,248.26002193662904,3.1928626764008827,22.01179904725075,22.130070381240987,-369.4117075510945,-189.6888924992055,-369.1468711072951,-186.1583743312819,3.5404373848442834,0.24279985001925944,17.79365,13.38721
6.087870714772042e+18,6.087870714765831e+18,199.15889044633607,-45.33222769163648,199.1593560188015,-45.33215533533741,20.936308809835104,20.97582664843409,15.934681453107292,-3.896967758607735,19.14495270372402,-4.300566266477626,3.2355421891996854,0.08998623312884527,12.104956,12.428887
6.311599718742014e+18,6.311599753101753e+18,221.35869776940976,-13.198681188608989,221.3627861142151,-13.19471921922528,30.47428721786951,30.492349115502,310.5141984966009,-373.66589899228256,310.8771897514821,-373.6465513077146,0.36350651165882164,0.019701608425853417,13.4508705,13.355407
5.43446878445328e+18,5.43446878445328e+18,149.71028358648388,-35.88452604020695,149.71732201067496,-35.89104376556409,30.2188930475436,30.049949540329056,-89.55228154533881,-11.730571267392254,-89.7277469764991,-15.9447050586076,4.217785168520949,0.1861131160931954,10.646941,5.1516953
3.711120235035327e+18,3.711120269395066e+18,203.30793148461717,0.8607393877571715,203.30972062044165,0.8661806253785739,22.9440061639882,23.054293973534065,102.9043795011496,-67.91680386126198,102.41014682773071,-66.67776979420911,1.333968273532906,0.2085454821880129,15.607668,14.149548
4.139560437048992e+18,4.139560437048993e+18,258.47492808816907,-14.518379057695524,258.4744154911578,-14.517808205355632,27.015316187088917,27.120270153502503,-36.87647162495858,74.68550547499497,-36.73299443063623,71.00735474310707,3.6809480452429755,0.14325088275188963,14.749078,14.729793
1.5415370561525335e+18,1.5415370561525335e+18,188.82181530038463,44.84545374511069,188.82196525154933,44.84628030001915,21.16985178227861,21.173016563631556,142.77329279886857,-2.015329446809822,144.74699817260185,-6.224609918559404,4.649038071704298,0.007093969850492687,14.966539,17.522852
2.6572299947408742e+17,2.6572447694202125e+17,76.66908986187244,51.59695829274448,76.70466361473483,51.60881742896875,37.055064098479605,37.21154228754877,-28.55662871212375,-171.8215934348077,-32.38586231010227,-173.02605965948027,4.014195913787028,0.11409285297462504,4.898983,9.041392
4.398623381046658e+18,4.3986233810466596e+18,239.9317425514322,-5.084548780982609,239.9313373243902,-5.08283016574749,28.35576516591447,28.406143195906477,-104.71520203591712,-87.8721119756509,-107.99483632869716,-87.72367957198527,3.2829915127573543,0.06255369302806849,12.311144,12.822207
1.9802726685107085e+17,1.9802727114007514e+17,88.9293957002229,46.84443796140585,88.93244720039185,46.84707955960631,33.365825441621695,33.56248391329198,14.068331166051628,-532.2501231168138,12.720574355033405,-529.4370401389497,3.1192762400908127,0.1756217897555677,16.996769,14.059253
2.605058953931701e+18,2.60505747646292e+18,342.33629356846893,-11.185842078277874,342.3326504206088,-11.193895181859354,20.1885619931556,20.219799267812704,-94.57236076320356,-157.83223868258733,-94.3570229484481,-155.8590844886244,1.984869730641571,0.07690036855016374,13.903978,16.655403
3.596869741276321e+18,3.596869741276321e+18,185.1843702411269,-4.862527145160712,185.1851816580023,-4.861214935465734,29.77460525894753,29.76887391602624,-302.8722035475716,37.88257730102608,-299.31343762259075,34.746551996943666,4.743360582609116,0.006529007407544364,14.25304,14.030239
3.0942900199676314e+18,3.094290054327367e+18,120.58423875672642,3.327069315361786,120.5935504526876,3.337110091341309,36.44827179499152,36.61053015816239,-399.4153434848449,-380.7369825516057,-403.19796827775485,-380.9280968279645,3.7874496683870302,0.12177298005352068,15.9218235,12.454006
2.1090004017289226e+18,2.1090004017289224e+18,275.42045470085264,38.68099311234096,275.42153678975245,38.67998173506369,22.37649186730936,22.40515801096793,-16.616341235369745,-477.89392840393583,-13.44802751213922,-478.94877038639726,3.3392968506519494,0.05718726503921258,13.523131,15.675088
6.196088527525591e+18,6.196088669260028e+18,201.8927303519472,-21.666001117769262,201.85292305229083,-21.65536160279678,25.85924374378874,25.84309401747191,-198.4169336815163,-9.593423381465335,-197.4937108192754,-10.001045973718552,1.0092059408661325,0.0354892982914646,12.402849,9.544232
1.5017881302593306e+18,1.5017888818785385e+18,203.8581832516322,43.76571684732215,203.85388252286717,43.77051859058662,23.749910032542385,23.97413481434366,-122.23498113563662,-13.248778549507794,-124.5698181297701,-15.268960899183648,3.0874909740946825,0.3938249209259545,10.490233,14.780831
2.2544187516022292e+18,2.2544187516022292e+18,286.6577973128,65.01686797029414,286.66026309388087,65.01725224555702,24.899226053036923,24.84127322196045,14.607422933513035,-297.1966525308755,11.963748391568387,-295.9937030721702,2.9044969416278605,0.09369792376395014,13.169929,12.673832
5.920369910808998e+18,5.920369945168735e+18,266.89701785132377,-55.796514359838966,266.91520046855834,-55.79136156338668,22.432768854158493,22.464114008837235,-12.975238709369854,-173.57389047314092,-12.621255272697995,-169.4375453956101,4.151464184339239,0.06283461048388758,11.452168,8.868908
1.2584106129765384e+18,1.2584107504154929e+18,211.1914767051333,25.81725488981903,211.20736247992252,25.840084710244582,22.693458600326707,22.65000048921241,7.346857644672077,-110.32576626730189,9.086857026071923,-108.82551382281156,2.2974671367554,0.08705381199331473,6.843076,8.659653
9.502592808570063e+17,9.502592808584622e+17,108.01523395547052,44.935732233775006,108.01711560720123,44.93511761777064,20.75582147367277,20.695840069574864,-32.97416772071851,-211.8942699728116,-36.33465935286565,-214.97176893140056,4.556742679792999,0.1396402562811743,12.5752,15.114188
3.238868098140388e+18,3.238868171156737e+18,77.55811927642632,4.643570254719217,77.55635938459756,4.648195836919096,20.21754964005225,20.127093024898457,4.196064471552457,-98.9562879280764,4.416294273823667,-101.90851405150543,2.9604290651297833,0.2223367488618205,14.226492,15.3756695
5.872022185537043e+18,5.872022185537039e+18,206.67473123303367,-56.85085446464859,206.67300227932077,-56.85388621159265,28.746170400138663,29.013576511090488,-47.39476155534822,-168.99945710884987,-43.86862342077534,-171.55114644161964,4.352558856013334,0.32062534173709356,8.411816,17.322626
3.3140795081401984e+18,3.313978112552491e+18,66.07110065917192,18.00278420332121,66.02452121402943,17.443985101312077,21.496896698223075,21.61924104437301,110.9135626017914,-30.66859095747958,110.58004635581656,-32.8087266938356,2.165967233444975,0.5246493840286439,9.650242,4.7558556
3.174528461551366e+18,3.174528461551366e+18,70.49674656186436,-13.934527163921466,70.50430200618376,-13.939614465665477,32.82430572117884,32.78070460068025,279.3016184785429,34.77149525177372,278.3922545822509,34.91899882550623,0.9212491520447319,0.04079864188103981,14.529024,16.945583
5.498265777692342e+18,5.498265781988412e+18,99.59859450097646,-53.728210544331866,99.5988073480545,-53.7275682262946,20.96866964823144,20.99271924135122,24.52324384701209,100.43529486613625,29.136709022889256,100.30536917141806,4.615294315120038,0.05463736231886747,11.203664,12.17101
1.5780831046725821e+18,1.5780831046725827e+18,191.11895117672057,58.69104906265872,191.12121029111367,58.70068513287986,22.136774670746544,22.127684940355717,-213.19662951064385,26.99750930299373,-212.8489524669007,27.177407135458,0.3914620759043164,0.02007365146406216,7.856078,13.998127
2.6124324550335706e+17,2.612432455033572e+17,77.59290099995212,48.840629657770734,77.59368404672577,48.84041567180086,42.8442894528191,42.82489756685424,176.01753611865263,-390.280811240227,179.08168740482853,-387.4109808411025,4.198207906275315,0.010571369388179727,11.075937,11.137177
1.5470526875174103e+18,1.547052653157672e+18,185.92418001355608,49.070899380566445,185.922124582004,49.06797239138163,22.204055669258096,22.18404387110945,-99.00525603636578,-42.1538324921098,-99.73863015657946,-44.07417115745309,2.055611390757414,0.04070577395795458,14.616671,15.2729435
2.4601324637133373e+18,2.460132463713325e+18,26.93181207323307,-12.769909096386458,26.93090898309896,-12.77047975673501,27.501794619272708,27.45656475988809,253.27256924978596,167.27280542391958,251.5823969077176,164.2888218240119,3.429408209941013,0.059902492403088134,9.342326,13.269464
5.143033331902438e+18,5.143033331901974e+18,28.462386884794665,-14.997647442072967,28.46162256100916,-14.997358693239809,29.640361971431336,29.55512042887701,106.72245261895748,-40.59758296379963,106.03108314422111,-45.3799506329924,4.832083636893869,0.09730610204175327,11.4854765,11.521611
3.649422995468596e+18,3.649422995468596e+18,217.0499617322936,-2.227972894104621,217.0513194492136,-2.228483982250369,26.87922520891192,26.9843225858855,-138.72664177054887,-3.337668051745512,-137.93212213026442,-4.393619706629236,1.3214746899768475,0.1449014529681704,4.645484,8.714348
3.7938293136078e+18,3.7938460124406205e+18,174.4949160496097,-1.5988585821907744,174.30657497093577,-1.4872206026235055,24.506682247568698,24.43267402121526,-304.1396932211362,130.3720418153248,-304.5957534158335,129.53501731342374,0.9532056011008453,0.19912584977862158,7.478302,11.355604
5.062313166791762e+18,5.062312410877517e+18,39.94883639481258,-33.901799174178365,39.95836071973023,-33.905695641423534,24.70503937305319,24.711906956660965,77.43901326498414,-394.4533093774817,77.27109485964411,-393.9874722896737,0.49517752698336615,0.012856646488918428,8.1238575,15.034806
4.741518516098734e+18,4.741518520394986e+18,37.93016568588877,-54.54101092496492,37.9255728644724,-54.54002188294997,43.48595356165119,43.42577210979612,-15.685560837311897,-175.03233730791084,-15.280143653377223,-173.43980489197992,1.643326683535653,0.031889265376397594,12.714962,12.771189
3.311810043124388e+18,3.312197934506931e+18,63.46885198450028,15.36495687120656,63.890922806874194,15.706163930174665,22.2959209162106,21.98884310674368,119.15064085645162,-27.7120908074048,120.46690653191756,-23.2509911470314,4.651232686954446,0.7532618739232716,14.314616,10.433477
1.1290780838584036e+18,1.1290783587363112e+18,171.35858397563587,78.26470271188857,171.30636728307368,78.28195187364332,44.32113449853239,44.26692541990512,-640.8515920757264,-202.6632091855638,-639.7173543659285,-204.11203485253108,1.839997553148075,0.028759392794603923,11.207036,11.642872
7.940313959482246e+17,7.94031395950868e+17,145.300619867561,33.25198517111424,145.30128927065422,33.25002367744278,30.327949439921543,30.753193126361964,267.25194121993803,-367.3674927157337,267.3440587837083,-365.24482798564594,2.124662608960191,0.4559382531445397,17.967476,15.067047
2.227862144177966e+18,2.2278621441779674e+18,358.34555617925975,72.75269091129503,358.3514118146262,72.75153845452051,20.160206187119,20.15758307348824,-40.32535957645735,-80.0462434011607,-41.72663265359878,-81.22578063907841,1.8316316038865317,0.006702224261855339,14.43876,17.00046
3.328473554161717e+18,3.328473558457462e+18,91.96807331571677,8.218134030029285,91.96963878644956,8.216543009651792,27.68491569039934,27.89733352929384,37.34316186648419,-311.06360181497183,41.071045570492274,-308.4377165218461,4.55986737562214,0.27503671367604204,8.727358,13.417474
6.356247449972641e+18,6.35624744997264e+18,320.2777193542872,-77.17452074541181,320.2886579593416,-77.1748365795085,20.13829164321352,20.11638922566831,-25.691861809046934,-64.18596063867767,-22.30925058528138,-64.64248063250412,3.413278364843395,0.05410707463280264,13.636787,13.523422
1.0497653967046959e+18,1.0497656028621928e+18,147.74478153974084,59.03805958941325,147.73901194151142,59.039483088008936,28.378297904109104,28.64743027511149,-294.4407007465332,-151.66321069328785,-296.94418124574906,-151.51199777116534,2.508043053412553,0.3310563847759482,3.705446,11.377744
3.8759641378724403e+18,3.8759640691529626e+18,156.2901610533088,8.922627227817637,156.3029454586297,8.91861239872067,20.77187656027722,20.743688182742225,95.53869305088482,-98.63444672165964,97.70834192223307,-97.7666682706085,2.3367532315269153,0.06636185967592807,11.695472,13.458388
2.7993718986968996e+18,2.7993718986968996e+18,4.495298225814794,20.95517315141193,4.49303725654653,20.95362485180288,36.09508782477843,36.06233308568101,-252.04704889946228,-366.9197196245349,-252.98360722113785,-364.3765694556956,2.7101207115490498,0.02519542536601651,10.393083,10.99056
5.87838031335213e+18,5.878380317661079e+18,218.4724182271118,-61.1522721538523,218.47806416550296,-61.15304824196053,32.64279585125058,32.625063436531484,-54.08851020979663,155.4601753538925,-53.58547857880316,156.68718939406347,1.32612377874639,0.01671933954529723,12.015456,12.023791
4.0019287254359593e+18,4.0019287254359593e+18,182.9495758589622,24.00020904804007,182.94760574286477,23.99991280780481,25.320920819441604,25.239437069132848,310.21847389929644,-356.51231761389664,307.98928761722783,-355.71824435605146,2.36639468791403,0.12750670746647552,13.916895,14.999492
3.920690621623351e+18,3.920737557025961e+18,181.86679951563616,13.032292704397731,181.84823714371163,13.03654041973001,22.902506295790943,22.94821125704662,-381.53164817213695,-139.40407439525927,-382.77727419098414,-140.7575949154242,1.8394569789306348,0.088104840635318,9.345094,16.399015
6.810195363976333e+17,6.810195363976332e+17,121.49737269061634,25.08361792892072,121.49779943050746,25.08327541928333,22.173385012230096,22.29753809312578,-36.04118592126619,-118.81703505910224,-35.53117503573412,-120.49871417843164,1.7573149301561513,0.25111297566971486,14.851182,16.278738
5.80299841462707e+18,5.80299841462707e+18,267.1154248644766,-74.46618671420113,267.1169966232858,-74.462112650771,51.892571648834526,51.90096481855194,-7.213752997699779,-145.49799877924113,-8.908575571059918,-141.06921864909344,4.741995043898933,0.0034071875347089675,11.3912,11.694767
5.765669380686615e+18,5.765669380686615e+18,237.5610736377944,-86.49139775590487,237.5206796306759,-86.49353449575251,20.824849520873595,20.88421992041149,-326.1188110293921,-262.97763511969174,-328.5728907423241,-264.91247930683863,3.125080681512175,0.1365390672022715,14.842518,12.914007
6.288409919000551e+18,6.288413183175705e+18,207.68317077437823,-21.692505319623017,207.5988703813952,-21.62385721274708,47.43483221378261,47.41281700614312,-35.82713573904739,-377.3512839263018,-33.3890077225431,-376.5251604620376,2.5742859598480936,0.03956698034124234,11.602247,12.302676
6.850091001647349e+18,6.850091001646725e+18,301.07647298763976,-26.33018488834774,301.0755786929775,-26.32988428116253,20.970521698750243,21.105741753738705,32.87310276686726,-77.16540503489308,32.79481263585684,-77.40902854647693,0.25589404059116777,0.30551492187669044,13.691262,8.023424
1.5935370841995546e+18,1.5935358816087107e+18,222.4045536378132,51.376038711527926,222.3929431716431,51.32674843150812,20.220585519942297,20.20929029008077,-176.6963925788097,90.3043589326733,-175.84183547414654,90.620041635573,0.9110013249388655,0.051129897579927946,13.4224205,13.346552
4.504577990890909e+18,4.5045779865718733e+18,281.9220367032319,12.439804148413703,281.9233284741538,12.442162852314228,34.68544055359436,34.66285952309895,55.366555208557465,1.2626464341667012,58.92258331589654,2.206025023044833,3.679035072154003,0.018829777897909367,8.595267,15.055695
5.789459823019927e+18,5.789459818720936e+18,203.2993147531125,-77.57006729221371,203.3201472790901,-77.57422908134242,28.921138822548688,28.945227152288037,-367.9633116402308,-152.5089285664436,-370.5434771455808,-149.50607592510295,3.9590880289031865,0.029010579804532415,6.4013333,9.048799
5.276935500070711e+18,5.276935534428929e+18,126.11683470765796,-63.14691510390634,126.12438771391236,-63.14602065390622,24.65094816560784,24.634953966124595,110.1990319311494,115.54489353552984,110.200364734809,116.44943802477752,0.904545471158829,0.026455856550464014,16.721872,17.119164
3.7211264093233244e+18,3.7211149331707075e+18,206.73572793286883,6.3498840911271,206.86772125549768,6.315164024633067,31.78064851308756,31.84218990959725,-510.4673275923191,-110.21206750513824,-509.3041888092147,-110.9957838662584,1.402534549823685,0.09613397240545754,6.1861258,9.536542
5.481272932860895e+18,5.481272932860894e+18,91.42458376660991,-61.74853633679349,91.39855512813284,-61.75640504554278,20.8817511774345,20.890506394008767,-51.73268088337778,10.317951540804504,-52.43704095930397,9.686454266616057,0.9459978455927827,0.023495047007678325,7.7011747,13.593909
5.254819442196925e+18,5.254819339127881e+18,155.60729684785585,-60.1766660203302,155.60560524163068,-60.17898023141788,44.996153372070346,45.01781442678937,347.6521341829636,-414.2378649467166,346.55462074859423,-414.6151718782004,1.160558597903161,0.010736047306294929,11.452554,9.970008
4.388679771548158e+18,4.3886798059078963e+18,259.06580836287526,4.231573415752595,259.0620927417578,4.235760678504096,23.90267621873891,23.97140520722183,56.24806571742773,199.1265889088836,58.995802092989486,199.03077289994084,2.7494064627033565,0.1200191740036142,11.833866,12.263091
3.883571517091026e+18,3.883570761176322e+18,155.5839569167538,12.145773209604156,155.52994143889094,12.077081601617566,27.60188310782507,27.604285522400943,-308.2732923521439,-29.72852875261476,-307.7809871757919,-31.271740288479418,1.6198352481313525,0.054877354398261725,9.870178,11.788341
1.3270821578784673e+18,1.3270830512316672e+18,252.7911231851971,35.919375409348575,252.7324157040916,35.93205247813117,28.684991459317445,28.657735896197277,-74.06428912366884,175.4595802398435,-70.00159693050166,176.677695023365,4.241376130721634,0.04468041848154272,13.668712,14.143019
4.967177781457919e+18,4.967153630858709e+18,37.00719699757215,-33.81101542618449,36.92654530804023,-33.89654120451049,20.96629207751937,21.01497330534512,18.75860248720468,5.425783931655791,18.42600150533028,4.57713098024581,0.9115016429391039,0.14270921675196482,5.111584,7.4651275
5.336083315823503e+18,5.336083762500221e+18,172.61299839923194,-60.03966429472449,172.5757308231583,-59.98682532011782,32.88315636268352,32.93486213265491,-145.99642209361772,-65.13099160506482,-147.54043115632564,-66.11240768907491,1.8295194767145488,0.05623410986855567,14.24079,12.345331
9.299180795211908e+17,9.29917388030868e+17,122.7959346206346,47.57313215431381,122.83365972589073,47.58109221645229,25.810514522178877,25.863616557830948,-187.1992992714114,-36.12191301521993,-183.66204388026568,-33.10999372572143,4.645840452344722,0.08156116009962862,15.649875,10.779959
2.4624268008831565e+18,2.4624268008831345e+18,29.29439542283085,-10.249234348140988,29.288373423111608,-10.24350297756486,29.817912120174007,29.79282178461356,-369.0427756288325,-246.2752748024556,-366.9970029177804,-242.3856568555877,4.394805315128574,0.028653049721063244,10.523712,6.2218833
4.2515746616120264e+18,4.2515770624798556e+18,282.3669008188927,-8.615887693778053,282.4102146082569,-8.540873480586386,21.20216448782612,21.13565775702586,95.28846899592284,-62.1224394373374,93.0459981547441,-59.30757174010687,3.598910338762107,0.1646154064728652,17.49947,14.864576
5.428140854522128e+18,5.428140820162391e+18,137.40947086743626,-42.10928466988896,137.40157292040044,-42.10713239828995,22.76924776237061,22.737568643866464,-128.5111165550511,222.0263721146306,-124.85111303328912,223.19035390460613,3.8406352842602414,0.06137703747734101,9.993726,10.912872
4.633112824289756e+18,4.633112819993174e+18,26.807490870713337,-79.08516981095276,26.80830979045759,-79.08478767526461,20.258165399845687,20.339570328718928,-62.948274113662166,72.80759459444712,-59.7002821514042,70.71984340790875,3.8611082351812804,0.1975647747961018,15.48814,12.669217
1.05848996564896e+16,1.0608573516849536e+16,49.36045108722939,7.655137630235867,49.38734080972668,7.690126225598939,21.351315962028497,21.226136807760074,168.61135321157906,-6.511926875699346,168.807183109235,-6.387488749098103,0.23202197345934422,0.27855175230217827,12.036097,7.6169553
6.820341000133969e+18,6.820335124619119e+18,332.9261063655135,-20.73869809324332,332.92296026741434,-20.736664624649254,24.15206508953058,24.174808819366177,146.5219314573228,-64.52341250950639,147.00004950519798,-61.70388202361423,2.8597812903400914,0.03903888033797791,12.491143,14.613123
5.065781095179785e+18,5.065781335697952e+18,39.57825552006404,-30.194395323839164,39.58086874169605,-30.17179072746907,28.486666449623826,28.796797385223847,97.19331124957542,-74.53047931496526,96.86459244447202,-77.36561409295204,2.8541277585593035,0.37831209047139913,5.7103505,12.651563
1.2697786011352453e+18,1.269778601135245e+18,224.87979323702308,28.562098689647044,224.8788210457067,28.55997982241385,30.24204018456686,30.22668204802904,228.6147864997684,-165.77713942787273,226.6805642531569,-167.89631025024164,2.8691637586005134,0.016852745977703202,14.728833,13.93584
2.5082839218889984e+18,2.508283926184235e+18,30.44520736060297,1.287595815349071,30.445841843384624,1.2847627201305416,20.31338915514089,20.297625182327003,75.86093031007329,-46.729691424362045,74.7718257457281,-49.20702374449917,2.7061641074542226,0.03831432308146601,11.946718,11.899095
4.3200944395805363e+18,4.320094435229636e+18,288.4112177077548,13.606796833128874,288.4135660754748,13.602422275675854,29.64811045537169,29.665635274762025,15.566684571061232,-180.87772779873177,14.946333313211955,-180.82764906917387,0.6223693134058856,0.020135692656602297,14.09489,11.782369
1.494078698324659e+18,1.4940786983246592e+18,217.96636247887093,43.70656515835143,217.9664263312494,43.70705861714316,26.290264226147524,26.216897037076716,-273.01097325327083,-47.34400254486245,-275.4766803535369,-44.74397208731284,3.583276417538574,0.10644560171804435,12.68309,13.180213
6.171268121976762e+18,6.171268121976762e+18,207.81323107250316,-32.484580901759806,207.8119230774996,-32.4873107365543,23.33678717263127,23.330043823514117,-138.54161848095694,33.74600589298228,-136.22740486862128,30.53410254794385,3.9587760408223094,0.0125799422033127,12.212715,14.966714
3.9519785650214426e+18,3.951978565021443e+18,185.9723868334582,20.36459563216226,185.97475834198843,20.36371856486393,24.016121699348325,24.00471269555708,8.902863427345173,24.71629347514438,5.59711491534574,23.425674936922068,3.5487560406133243,0.019866227416579764,14.821706,13.268224
1.6708991002859005e+18,1.6708991002859008e+18,210.13007074440657,64.34172822384805,210.12959929227765,64.34273720230034,23.70720368224745,23.6935055093106,-65.77199335189881,-17.99790949088178,-60.93510663081991,-18.90480159311805,4.921171246527392,0.02439847758917022,12.952228,13.500192
2.1373813394634307e+18,2.1373813394634294e+18,296.9246375091507,52.86099244469092,296.92002918410583,52.859977915195394,25.896131317288475,25.835560836038955,56.24101893394512,128.30557106867462,58.24001798330693,124.09079287336012,4.664799292043338,0.09055532871292353,16.747622,11.6071205
9.254293232999953e+17,9.25429323301334e+17,114.1619682071878,44.07959652328192,114.16304604042496,44.07875295838624,23.16737505932051,22.92653741697219,-100.55840242248966,-334.7490969311125,-100.73972445066636,-333.3628652294798,1.3980400596955824,0.4534295955254706,17.45229,12.692457
9.901835831499713e+17,9.901835831499715e+17,107.0099768951029,58.27089832171927,107.0075327376184,58.270658197877296,20.66251494971316,20.671505454266107,-35.23606605077559,-150.66323674505173,-31.2365072965292,-153.3357457617706,4.810278024512987,0.021077817279271115,13.215439,10.787742
3.313665885609888e+18,3.312904233289409e+18,66.77717673131863,16.430092002554506,67.25111621738195,16.346213879024717,21.66732573514696,21.632519360189345,107.56779251043268,-24.91171284914873,105.1068878388032,-27.317100539736167,3.4412122493210653,0.38005725296747606,16.533167,13.074519
6.813759564048571e+18,6.813759564048865e+18,327.85500965780835,-23.273031994483343,327.8541764264102,-23.27099994754639,24.880334524835543,24.966954130855036,338.84519996794097,-87.30598427156966,340.8754749000389,-85.13547534853147,2.9720574161502444,0.13945055461878994,15.23197,6.7378097
2.0805265552670505e+18,2.08052655526705e+18,296.37353353455154,46.835846064025326,296.3734338738044,46.83344807525789,34.71155822672623,34.77257375541674,-453.18354639431016,-404.7422697952358,-455.318479693467,-401.4911949582537,3.8893994121852646,0.050565326576577224,16.96927,17.172384
1.6621664997658463e+18,1.662166469700462e+18,202.89488582840343,58.95486939471743,202.88995660090367,58.9529797645332,20.95005228870714,20.863403686155404,-73.05834803906353,25.45476720973003,-68.86205239977377,26.563448620866044,4.3402847330239505,0.1982576358544665,12.177643,7.958104
2.4853053701143286e+18,2.4852115336689285e+18,20.81637020647648,-2.145728135802783,20.81233612939189,-2.15739741624939,23.15136954730829,23.05927674404787,233.95583014880245,37.65201503804685,235.25933081440036,37.22270605660348,1.372377567130174,0.17275755253475167,11.71621,17.314297
2.3207501577991813e+18,2.3207501234394373e+18,1.8452207078510647,-29.588873845403256,1.8451835292875445,-29.5912270425158,24.920031696110573,24.96939810190076,266.33661146015737,-195.80297099425792,264.0873883601091,-196.43032119722795,2.3350744808158104,0.0793539163780029,16.468145,14.13516
1.4272706881929034e+18,1.4272698291994437e+18,254.13443340895932,55.946632802406,254.13280861076348,55.94247969731181,24.67400276144509,24.67139260397178,-51.74336453272974,-231.1038013015118,-48.36535911213755,-229.5359175210587,3.724134821748284,0.0052374168017283815,13.06472,14.399435
3.9654810488464753e+18,3.9654810488464993e+18,171.91544018236195,12.650665665879082,171.91623862006435,12.646032793973427,22.36329107495256,22.40417600712082,-355.9255320938376,106.3939409761894,-355.7855553357812,105.4800834072518,0.9245156294517233,0.08168376169129747,15.813346,10.138999
5.966723293808105e+18,5.966723293808104e+18,256.08898960077835,-41.29834695362656,256.08983377013993,-41.29868222705032,20.45361755749728,20.433395222227904,-98.59914550923604,-74.13839344171936,-95.49783148607756,-71.1492071900152,4.307363824616695,0.048389978246799456,16.335325,14.424108
5.563853506009854e+18,5.563853506012603e+18,104.35536145797604,-40.32020409738993,104.3555451420068,-40.32002979539879,28.97166756530713,29.18609811943257,-111.69239301690266,66.71559073849099,-107.74703919221812,64.31687646465473,4.6173203234623745,0.25359296253971253,17.859894,17.796286
4.934161938366029e+16,4.934161938498394e+16,63.88632392967513,20.80751668882022,63.88629116401432,20.80728008280573,23.12876544420197,23.285913778614127,125.75807394107,-41.473405803953696,125.47634776620008,-39.472909832859656,2.02023606738676,0.2917857830854824,16.028763,16.126862
5.492027118654788e+18,5.492027049935314e+18,110.11063881588302,-52.30403275210677,110.11635774424268,-52.30629484400144,23.572720466140392,23.43122022954139,36.35869645404933,-267.01868459539565,34.30873697363354,-266.4360327413243,2.131153925552853,0.25620299472235675,12.375196,13.754111
4.575010197472244e+18,4.575010266191725e+18,257.6179819249897,27.96901340642181,257.606190622146,27.97738964479166,42.7693802781868,42.77168078690782,25.646748978680414,-87.55386369328683,24.353255259579527,-88.62408113689023,1.678836316603389,0.0055966918434111005,15.399554,11.53626
1.627810515227712e+17,1.6278105152277107e+17,62.801646478463326,26.49532484815691,62.79883148729749,26.49702769986608,21.064043862947603,21.09351413706221,57.98018408862484,-193.4599266026828,59.490053896608224,-192.2026930859404,1.9647755476593807,0.06637524987232547,10.2610035,10.2727585
1.4757631023488404e+18,1.4757632741467894e+18,204.5068497279566,39.1774299172469,204.48420767099455,39.17253248055953,21.939554335518,22.05710122510781,-225.02340032792648,-147.015515123949,-226.2445301236587,-146.13092970701717,1.5078625062894424,0.24333403506549928,7.777965,14.63543
5.778248652702908e+18,5.778248618343169e+18,237.69371941486983,-80.05574119200841,237.65648936991155,-80.06405770516488,20.76844833761536,20.552174547490047,29.019657815077338,-53.051221287081546,30.000696545098968,-52.221017157723786,1.2851754301281715,0.5067674706982682,11.721927,17.090895
4.333860668705967e+18,4.3338607030657055e+18,252.1755420744908,-11.640544234509358,252.18648022096744,-11.63479420488587,25.17547146450877,25.083065076219903,-185.85888724945775,-59.25492004942241,-187.8854192897006,-61.52822238151504,3.0454450583171946,0.1465769765656332,14.907849,16.985807
3.3111731209508e+18,3.3125369276860114e+18,66.46067898955343,15.002464972130216,67.53632737172786,15.637736095425185,21.39808326312012,21.4201372807942,107.05284803871862,-22.616431639961323,108.88056712014205,-21.81897870414946,1.994113393324023,0.9928494242222199,14.749543,5.6056676
3.693358861640279e+18,3.6933587929191455e+18,184.8059696696248,-3.319999243834999,184.80687992252533,-3.3296742083075377,20.248010443598883,20.32680884794623,-54.5647665011179,-47.37599601607373,-58.376095915445546,-49.91631447619796,4.580332933681466,0.19163706312432946,7.86449,17.413294
2.0191646624489472e+18,2.0191707484506045e+18,291.17512203264107,22.201156322095667,291.2262103509244,22.25433185624544,30.549662133424206,30.61049119610612,134.96849368577253,-83.3636715808876,135.4531881482269,-84.28949016304168,1.0450209418933771,0.0766868619481467,7.634126,14.199738
2.7180328803323494e+18,2.718032566799806e+18,343.07931131051845,10.31527385942172,343.0672459367318,10.32192815528458,22.398766669765287,22.457692259989557,71.490540972271,25.130036358319717,69.55513511407457,22.68834469651419,3.115710834989619,0.11762023796104426,9.134775,17.921404
2.3740367862482657e+18,2.3740367862482657e+18,9.400420902977178,-15.199865984887492,9.400346764343986,-15.197822321552298,40.30276179028997,40.33987799106715,-189.9464380364928,45.76324839190365,-193.51012774452127,46.79384241961832,3.709718100485431,0.02284653388062582,13.725559,11.535215
5.1707939776338214e+17,5.170793977633816e+17,35.75144857791241,66.01192384866432,35.75746922960447,66.01208853084393,23.892191317532173,23.92817725782012,19.02938674608585,-109.54389644739447,19.78153996809897,-110.8275014681443,1.4877420202033984,0.06297133852033807,15.152924,14.578917
3.3094200140841856e+18,3.3126525138462444e+18,68.4696324759209,14.850761740625993,68.20929931916466,16.00568312875324,21.94460899596352,21.986514300716408,101.81615258036,-25.70815437780425,101.05427327696728,-29.529461832054025,3.8965177701177085,0.9430766920007994,15.195518,8.728549
4.0123296287188365e+17,4.012329628718848e+17,15.725366752753194,47.05006421300179,15.722228457249754,47.04641891006511,33.600154359025524,33.60298911415097,392.8410877016451,-173.43798876103335,396.69639236754034,-173.5055982654526,3.855897445726658,0.003335035055234476,11.808713,10.291551
3.8782255197575547e+18,3.8782258633552717e+18,150.8089189721892,9.086424732558829,150.8265896231775,9.113903658738552,25.86425448688291,25.937950239014118,41.514207156611135,-196.40278797494145,45.45039930839176,-197.04332842266652,3.9879694984930882,0.11202007340380346,11.6303835,11.72639
5.4449407093136346e+17,5.444940709313641e+17,53.56363255770363,73.57438586713043,53.55141075911614,73.57499920086615,23.84743039500437,23.89640565225283,-3.9343665252077393,-66.9060935956612,-1.474251618142798,-70.15407419067905,4.0744991473278835,0.08597972944952521,12.923282,9.867176
4.038279846866742e+18,4.0382797481432945e+18,274.67461785148134,-35.55918008066168,274.67385478285337,-35.56493504621027,21.926549259911663,21.91373364773322,-36.91630497403664,-122.07454797374784,-36.73271391101425,-123.16592555062816,1.1067116579031995,0.027067087177988353,9.978026,9.717584
4.335864013248728e+18,4.335864013248728e+18,254.1983902161463,-10.49096087030839,254.19822270240724,-10.490265059006516,27.289302233450734,27.31431610933088,-67.04356629780608,-42.21695478549864,-65.77052802026611,-47.04033842040019,4.98855251004918,0.03356127982639965,15.293206,14.976356
6.144584997705747e+17,6.144582936131433e+17,146.97632567560495,13.767113155567758,146.9761084937815,13.766549321975518,23.908791370878525,23.92102772269416,54.60907761269614,47.16817622308322,52.55715325739712,46.37469851462608,2.200000098565384,0.021399619221698217,12.394101,14.356834
4.63046822394671e+18,4.630468223947372e+18,28.680110279505133,-81.0856846013834,28.67497436620699,-81.08568393494222,20.23041403046345,20.23527589186824,-83.20548786365761,66.50145152489712,-85.37792956641212,67.96582379132592,2.6199024956193946,0.011896330751018492,15.140179,11.583838
4.2623865030729093e+18,4.26250449442164e+18,286.32729099481577,-1.512160567147418,285.84060158920727,-0.909615499747404,21.114433649233025,21.100970765382275,-16.225356154825583,9.65525676388362,-17.46717568822265,10.78602418471947,1.6795090692075063,0.6411006840959351,6.4332194,13.829142
7.779677028654813e+17,7.779670843901897e+17,167.90616715306606,42.81651217946699,167.95325260090146,42.830998510475965,21.8119621635711,21.7825718408285,-118.30776881780992,-243.0807644782261,-114.17270576032982,-240.94078547243825,4.655991477070092,0.06874364411177836,8.105619,7.0687923
6.790983696076141e+18,6.79098369607614e+18,320.8990728607523,-26.23383861410929,320.90121767487824,-26.23393296172406,24.79359447874738,24.76922816842961,33.58138444479116,-270.0795785740215,33.274795750945295,-272.17925919593523,2.121946121190178,0.0397000917421517,17.662968,14.312616
4.652980484022414e+18,4.65298048402241e+18,73.2728400404443,-72.40647506545731,73.25959748487487,-72.40421886574241,30.82173548291912,30.76782469833975,-46.17832406724959,270.9160319179745,-51.13546968692364,271.28971198314446,4.971210062525928,0.0569084820285092,6.157237,15.042166
1.197134211485521e+18,1.1971342114855206e+18,234.03027001248225,16.658605093177915,234.0349102431341,16.65654217506933,20.22657293264299,20.207061537010347,-46.526364735617534,94.43136954663731,-44.363106718641696,93.77585445297665,2.260394940276409,0.04792497338529478,11.405727,13.500802
3.305871825637255e+18,3.305860933600192e+18,67.73868055535941,10.751718973253958,67.81618729693938,10.704236969956913,21.50235325035909,21.669791014839102,102.86729657313283,-10.75874061348103,103.9964463090593,-11.130169140933573,1.1886708026818698,0.3665986911407762,6.921069,13.610997
5.088048576465364e+18,5.088048576465364e+18,54.819716555035015,-22.57130041507883,54.81847210121121,-22.574322040251403,20.74605370931318,20.72287679879181,240.7663842453082,-80.14515220303582,244.1495370291206,-76.77361378135164,4.776295016800194,0.053978716870086645,12.310381,16.008856
5.88062713530991e+18,5.880627135332454e+18,223.66244185640983,-58.05352602344384,223.6606697798544,-58.05229478088439,25.31289987588117,25.300503563247485,137.58077496398985,-160.12566513299433,138.74008216342247,-163.28594265909064,3.3662066520945655,0.01938566665365317,13.327949,13.415459
4.835392310618255e+18,4.835392314913908e+18,59.02353923190056,-45.13374606814562,59.02520014369318,-45.13541530941585,24.840976221060085,24.849602133156758,61.718920731567664,169.47675196127955,63.25245852366374,164.94051294184385,4.788444695434818,0.014047124931072274,11.801412,11.06464
2.435760585892876e+18,2.435480554025073e+18,355.88564752816404,-9.202160259508016,356.3943886610895,-9.97088033124808,22.333170632874385,22.477621468869483,-83.82167475249707,-104.15020271692336,-84.65354557104943,-104.74043393360289,1.019991150893952,0.7707590270503895,15.250292,13.322167
2.0030721158140378e+17,2.0030721158140595e+17,73.54428783673262,40.78491601377272,73.5426793384926,40.781785168710606,21.33268723533334,21.315877331965755,-75.03463071876978,-49.32986760107691,-74.87808509253148,-50.6839598845189,1.3631113106314805,0.03706930328783994,10.925724,14.081501
3.311221224584456e+18,3.3111793400622275e+18,65.68440170253284,15.056327740576604,66.52038510826976,15.04079479058062,21.026355477142264,20.937514048406054,100.34236674943136,-29.289519804074057,101.4019876777807,-25.71827628057673,3.7251277583349407,0.7013248376528118,8.366908,14.782955
3.306922958753765e+18,3.3065887072183803e+18,66.94247703953242,11.736363784648624,67.81746221983852,12.200079444708868,22.151685825715028,22.063923806490635,110.05162568142823,-12.422514774076658,107.3012182448806,-13.760062387872184,3.058394135193603,0.7892332323789935,7.3707113,14.376487
6.228695236338167e+18,6.228695270698476e+18,222.37518072685268,-26.109865958353627,222.3826145220022,-26.10660595947719,48.22809997519629,48.25719724733583,-1199.8887168849342,-186.93427496912216,-1201.5378254722727,-185.49279720087748,2.1903007303056463,0.012787915374777229,11.128549,10.795381
4.701934774928922e+16,4.71094389830825e+16,61.415911881822005,17.937590072728447,60.72188035526808,18.407175984900785,21.953883088547247,21.87325614936264,128.35318981625193,-27.322745774321383,128.3302332396565,-29.46830346216534,2.1456804972491343,0.666255958097564,9.03908,13.841202
2.0785693945303898e+17,2.078569394530437e+17,81.9457219824735,44.60164070785838,81.94201948141145,44.591287534623085,20.678383434483862,20.614729519096368,-8.886923661005305,-342.9183623136663,-6.883891812642375,-341.8212442853095,2.2838135987207377,0.1495972991975386,13.199284,15.575721
6.306757022856258e+18,6.30675702285703e+18,225.08199061816563,-16.540761765804387,225.08304050613077,-16.541600591048866,20.67041940071904,20.69637916053772,-24.800773189569995,-89.23141269636822,-28.25557091202974,-88.74469738615345,3.4889137415978784,0.06069166837773028,13.472897,9.539238
7.343912352631272e+17,7.343912395581059e+17,159.37821637622125,28.30265280010553,159.37832553737312,28.305568250307957,24.821007421957518,24.880830382788837,-40.902017677039794,-8.63567309182903,-40.77590242077555,-9.931422264053392,1.3018721040035823,0.09689039674410044,14.276808,10.085202
4.2875066672458783e+18,4.2875068734046147e+18,292.3639458823593,0.5079632817801392,292.359652701261,0.5270855987671847,22.77972248129469,22.755561905913584,-23.907617236482253,-237.30209986453727,-25.8419031063766,-237.6265741990179,1.9613121679655132,0.048970664981459765,11.111931,10.206924
6.560921298965025e+18,6.560921298965421e+18,328.6710903496168,-48.53564501237393,328.6726906029374,-48.53555323663235,22.33903053624059,22.34503821457836,-245.61458986569983,-139.13337375289404,-245.15903656322945,-137.9219759268925,1.2942231276843146,0.012064064591640724,15.79309,15.4488535
1.4802108974650798e+18,1.4802108974640768e+18,218.4008986384248,35.586671732283,218.4002573952839,35.58600373668096,25.432315834983783,25.362750450600085,-191.9828797547092,64.26979948342134,-193.11823641500584,64.25867141832563,1.1354111941991496,0.10784928344956529,8.631502,7.8652596
6.761847050275609e+18,6.761847045960518e+18,284.9305105725573,-28.443152080608563,284.92820954858405,-28.4429820996961,23.74810280528461,23.83080320528096,18.63655522500067,-37.70149921866921,21.020952254870263,-37.21364387721859,2.4337937526078175,0.14613780257762377,17.738186,13.774031
3.309541170817294e+18,3.312637842237883e+18,68.66689038204488,15.208964911975178,67.96612153925633,15.851471350184571,21.07507415226267,21.00505488455235,103.15688773254992,-35.85557174837498,99.4956310598399,-34.32999088297088,3.9663834157013595,0.7891501536812848,11.549942,5.928877
4.675576135153915e+18,4.675576135153914e+18,68.40933150984826,-62.82529355551616,68.39031136658936,-62.823760166051166,22.750623811456204,22.723973526677145,-118.70444539840088,-18.28212212526085,-117.5829490417018,-18.72889924235296,1.2072132663479358,0.05199227965588232,9.140236,5.5130205
5.935306501402096e+18,5.935306123457568e+18,244.9664356992537,-50.15093544372317,244.95898537846745,-50.15573684856687,23.552852316373784,23.569837041074518,-158.93002946322625,-53.41369761037134,-159.66626801256956,-51.94031682776651,1.647087773037114,0.03100391513819909,16.169771,3.7174704
3.3127442199887826e+18,3.312564037520034e+18,67.16608051054888,15.870784455320392,67.96911967367434,15.49937349658422,21.81251596251546,21.871807832755163,106.14776250704207,-20.293824952737538,105.36486514556807,-24.24098903749085,4.02405673302072,0.696543898911698,3.3779078,10.49808
3.31262835895013e+18,3.312564037520034e+18,67.66251575060892,15.691769659062851,67.96911967367434,15.49937349658422,21.86843191355519,21.871807832755163,103.48821587457375,-24.353763331160515,105.36486514556807,-24.24098903749085,1.8800347144763596,0.28136574905829825,5.4175873,10.49808
3.313665885609888e+18,3.3136628963133553e+18,66.77789108447449,16.429579986614307,66.11855100326646,16.886053964801455,21.7524975456685,21.781982400489085,108.78997030370748,-26.28176339967887,112.37591155236862,-25.540146749299083,3.661826032865293,0.6279733502304681,16.60488,7.6696334
3.107019684560898e+18,3.1070163516663137e+18,100.8883589902453,-1.6536096955794666,100.77147357332824,-1.6934898118862085,21.350571689639832,21.366924160976755,-78.22658095076932,180.18173943008296,-77.72000263539354,180.2423299060426,0.5101889800710883,0.10705973922908886,16.994131,12.605319
5.674636174457106e+18,5.674636135802748e+18,140.37970315011637,-23.7843447383928,140.36091850831266,-23.78621407454248,20.288903001387556,20.34740522299114,-14.907747566464783,19.486464064981188,-17.307924687371944,20.17697883642364,2.497530953022687,0.1424875996020811,13.672479,8.652623
1.0193616324543639e+18,1.0191745093193775e+18,140.18208798822295,51.26670357695748,140.2622564377403,51.30663271339722,34.25178861523468,34.29038724494087,-35.156279712026326,143.91776945927575,-38.37973351970703,140.274551474171,4.864534071958165,0.046319935780375625,6.033801,7.639302
1.01477407058368e+16,1.0147878144789504e+16,49.23561041391637,6.283641267763733,49.246091588717135,6.301972003858501,20.742921796857885,20.72114878098533,182.22940653239223,-111.27822467040258,182.69666478960195,-112.37809457043974,1.1950079815375398,0.05367621826414497,17.20714,17.128258
6.609340148918886e+18,6.609339182550867e+18,342.2197528083592,-28.83520803146468,342.2841871642206,-28.856615527487357,29.696593619321497,29.44719439779244,-170.23016724940678,-236.4996323337913,-169.43736881372516,-236.8079156667551,0.8506279874319203,0.2874133168514091,10.013294,12.458624
2.508628249465948e+17,2.508580489433271e+17,60.25893092179061,51.521454939726176,60.28409541970858,51.38512280940023,39.83565887431672,39.816231012148826,367.4312346090616,-803.1907684655916,365.80644155008673,-804.1719619117689,1.89807614792299,0.061374694711270654,17.11259,12.434773
6.391327505894149e+18,6.391327540254901e+18,348.21340117120826,-66.75265706661048,348.22191218173333,-66.75064576498245,20.05713949887293,20.022630020838484,14.214788517475776,-237.4007946879733,10.69394444019654,-236.76698915543935,3.577436577995887,0.08599832294436806,12.099108,14.630375
6.942846287899336e+17,6.942844913509809e+17,142.74358801349663,26.98620970356912,142.7300840641497,26.96529853804817,26.435184089261305,26.41827352920504,-139.61050157812642,121.69232364691707,-140.44745801016427,119.96356818439476,1.9207007883400982,0.028986839056179114,13.211716,10.474446
3.313665885609888e+18,3.313665885609888e+18,66.77717673131863,16.430092002554506,66.77789108447449,16.429579986614307,21.66732573514696,21.7524975456685,107.56779251043268,-24.91171284914873,108.78997030370748,-26.28176339967887,1.835962164474525,0.1807109973997646,16.533167,16.60488
4.437877973388293e+18,4.4378779733873556e+18,245.51665529040105,5.49742377580253,245.5164977131204,5.49719597506137,22.25347589771632,22.563684950529865,-123.13615049309053,-43.9621601706436,-119.40585383948992,-40.662027785234216,4.980560900650819,0.6177981611668529,14.284503,13.929629
5.60371231434996e+18,5.603712314350952e+18,105.63668753890018,-33.3281410241032,105.63853510309896,-33.33398569618215,26.210653692136795,26.489377842402178,-52.92191956071364,147.4887759432069,-52.46908713869669,151.94081791129463,4.4750122779769335,0.4014639853910079,13.692244,13.029485
3.1997580958800594e+18,3.199758095880059e+18,67.02462123752728,-5.399304825326995,67.0246726234595,-5.3999008506664605,26.226439031314367,26.276010151213654,57.715474154857255,-243.24891999450583,55.844023271130055,-243.5855164976803,1.9014798489998759,0.07193439922331028,12.790008,12.743318
2.1382894630505603e+18,2.138289432988999e+18,295.83216019292826,54.563341207154885,295.8493283600311,54.56106490987408,20.159185902522385,20.15474639012224,76.2652753557386,163.43483950527235,77.28869923869942,161.8818034119558,1.8599240713960858,0.014055830827982051,12.641486,13.440632
4.471658131695403e+18,4.471562916556378e+18,273.3878648226289,5.535655567494091,273.3671551501182,5.448565372531389,34.042114652598336,34.0892491131373,-70.88087393012687,-227.35022960758985,-69.75946647384963,-227.64046127757064,1.158356208277067,0.06125529247143922,12.495308,10.689879
1.9853499081915249e+18,1.9853499081906473e+18,341.5544625263236,48.25150276133464,341.5569873331224,48.253629300434085,21.35729561599478,21.38782650244176,10.895103966328769,31.285705105364563,11.120337201942265,31.236544663859416,0.2305358094394571,0.06687511912155424,12.308565,13.999275
2.436129605187585e+18,2.4361296051887027e+18,357.5871372919282,-8.130678652436536,357.5866574442005,-8.130965101097718,24.483419443075324,24.4603175370021,17.82124671811354,-60.8207822243469,16.703625304628574,-61.09508207659461,1.150790177583753,0.038577713909674495,11.83433,12.220703
5.88839446344702e+18,5.888394257280682e+18,228.07041450548323,-52.09956994296687,228.0401754332299,-52.10671755760118,28.76164226508017,28.4981051159344,-112.90038746628365,-72.27824484133066,-111.62933418378468,-68.8959222941605,3.6132647647310674,0.3217519315459289,3.1800218,6.5857663
3.313653894061044e+18,3.3136628963133553e+18,65.99690955661914,16.721465710411213,66.11855100326646,16.886053964801455,21.74597706160512,21.781982400489085,108.74205842614374,-24.43100030064956,112.37591155236862,-25.540146749299083,3.79935446984434,0.17866048482498312,11.733229,7.6696334
5.695728587055963e+18,5.695728587055964e+18,127.225479849979,-24.59492657177157,127.21734603907882,-24.59368809297552,22.98983807454584,22.955962381335247,147.70078698120184,-127.92567245505036,149.16005297873528,-130.95959114441973,3.3666184614924846,0.06444076680653289,13.485842,16.275404
2.9573017288234424e+18,2.9573017288234424e+18,82.8586634768185,-25.00192710208116,82.85926454258875,-25.002076491671435,20.52222069712296,20.59558129780656,-17.806464403429857,28.85270064638588,-18.40246336382865,25.33688936877516,3.565970232709629,0.17356658888412224,15.672103,17.625635
4.835948358558461e+18,4.835948358559881e+18,56.44511626768446,-44.77081975405255,56.444660978080016,-44.77094486190551,29.68416860833644,29.679062680751223,55.73657741649004,53.21799591103321,54.85747334563902,52.12022714849813,1.4063855173403355,0.005799197903352111,16.770105,16.3796
6.643629037508818e+18,6.643602576214115e+18,291.9467538921164,-54.02865040146445,290.7135559340128,-54.42429807361513,20.90414547978886,20.60281514733324,27.841593047677648,-81.68357952284951,25.823926826338187,-82.96544067550488,2.3904277850253504,0.9837619221422957,14.436172,5.0122886
1.5731723378503552e+18,1.5731723077851305e+18,181.44309763557507,53.93021461243044,181.4475125712994,53.91525854228863,29.74265023130222,29.413769886018887,-106.54481270782344,-77.4673248919438,-109.30281337192754,-79.57909062538043,3.473632418105837,0.3760372087046305,10.922987,8.953929
4.100053094534789e+18,4.100053094534792e+18,280.75880251531686,-16.437670172991837,280.7583518890588,-16.43701564155221,21.25105589088984,21.118313784993266,33.993659768595194,16.78957042895353,33.42976549308869,18.3899869661496,1.696852924233465,0.2957808057595508,15.169058,17.297895
4.2928361375508234e+18,4.2928420130660874e+18,290.5922821344472,4.905404890904017,290.59274787037896,4.908177901095858,21.48572025020805,21.437286089875613,-196.75317122507607,87.77849758997893,-197.2354204801181,84.39009102046654,3.4225521799241103,0.10518037021371328,17.49832,13.328813
4.34171228123998e+18,4.3417122769411727e+18,242.1017491403884,-13.13676969099884,242.10176934397956,-13.132576280944376,35.38079635546415,35.46590179264516,-61.58699063369254,-285.2617667893357,-58.04859955614842,-284.4616985868625,3.6277156098917858,0.06785472928361345,8.394385,12.079757
4.908245921010387e+18,4.908245921010387e+18,10.567132101742382,-56.875577212112816,10.566911205999109,-56.87662724787936,20.112854539054403,20.16326368562761,-75.1078554614277,-1.553122591670011,-74.87432926295006,-1.9973658187697088,0.5018829845684902,0.12430442687133483,10.092051,12.972576
5.56402970275097e+18,5.564028981196462e+18,103.37550887005987,-39.90709865479021,103.3968889387815,-39.92490455755571,40.34032643870324,40.26535416446095,-65.47134132368774,222.738616850208,-64.13754581058775,227.03976670565504,4.5032100272780795,0.047331582670705315,15.92264,15.354928
3.4010692947179013e+18,3.4010692947178993e+18,82.30795400425573,19.046535551415275,82.31205733108406,19.049317906725157,20.175934069808864,20.10917846652615,110.10525592449127,-21.80149479566764,113.01967985480051,-21.59759971595429,2.921547543527313,0.16458752850023237,12.505938,14.105484
2.7666694679504527e+18,2.7666694679504527e+18,358.39868972419094,12.104120211136363,358.3982664480627,12.10567288639124,26.791942749273108,26.839655878608617,44.12193004284213,-110.98898892235424,40.26527999211926,-113.77317792598204,4.756622543534717,0.06636065958939594,11.296652,10.426145
2.206034982946858e+18,2.2060353265442145e+18,331.6894125828448,63.72126553000142,331.6531645061734,63.75470616465946,23.82621316925881,23.82768340278572,77.32528233215788,30.16364031297944,80.52387182939863,28.82558496048337,3.4671842896220837,0.027290228846736278,15.0679865,10.192403
6.358928609077406e+18,6.358927234687753e+18,328.6852845032745,-73.44042914624846,328.9448345692588,-73.50876966396906,26.087310337158915,26.0501549603624,-196.56283021470347,-437.6089208332317,-195.1813528266954,-440.2675202074617,2.996102536001353,0.086751564372314,7.270075,13.527983
5.988403223597079e+18,5.988402639481532e+18,237.5285516310911,-45.422707013619934,237.56797581660615,-45.40265387475611,21.5800912399548,21.512265253564035,32.91068606207354,-33.61929143604732,35.09507575262615,-32.34296268896242,2.5299354519093655,0.1487020371680058,10.729243,11.002656
3.4098272140701e+18,3.4094803181509494e+18,72.14622781644172,18.72890279706403,71.18277400779577,18.408079213384333,20.551587784263443,20.54437367664026,87.27695408230191,-34.786222840829815,91.04631264091016,-32.97210157368121,4.18319255058551,0.8223861652295625,14.713162,13.635109
1.2518240572898396e+18,1.251824607045654e+18,207.00533857595104,23.58012342188568,207.04869237692137,23.614073287892467,84.31052432709014,84.2246337028907,-1485.655682748447,125.00998018173836,-1482.591472449657,122.334828277187,4.067655647622476,0.016231257600833816,15.338058,13.441506
5.210295852655074e+18,5.210295818295378e+18,128.0790782255816,-76.92485900432125,128.06104559151137,-76.92815531665647,27.188608763447164,27.304121594067457,-194.6271535777925,146.15998596410708,-196.5764193278244,144.53796820862047,2.535858545613533,0.15563820950919316,14.640203,7.438834
4.3141063618371963e+18,4.314106361852718e+18,287.441122923222,13.181722575809887,287.4406574029382,13.182013074381114,24.98220797615835,24.776492022333127,-132.88953212123442,16.079423458083756,-132.50364860917796,14.953500109401912,1.190214044608772,0.3323514805072044,9.528605,14.429876
1.9567129560386427e+18,1.9567129560386424e+18,332.1335363872308,40.73980527289096,332.13379568843965,40.74010846545978,25.30947832535678,25.33085437410556,-16.801848818384315,-9.052574507177589,-16.36993910777694,-12.62369249848112,3.597141880149949,0.03334314130147915,14.9989395,14.284951
4.4188509547293635e+18,4.4188495159159014e+18,230.10945823884524,0.2435334906993495,230.1184791664429,0.1896624457904855,23.281399114720724,23.275237451873032,132.23115264112133,-254.2802622461988,133.17817655527637,-253.81077526149207,1.0570110324828872,0.04250234894470542,9.029502,11.443985
1.270921234237031e+18,1.2709212342370307e+18,231.70148569758408,27.308021052303065,231.7056607938669,27.30886567841049,22.17587335820002,22.147147412521416,40.8158931105348,-73.19864722455542,42.069158625536616,-70.73983776605051,2.7597859345112137,0.058565919389234965,15.85692,15.336664
4.0161428681624177e+18,4.0161428681624084e+18,184.38699858342176,32.08483535800162,184.385893595196,32.086424546736964,22.304860457591,22.3027633021807,-234.68815859799292,-152.84792031710035,-234.88570101510012,-149.38567335106055,3.467877890065963,0.004455956934487542,13.838946,16.924416
2.676566272464335e+18,2.676567307551465e+18,329.6959589702344,-2.673567056626576,329.66265410837985,-2.6546893633923827,35.73985670231318,35.67030213187298,-91.38129521849908,-26.218100844108022,-92.5912191739573,-27.46938588144804,1.7405832995472186,0.05767407072476263,17.149921,17.094173
1.178132588972881e+18,1.1781325202534036e+18,219.14257273442385,11.04494245471028,219.14183537820048,11.041900093648964,29.031144183656423,29.039961684918016,264.4653976883403,-155.02209610985804,267.0152556168882,-151.38396952283472,4.442717695170896,0.010626470469203557,12.61262,12.67249
3.638235395936488e+18,3.6382354302961987e+18,201.15093797219103,-1.8993337157864827,201.15837788799948,-1.893155021422668,22.31066559858197,22.306515057879896,-160.6594131769508,-158.4027528285573,-160.69396830555843,-158.25507283409354,0.1516688421460023,0.011258951817654298,15.459158,13.969764
1.1002672370774497e+18,1.1006553303243516e+18,103.458772370924,63.93102183625496,103.35982516607623,64.05990897349066,35.973434530627046,35.84601104436383,-133.64352167689248,-397.6427903304353,-133.359546446933,-398.3737946474624,0.7842252500033374,0.11888384269990969,16.265318,16.48766
3.3104787106379387e+18,3.310615565476268e+18,64.53590962898535,13.331092286491018,65.22015770420096,13.864370841354328,20.953979195799946,21.09351261138683,110.06293046601724,-15.642484348565644,106.88260714504528,-12.399521780388248,4.542164973282871,0.7749100551934497,14.096124,6.0480075
2.5770612604241306e+18,2.577061092921354e+18,18.43918672300323,7.578006797011048,18.43349811596532,7.575124155405294,24.68963387508337,24.459463797530493,139.5057487646283,-53.4899147535952,142.69253661320377,-53.05106618089854,3.216862580463489,0.3811689545623145,6.175464,5.156254
2.0903833677650877e+18,2.0903833677718712e+18,283.5818634282262,32.35076164648458,283.58228314402487,32.350530023911354,24.33544964380556,24.21563106988609,13.87855904926355,50.01081024364746,16.485693854129657,52.2903811437396,3.463177064386272,0.2033243847527846,14.592363,13.48906
1.2061163925548787e+18,1.2061163925567432e+18,241.0826240813331,22.49286252608698,241.08246214694427,22.49393128678198,20.436265273469548,20.38066883159472,-192.04932933594284,-27.151273787414176,-195.4342737105423,-30.72350184869956,4.921245954122515,0.13348652114255824,13.844178,14.035936
5.986548897247732e+18,5.98654889724772e+18,233.1092051391927,-48.27289178807073,233.1205190769822,-48.27809670290631,25.218680974597422,25.26108711406243,-174.58927809850996,-145.49889156919085,-177.14479929414398,-145.405248051932,2.5572363382486394,0.06686656209473352,14.882557,12.370377
3.0531427901690716e+18,3.053141793729889e+18,107.36687924373442,-5.747089555438794,107.38542937795238,-5.788777315155661,23.592268290425583,23.530709830541333,86.21141921673465,-160.98490627255637,86.10962427838183,-160.03640442846347,0.9539486137742913,0.11591624093636065,17.429733,17.25058
9.179826059236428e+17,9.164821505089059e+17,126.06483664375772,44.94891926611746,126.05473071624668,44.945138733024976,27.119684880462916,27.108302593721262,-63.2842028164494,-177.9451885499218,-60.29260722343045,-176.62232954661707,3.271024325008113,0.01633491299253553,7.535038,8.937119
6.240228353102586e+18,6.240225402464014e+18,236.6689606559024,-22.445522261280427,236.67324009950943,-22.44331460032295,29.384008070049877,29.371778423972124,-72.87831399303636,-139.92807323233473,-72.74516810682123,-138.66010984297884,1.2749348939310097,0.014423358827588884,12.826358,14.310406
3.314109916508904e+18,3.312904233289409e+18,67.20174925382867,17.285341899758865,67.25111621738195,16.346213879024717,21.5489076022758,21.632519360189345,108.67985266985404,-28.446330982590844,105.1068878388032,-27.317100539736167,3.7471641379843406,0.7809920970679975,7.7025585,13.074519
6.675306242381998e+18,6.675306238085513e+18,309.7393468070392,-44.55125863449701,309.73930291695444,-44.55422192283709,20.69062416865045,20.743681781738644,-21.134565136689403,-58.53686491432087,-21.83415490841161,-61.23599639055534,2.788321461865184,0.12364507523958317,14.452465,15.605869
1.2243018381385897e+18,1.2243061674657208e+18,234.85472396856548,27.6265400253418,234.93166612941172,27.849912764483893,21.287262251166045,21.345005070024172,-52.34474846310977,52.51574036958843,-51.92491291410942,56.165234938679546,3.673564004890889,0.22958429238369818,8.798476,13.172609
1.4572772925578074e+17,1.454846341068146e+17,66.57745017375387,22.813375430212517,66.35476960697082,22.19979147131272,21.74857378818941,22.017740203586687,107.9496006092343,-46.1191144632254,112.37063071226235,-46.63900490521837,4.451493372291588,0.7631363183951982,4.228601,5.224731
1.3224441429543465e+18,1.3224441429543465e+18,243.0119954413778,31.979076481170924,243.00919577124063,31.97970316677288,35.316022053351546,35.29723257019563,-277.57462056822874,-42.02741771495693,-276.8549215351455,-38.38434701698024,3.7134796092987155,0.01512191326040604,15.303209,13.174675
2.338526408961591e+18,2.338526408961589e+18,355.64284545198507,-25.43520061131396,355.65821913817604,-25.436753895389728,20.59257994587492,20.523404889698256,18.3820329867292,-16.392205154291517,18.180654519123337,-15.44832458994636,0.9651237262464426,0.1641067814714115,12.383187,15.083642
3.306095473174253e+18,3.3060954688779725e+18,67.37459465106288,11.22477007078053,67.3797546540071,11.22227595629432,20.357770327605216,20.438308051396504,34.735401355962026,57.90871566873965,37.742708691446936,58.89291490506776,3.1642606635437263,0.19362402715264812,15.154878,11.614374
3.234202771520965e+18,3.234202767225174e+18,80.40543478567334,1.7576757783439036,80.41446589182839,1.7491147878460565,24.690581922888992,24.660075890818355,50.95044423590717,5.956584505830492,51.05262452284631,6.045264851297384,0.1352960262206247,0.05086945098928343,15.437698,14.042468
4.5423610243205407e+18,4.5423610243205407e+18,261.5977773579404,13.858825781411458,261.59584466519345,13.85885813226188,26.334094814711484,26.36825936827102,188.52279508196509,3.069126119479752,187.2143672311545,1.7772157681995877,1.838753870566046,0.049216921483715564,12.285267,11.55436
2.493701691936032e+17,2.4937092510784538e+17,53.06053630848103,49.23500122912572,53.05568206308781,49.23888487243676,25.751317397722225,25.74225829434693,23.23459335591568,-66.43662098812956,23.37497776557308,-71.17821942002831,4.743676155879483,0.014082069636906277,14.337324,11.227015
5.886900192771844e+18,5.886993410764623e+18,230.7530677426776,-54.64683067383967,231.1137004586525,-54.34568816707972,22.91493429928916,22.850431534349536,194.4039961862357,9.9410087652824,193.5150262832607,10.176899326255931,0.9197346601883472,0.3056972259495696,12.835904,10.601485
5.107276114257178e+18,5.10729216025497e+18,57.16663643883164,-18.306235044781697,57.29805340720351,-17.97157286353003,24.835030379104563,24.940590445692187,-79.64206715419132,-16.178722089396572,-80.08507608863324,-16.749075088360186,0.722190736178576,0.302975901185467,14.712773,8.330719
2.1984308593057213e+18,2.1984311728527585e+18,332.9551182745,56.83993042936889,332.9765582239247,56.8302313692339,26.4980547106071,26.43320256374964,236.5519168929304,129.06055045354628,234.17670404839512,128.9508711503556,2.377743805878531,0.0931316717235309,5.1129427,14.126163
6.525562894800219e+18,6.525562757362259e+18,353.9679041873488,-46.16540449759983,353.9670987014911,-46.184086036926985,23.52071764826845,23.57117720087308,-228.22901264690825,-341.7961504848447,-224.42829000889088,-339.3031641724604,4.545379337841131,0.09206303649772037,9.30055,12.365349
3.3140795081401984e+18,3.314063977537054e+18,66.07110065917192,18.00278420332121,66.3729376285106,17.927768735352878,21.496896698223075,21.086509524006694,110.9135626017914,-30.66859095747958,107.31597291846634,-30.999864147519936,3.6128096346204543,0.9374577920516649,9.650242,4.295662
6.228895347454822e+18,6.228895347453404e+18,221.5017165696784,-25.4448634903456,221.50349692428875,-25.450110817746268,32.624104779322,32.59394732893956,-151.35061738206906,-95.9720923297442,-155.9458453842454,-96.73634747512926,4.658348024700707,0.028512546256123126,6.950725,14.118002
9.600398147442675e+17,9.600398147432412e+17,95.02563294488134,42.09527554049325,95.0326397428198,42.09048014642703,26.54123743255337,26.674616949761507,97.32282430309954,-86.32594917638667,99.37188732297012,-84.63081815365291,2.659347371750366,0.1884522995939908,17.00479,12.169918
4.281199284413726e+18,4.281199318773462e+18,284.0551537594634,4.203745304112682,284.06122727499337,4.202253679782467,24.26956722899592,24.53104250131988,46.47401780130661,31.31273094049868,50.043812151524776,28.363342909760245,4.630585433691155,0.4392128124959349,4.5688887,4.9258733
3.2504580545068605e+18,3.250466403923273e+18,57.56659003551471,-1.522831039495835,57.66206720865883,-1.3534181278596356,22.61843148945748,22.585243214859737,104.28357134139723,22.997714119657235,100.5309855960877,25.54083492635417,4.533140546393322,0.1636078949921435,10.080959,15.188777
5.565552423277949e+18,5.565552423277948e+18,105.63401104992856,-38.81064243709995,105.63229285243244,-38.79972464982084,27.12937355626341,27.08410474815709,52.84330368977457,-6.571842587094489,55.115993804500654,-7.397299800926946,2.4179536739651764,0.06201483482082877,12.786095,16.231071
8.938942303052074e+17,8.93894436463609e+17,112.14113118102291,34.61822403164725,112.12962441863304,34.61763776213803,20.26093745973186,20.29036381374208,92.85286648944484,-54.65617442043224,92.24275215372948,-54.50527126154556,0.6284992171891408,0.0720436545054715,13.304755,11.534832
9.313049373454813e+17,9.31305594476004e+17,125.23512922690723,48.06436573383174,125.16728950595376,48.05465968726787,22.14191845102405,22.155223838234768,226.35563975244463,-79.25124264820914,226.23119597946388,-79.13174965653513,0.17252486108642448,0.04550534999464645,17.00568,14.099437
1.372493465574232e+18,1.372493465574232e+18,237.57676964035696,34.619099235002096,237.57648897264684,34.620367329420795,33.69459965410609,33.724612683724466,-134.8763685575088,-143.77389065012036,-130.98487126084405,-141.75398538963412,4.384491814485365,0.026420507568762165,12.028584,14.280624
5.879064694937618e+18,5.879065622651085e+18,222.4540104276556,-59.14957635762107,222.38490530391843,-59.131359417600144,20.563383216962,20.571555990681517,-129.88886247017268,-51.02398884408445,-126.86198043458678,-54.98125122177446,4.982162219682675,0.03894873344292372,12.455074,14.901763
4.3435809356149693e+18,4.343580866895491e+18,241.15160029867,-10.229385062770902,241.15581622736295,-10.242706843710028,20.15062453876812,20.074934487519883,-11.719931613412593,-195.5971022559653,-12.8058315754507,-195.31794488236068,1.1212080836277412,0.18750097947397693,13.284501,12.521889
3.567818445046215e+18,3.567910941462155e+18,180.8722423225012,-16.502987289973763,180.95809685662184,-16.53919690081446,26.74998260700818,26.8036823438483,390.9225449608312,-445.6744691032006,390.0881041761252,-443.63371274688814,2.2047625561521045,0.09510349613772343,13.72577,10.215118
6.547042374158447e+17,6.547042374141202e+17,119.62868704371132,15.503512283269178,119.62655337859754,15.49966386844323,32.07892610281949,32.03269915851432,-81.089671362909,-114.0612893399409,-84.28933984769847,-116.35521046601316,3.9369979102351045,0.04504914271948442,12.929752,14.074461
3.9209720966001014e+18,3.9210206125506785e+18,183.9802492617298,13.642864239696824,183.913519332703,13.7328523763095,22.08120356557124,22.17956597640247,4.328219525233078,-33.39869689540922,4.013394225482419,-33.47974600344616,0.3250906447080185,0.219062927652698,15.526284,15.296303
6.583364702110944e+18,6.583376453141469e+18,319.6710761215008,-38.57870423548825,319.6590104607949,-38.57522553997794,23.502755817668906,23.592726846987816,355.4250370991386,26.041947927120567,354.6562727057945,25.72744334285862,0.8306093100823644,0.16242888254992108,16.314007,16.948921
5.181014483615225e+18,5.181014380536026e+18,46.20379727841261,-6.048827893246304,46.20238671440013,-6.061294742263789,21.905829230595,22.078494837415214,47.2348661089726,-63.61508396477903,48.42903683902648,-62.49399616225959,1.6379504246085392,0.357145763489415,9.346011,15.732277
6.620898657532005e+18,6.620893645304242e+18,339.4047812502648,-28.09224821977744,339.35511210920293,-28.08164956320121,29.994732956898137,29.958671059490428,335.92115310411947,-209.1753659460328,334.55097117874897,-210.1894425713772,1.7046260325015383,0.04795315474244656,10.071927,11.006325
1.1975465627083876e+18,1.1975463909096947e+18,237.2018280667828,17.847420471850814,237.2101461176528,17.849127455929025,21.47359855027416,21.466896911975805,-208.07132312175227,121.41209802056804,-208.72057064219632,121.90986241055842,0.818102518481175,0.015959567488276254,13.227588,12.108447
2.2858502156259308e+18,2.2858505549261076e+18,345.608481654077,80.21182146664378,345.5580397029025,80.23686594069326,25.72084643981833,25.701696533827285,-64.97045614426831,129.01664850837224,-64.90500292074665,128.39298737462707,0.6270863849691612,0.034087707606918344,13.12282,8.876171
4.038572836732034e+18,4.0385728367081984e+18,274.1761708322569,-34.7781701861699,274.1763813742316,-34.776945799248395,28.872147311755327,28.844734258266165,-0.5989445030690757,-265.43870443655544,-2.610692452878725,-262.1132342651668,3.8866285742734603,0.03292485299180792,14.79243,14.5519495
3.163696103058962e+18,3.1636961073543055e+18,112.61063188184364,13.866365764152548,112.6090708282575,13.864870815003735,20.590640645866248,20.545327384565294,-46.76401158570082,-18.16305339131225,-43.86060863889522,-19.84811075818476,3.3569579981243067,0.10712828373399907,9.178497,7.2076516
2.5165879533933466e+18,2.516587953393347e+18,36.00091331597019,4.871912780782772,36.0015539132922,4.865635452831513,27.234706626395266,27.16345362194656,-31.742105708212385,22.215868688535444,-33.0997753493109,20.897533969543204,1.8924252391206706,0.09640041119726067,9.911308,14.48831
6.268129564469814e+18,6.26812956446921e+18,235.2592678296735,-11.805732987220129,235.2640179967936,-11.80715908029746,23.39135200437433,23.384603685523075,206.9232527669524,-150.2735037940083,205.53883659034395,-152.0954352188416,2.288239993280928,0.012859793569363466,15.154728,13.0107765
5.836175907519258e+18,5.836174636208941e+18,240.6376391702367,-56.84984457690102,240.61926525099733,-56.85438764674995,28.39588148014463,28.33181837989309,-146.3193816039348,-116.7901876864836,-143.26906276710372,-115.36329051900049,3.367562996129081,0.07991879279042212,13.312091,13.931818
1.5687734366428042e+18,1.5687468422053048e+18,187.50968770403796,51.535746020332056,187.5008810639681,51.37258518816777,22.8273155497545,22.798379096125814,-293.581166654639,25.625617577979817,-293.10713903447265,25.67999952521493,0.4771368575845361,0.13671615275239699,6.0818057,13.841931
1.354123512492434e+18,1.3541235124924334e+18,257.5458626912012,41.65990522842772,257.54987699413834,41.65438706526906,22.60358595998354,22.59991216840123,-8.330519754734834,92.74050023676055,-7.958466522006722,91.77265694255355,1.0368916289202534,0.008674211278748834,12.337048,10.089006
3.2059105119756703e+18,3.2059075956942444e+18,66.69639212074938,-1.7260423094344155,66.70324635338594,-1.72447941045609,20.085407751012337,20.129978414684302,-40.68387864141816,35.661927853961906,-38.33161963243191,34.0879474507149,2.8302891645841757,0.1104050460786961,13.083643,7.9140706
1.176167040139596e+18,1.1761671432187796e+18,218.41677491853972,9.33369253990224,218.39613467508897,9.332096797718368,30.966942005420165,31.029727252310288,159.18928723491598,-512.3854170441384,158.36222696449548,-513.114373936432,1.1024549159627126,0.06634507078618358,13.014784,8.557108
5.751622535525228e+18,5.751622535525226e+18,126.23004457156875,-10.007717990735914,126.23381962516332,-10.005560106119598,20.850227984646157,20.728231075574868,-20.1418895530771,-36.70797200950221,-18.11885536455889,-36.02845350596217,2.1341070086963363,0.28230025226952427,12.370816,16.072258
6.669870012079472e+18,6.669873005673631e+18,298.42180851396915,-50.655026225267854,298.42736113463445,-50.63240916889876,22.709472527685502,22.74369019288264,100.88672965505803,-137.49233451261782,101.35854097088814,-137.69604190435632,0.5139091546122172,0.06854190624299089,16.298779,13.496268
4.933038018430368e+18,4.933040900355015e+18,15.727990777326344,-47.28167980178394,15.683104571513343,-47.288165837389805,21.38361281680565,21.328795409971818,-33.793998289053754,-129.92394431804965,-35.029628017348294,-131.9796802243332,2.3985059811951115,0.12285412234511958,14.585843,7.5678015
2.2164209697823933e+18,2.216420110788944e+18,326.8558270334086,62.77289459069515,326.8516088538889,62.75381484090209,24.832694664237287,24.922379937461365,-174.76374614715618,-11.142807576706597,-173.42452989286042,-10.65376211379038,1.4257158344385852,0.1455363600540059,16.690996,10.838576
5.885216909167146e+18,5.885216909166895e+18,234.30982265468927,-54.49725641001322,234.3034260140386,-54.49723006609554,22.121982765993987,22.08542025358001,-119.54063389949371,-47.16720321739805,-117.60397225377764,-43.563621062853,4.091022204112707,0.0748927336380473,9.241028,8.549373
4.654963689477989e+18,4.654963247075836e+18,71.21276808898016,-70.44394007920747,71.25630204838973,-70.46471435524634,24.301397366345626,24.30674799318656,-102.46476855288712,172.89055167685274,-101.60060866628962,170.7992283336664,2.262831331619807,0.020347188262183118,11.950106,12.068082
1.0872541733664763e+18,1.0872600488817363e+18,112.9009069221721,62.01915589367775,112.91394109600256,62.0208214017667,23.23307105184567,23.229728340478207,31.69855439652777,-160.08036770958995,31.450299420538343,-162.32700479183103,2.2603116405496437,0.007812418050584254,11.195294,12.423663
3.9589373441517414e+17,3.958937344151739e+17,1.833173288558824,52.69073006815011,1.8331217811634533,52.691866447686536,25.829956252910183,25.90141191727845,321.1937857441276,-48.20065151068464,321.80751541694485,-48.96704971599809,0.9818504572510381,0.10680725483185173,14.889077,11.959844
6.113245033656232e+18,6.113271494953274e+18,206.1070405080397,-40.33734104421479,206.11574996178857,-40.3107987427307,44.53484045938855,44.49798892649339,151.81296009153235,68.40187944416465,151.99121861941444,71.79768157881723,3.4004776488713664,0.02146794251241227,12.245831,13.259574
4.674698110775923e+17,4.6746819617000614e+17,43.316466680796886,63.35132633959695,43.0968171668848,63.409296532557846,33.268096534651576,33.34068341309444,177.08496554641286,-112.65478673384798,177.6327980006461,-111.73352251040134,1.0718433501748041,0.0886884579418061,15.380453,6.6698136
5.957473716655912e+18,5.957478114702421e+18,265.37547754122727,-41.80164389385772,265.282837497166,-41.71864354464349,21.072091875716904,21.11691315118181,-32.53964435842609,-246.2231223113425,-33.70580980482196,-245.5718338921801,1.3357089702860951,0.13465144649028435,8.78881,10.043206
5.612659693308445e+18,5.612659762027921e+18,111.50794980630066,-28.00347825984779,111.50509633016394,-27.99833842331321,24.87268503119915,24.920510826273517,-59.67919294198577,13.355305036704644,-58.73046206204099,13.017770668685872,1.0069854676978318,0.07726256542024668,14.920092,11.639657
4.140432379831627e+18,4.1404324184843325e+18,254.01772668463704,-14.01466212446933,254.0268477370397,-13.998092050000702,21.74233298926569,21.6530352945296,174.14296811074897,33.05426185465383,172.85502988805672,32.218710990307606,1.5352296611195952,0.19027822664837854,12.288781,14.917147
3.315373564607614e+18,3.3153735646076124e+18,92.07820383617567,2.0821530059776165,92.08148335149244,2.084737892255352,22.061781009010197,22.04866054601243,18.06258555617109,-77.06128885987977,18.432357864349573,-78.69054428781567,1.670689920168983,0.027174319482560664,15.866123,11.592814
4.833875985299919e+18,4.833875985299919e+18,52.265858616461855,-48.0601632472492,52.2681579304684,-48.05943914224538,23.90951453325572,23.93225728540428,93.86135829591134,-3.924960880346772,90.8592384085092,-2.9704684453094528,3.150203108829483,0.03976488044984774,14.411374,14.196831
3.2789913776786493e+18,3.278991343318912e+18,66.212743295998,1.113599988874202,66.20588078399462,1.1156519141427277,28.528610685215483,28.467827761217844,135.8089114812609,12.734430828414656,136.92210608377974,8.912838893611648,3.9804229849638415,0.07497061865945757,14.886142,12.042383
5.087331724947102e+18,5.087331729242898e+18,55.56803763678988,-22.678919059290056,55.56788469631736,-22.67943058868276,23.80992622960233,23.6300645710762,2.061652629310496,-32.19433854656255,1.523653643914474,-29.972704879560784,2.2858475580499364,0.31968036285699153,13.554773,14.258231
3.312613000147192e+18,3.3129517485109074e+18,67.93658293586253,15.630149907181586,67.49102855410932,16.67271469531208,21.928109289904448,21.918833298371936,104.99937028732845,-31.718638053931382,106.76090585888043,-28.325579500310205,3.823068652031353,0.8973855388713858,13.436778,8.859189
3.314109916508904e+18,3.313665885609888e+18,67.20174925382867,17.285341899758865,66.77789108447449,16.429579986614307,21.5489076022758,21.7524975456685,108.67985266985404,-28.446330982590844,108.78997030370748,-26.28176339967887,2.1673667696720984,0.8783354175037741,7.7025585,16.60488
5.226395623469495e+18,5.226395623469695e+18,166.14329893223453,-72.95308729537541,166.16686471828578,-72.95157076675962,36.178458858375,36.1529325349288,241.49203941811933,-80.03415492924796,244.1563615543664,-80.4694897817303,2.6996534739632834,0.019812441841213453,10.6954155,13.249413
1.7435045259925056e+18,1.7435048008704184e+18,319.6765525154009,8.945754568230281,319.65554969861125,8.959475382695251,23.167325639999643,23.217353019494585,141.59502085865677,-41.10821180353413,142.7241515008991,-41.35278883443418,1.1553155115787461,0.09487268067079595,15.08625,7.1488404
2.4588329784083487e+18,2.458832806609657e+18,22.48974262584857,-10.56233763892689,22.477695948848044,-10.559979859293612,22.258054083389283,22.38060085318141,-212.9428875016936,-123.60351538042556,-212.6187337880692,-123.54318682918952,0.32971982674800854,0.24618558340596036,15.152683,15.169873
5.569783309659511e+18,5.569783378378985e+18,99.50129750890024,-40.93317855474374,99.4934542888992,-40.93219102822045,25.9297020454803,25.948126172433337,-0.862497353341654,100.4749190345697,1.7112681691374796,102.6792005497881,3.3886761372305654,0.027679853558202055,13.331459,15.132409
2.2997925041019095e+18,2.2997925041019098e+18,350.1837609537972,83.49751638063643,350.1712103124745,83.4961444208356,21.59053903168205,21.61555437021345,80.84724860020145,-5.43993020421797,76.27184112113433,-4.726750494063388,4.630656421985932,0.05362520545514817,14.252028,14.890081
5.18966001226538e+18,5.192661434193961e+18,101.74448981939972,-87.02494405414745,97.96210866275476,-86.77694877340413,25.80757655662531,25.86121217496192,4.954950248985012,4.377121918055498,5.523961068372024,3.126171264147069,1.3742819401758162,0.23146338304508568,6.357506,12.486987
2.312940945182514e+18,2.3129409108221327e+18,359.48043381328364,-34.12379284284799,359.4740714263266,-34.128258200623485,30.42926721740088,30.60618866493513,154.75868478670532,-382.6388188980549,155.40104372338382,-386.9378380559481,4.346744842231152,0.19000873023425638,16.64957,11.958533
3.797578545179194e+18,3.797578476459717e+18,173.05075449889674,0.6161409592501005,173.05460329196035,0.6074623373061725,23.861563984541164,23.84082668159046,219.18980468393565,-349.3005205682286,219.3365976174548,-346.64095175377435,2.6636167975421547,0.03710896908915029,11.322439,14.802519
6.864024318020621e+16,6.864028183413683e+16,54.57412863890139,25.504996603853535,54.58115467541029,25.52160029116672,24.11584570799791,23.95643045087112,67.79706312298217,100.94534845152197,67.76390346626603,102.34802321874352,1.4030666646434071,0.2762356824550255,13.044781,14.582948
1.6906461916810156e+18,1.6906461916816323e+18,185.5354248234077,73.25145330727312,185.5418768098583,73.24930272071478,23.28484074447225,23.36229456543353,-455.8494791169993,182.46219414586105,-455.1703421841989,184.3754762494585,2.0302402275198506,0.14239756182165575,16.597746,7.8504324
1.4537337727225766e+17,1.4566897410257062e+17,66.06128542553917,21.736042245626574,65.98973921339132,22.18137709233843,23.200912136413244,23.217396571266843,117.38495084684558,-45.74094027417765,114.55826214095832,-48.52743044392452,3.9692186266425984,0.33996839560017866,7.0066395,13.819638
3.147762332742999e+17,3.1477623327429965e+17,16.626148495836983,33.6036501934429,16.626454263590546,33.60453815486128,24.811443120200547,24.762546980721737,264.6949591866969,-78.66524085002015,260.66252161630274,-79.46421513221756,4.11082870754052,0.07958692745085896,14.482365,14.689544
8.082708961634739e+17,8.082708961634742e+17,149.83657630240822,43.83947827911241,149.827694841564,43.83940667071244,36.7225166030608,36.74719130705888,-100.49907557948774,-220.2180525730501,-99.08794478480884,-221.38794153516488,1.833011266569057,0.018536628163267836,12.854988,12.58374
3.3099785015677676e+18,3.309974344039456e+18,69.61596544100632,16.00290935094271,69.5444304347343,15.821382952558132,20.892995227960203,21.01838989752342,98.74019918834688,-25.3597968168199,97.32743849223635,-26.75931565908957,1.9886039762462824,0.32814361347725607,17.021824,14.388778
6.410766630956404e+18,6.410766562236923e+18,327.5995316667886,-58.30545679999609,327.64734728266205,-58.30067865269811,23.294902418284828,23.47258670367041,47.35350349076454,-90.97090207986231,47.41216243931076,-92.95794901657833,1.9879125737710495,0.32551809337186294,7.731377,16.368355
6.008386881767537e+18,6.008386881753303e+18,237.4075542989712,-39.915687194475765,237.40383108922967,-39.91664306713022,26.457319634629865,25.97838717551741,-57.41072364891208,-78.88761690508781,-59.967714774936994,-75.92488895104769,3.913561108277331,0.6968158809628648,14.39649,17.44005
3.3127835618880686e+18,3.3111793400622275e+18,66.40598637273915,15.94090753969732,66.52038510826976,15.04079479058062,21.10764322783181,20.937514048406054,102.95013743101792,-26.0262116770142,101.4019876777807,-25.71827628057673,1.5784777055212353,0.8455810566840909,6.341617,14.782955
5.909739660590724e+18,5.909762269301963e+18,266.545673982487,-62.86321501825039,266.64923413359395,-62.75354167535398,29.04044539270044,29.08464455850058,-49.56294774676704,-385.04175078907406,-48.49137468998471,-382.9840003784761,2.320044303098102,0.08879228425638454,15.893814,7.3628078
6.786890622306367e+18,6.786890656666106e+18,323.3801068342832,-27.890553993056173,323.39082803764234,-27.884650733176493,21.94491904775313,21.99129130747038,201.4608317774663,-65.50824481134939,200.11280754888912,-69.11715579850141,3.8524547802690323,0.09649749780728886,7.4961867,9.9229765
6.4207890230439e+18,6.420788984386224e+18,291.82450288242643,-69.3017242351447,291.8217264538442,-69.3064888099308,23.89948040926526,23.925537401191672,-49.61220870589677,-5.708894592599562,-47.875601799832495,-7.908772839120192,2.8027250749413173,0.04570759628527415,9.000388,12.876516
5.885600157686187e+18,5.88560015770438e+18,233.84321740242697,-53.42953221771139,233.84302732701832,-53.430267891022325,21.07445846817355,20.98103831642252,59.063954365851785,-250.6831888628185,60.05228589759852,-248.4696744213535,2.4241380734642575,0.21128030955640686,16.116938,14.725664
3.015008531455358e+18,3.015008634534571e+18,80.66963711666105,-8.042253503183481,80.68097527775988,-8.032264206532332,22.865582574883515,22.908680959964816,42.52833802741095,-134.66827430496443,42.94803543981435,-134.82997358666154,0.449769469483497,0.08307127037974388,14.71025,13.999678
5.237532679852494e+18,5.237533092169383e+18,169.8001264317225,-64.60925045009425,169.8153499352821,-64.58229392251744,26.738834300161745,26.713101800587356,-300.86755838541904,42.8537533240785,-301.6107604220887,44.14565747448255,1.4904246378603303,0.04032311430240686,13.088924,5.879746
2.533723464155502e+18,2.533723670313664e+18,19.669509401924888,-0.8755259590074699,19.67316705625095,-0.8686919886200175,36.342804877541646,36.39854099610976,435.47662475009406,-254.68346595317595,432.56384179505216,-253.35747329789533,3.2004001413949514,0.0422980128119977,10.065551,7.800797
6.478789670155309e+18,6.47878967015531e+18,317.3572700943757,-49.78851429394564,317.35079204669864,-49.78073772319691,21.21707269927974,21.18686775997819,-118.10720331279568,60.88026392924897,-117.16820379621116,60.17339529489125,1.1753226613933305,0.06758528367617231,12.428118,13.875967
1.0470627627639785e+18,1.0470611822156096e+18,153.16265068945808,59.9779862986057,153.06285737095794,59.944694522337215,20.07408953252152,20.04518667286727,-158.10825655452322,-203.8547935784977,-158.662129261722,-204.85726221699167,1.1453027315708546,0.08881145377387753,9.740477,14.614109
4.0982697553407314e+18,4.098269751033085e+18,275.7843581892336,-14.639683838921082,275.7851987204855,-14.639046417325666,23.019051138663144,23.43590091119475,-24.52685770786249,-9.857372163328638,-27.762011552267023,-9.312001219181546,3.2808001864919047,0.7726996530706024,16.013367,11.34517
3.895148897791132e+18,3.8951483480349204e+18,182.3980049795853,5.456746854829091,182.4949063990268,5.454328304889678,22.9669807471924,22.81067653382693,27.305672345766386,-108.67275732221287,25.64132201444105,-113.09004587549404,4.720434322001693,0.3072907060759424,12.993063,11.800305
8.445020376810907e+17,8.445021064005676e+17,172.67772993799605,54.949167024485135,172.68248048058916,54.95809713942689,24.731169201881823,24.778012070855564,33.45767832723148,106.96196667264748,32.44570015200499,106.5722442104605,1.0844276945319204,0.07672502769462362,16.67197,11.018845
5.0599281586511795e+17,5.059928158651181e+17,26.626357365616727,58.00927206301949,26.626941247168222,58.008799312713776,21.108672241042672,21.09928183540949,126.69426576056522,17.00142395252088,128.90472474246832,17.469639888139877,2.2595032801577584,0.021089310089139352,14.571586,14.650732
6.707854088678647e+18,6.707900783564503e+18,273.23328187499715,-46.93328221728438,273.20302187266657,-46.9115436528971,22.162913316788284,22.19665234212954,24.14262224270405,17.63863908627574,24.355217796804435,18.378203660909968,0.7695145415631557,0.07253117361669328,12.834457,12.835733
2.4958895396264366e+18,2.495889543921271e+18,40.58071245123335,-2.3516856743124355,40.579410464551,-2.351735231050481,25.00349243342477,24.979414353145717,175.04148054537055,22.553092775908617,173.55049110619547,22.258749082630345,1.5197656784861002,0.03856201048063163,11.550595,8.787442
1.4280147139668127e+18,1.428014713968166e+18,241.5122456303321,52.850822559608126,241.5116705956216,52.85074312269745,21.873004008366568,21.765051141741505,-42.3638065710222,-35.31951322582535,-38.67958453022163,-38.26963195390151,4.719819123193858,0.22675997354517005,14.727514,14.757168
1.74892229652552e+18,1.748922502683963e+18,307.517918307562,7.494645134464103,307.50982767340065,7.502094622183148,24.181900888041262,24.244358160370165,178.22159898384604,-185.9353014807936,176.31070569489842,-184.63261195700295,2.3126852697976417,0.10682428197297576,16.031649,15.410962
8.355157635066038e+17,8.355157635066035e+17,160.81731519648156,49.02217885506599,160.82105660153178,49.01696983422691,21.05563578671311,21.075911176879043,-58.76889309980928,13.38207945553108,-60.64863975703804,10.840065778311944,3.1615314375365373,0.04593767836630158,12.962815,12.596815
2.740345579033456e+18,2.740345579033456e+18,0.5165288480824297,4.135949776943222,0.5169989511252824,4.136195471862672,25.471911920578517,25.505935433491825,195.18101700964067,-205.7493040577972,196.19354542514657,-203.1182945765952,2.819117713466697,0.052370504112765184,13.647226,13.70128
6.002227967389866e+18,6.002216216359322e+18,232.47740959801507,-42.63347148099665,232.48345085744063,-42.64502012294216,26.03748287162476,26.007696138181043,-283.34971471712714,-193.47475363069492,-281.8475792736694,-192.94574938600408,1.5925628343625642,0.044762873471624644,12.002481,14.524808
3.6517239297080335e+18,3.651723929708033e+18,220.76814431029163,0.2405564130154147,220.7656987965621,0.2386125670665848,26.6859938587051,26.67353494634456,89.86575532277377,-372.4580996431581,91.04280022886532,-371.4477110122298,1.5512317352559875,0.017622046768854923,16.825878,13.875695
4.341893803738658e+18,4.3418938037386583e+18,241.8329584220873,-13.153850338150212,241.8329725687904,-13.152693747384577,20.92774391661499,20.96178693306318,-126.20760358234529,-100.31611873158288,-124.25643951719604,-100.83481285387062,2.0189315990457843,0.07760877274230261,12.701149,13.562121
3.5669160895965686e+18,3.566916089597718e+18,180.38086061905065,-18.678202340845047,180.3813938489716,-18.67822780430754,25.30624355961851,25.18956359492317,-313.90427978654753,-152.18759651939442,-313.65273980046766,-149.21761036204248,2.9806190866092246,0.1830411578442559,16.726667,16.512316
4.913168138422118e+16,4.923166822267392e+16,65.43537023809772,20.402754686332496,65.38237014650547,21.03971713386797,20.282688061310395,20.56339390615933,104.08247386373684,-33.55629455480451,104.84915616019371,-35.96321883698717,2.52608120294279,0.8666457996699759,17.242485,6.688817
2.2052497942033577e+18,2.2052497942030815e+18,338.5500126626846,63.31721353617417,338.5485453585582,63.31665640792372,23.9055726524389,23.98793068770984,587.2390431696224,167.54737292648323,586.8353472337185,163.4227542238917,4.144327430408122,0.14362108533520287,17.13612,13.065501
3.31262835895013e+18,3.3128493264284247e+18,67.66251575060892,15.691769659062851,67.64062132435598,16.193900711881753,21.86843191355519,22.18747294665825,103.48821587457375,-24.353763331160515,104.88879350180169,-25.445976467323547,1.776104508383026,0.7687180703822217,5.4175873,4.752029
2.6895113769093955e+18,2.6895113769093955e+18,318.317567988184,-0.3962363078271271,318.3197657519606,-0.3960395388594262,21.796811966604125,21.75858318869637,175.08562362956553,23.944296308012717,173.8270441993975,25.029375835812687,1.6617520163046828,0.08062529371275783,13.964107,13.237757
5.731289851107848e+18,5.731289881171737e+18,138.1405925763013,-15.290083189067978,138.1482394455664,-15.28450566737406,21.98802407350601,21.982590054737997,-51.58534976877256,-44.04201732343749,-51.343987726423656,-41.78192862064062,2.272940074000385,0.013427022927028114,13.532996,11.406439
4.114690411770375e+18,4.1146896558860677e+18,259.61216665048994,-22.76233719649953,259.620550894237,-22.77528813468673,21.07489930955724,21.070820128282307,-154.83691140514696,-155.9575029306991,-154.9390583950755,-155.33775387922466,0.6281105749427531,0.01550603498172439,13.039983,13.224211
3.4100761503744174e+18,3.4094803181509494e+18,71.02831552399883,19.03534393734991,71.18277400779577,18.408079213384333,20.30727075667781,20.54437367664026,89.04999367949891,-34.304519709190686,91.04631264091016,-32.97210157368121,2.4001307221742394,0.79113378682018,15.546968,13.635109
8.346772140916694e+17,8.346768017748093e+17,154.8609167860724,48.39627209826244,154.82164305881938,48.37357905025992,23.33597156469938,23.4096101437842,-105.14159895463686,-110.43323541962329,-104.02005677278775,-112.06502179412864,1.9800463726105462,0.1372485418928515,5.739212,14.081266
5.013228356381031e+18,5.013228356382564e+18,21.688756260828686,-36.16188696076426,21.688975396317204,-36.16148784510421,20.335767376145807,20.32304168757869,153.0222601382276,20.093553685629125,155.92878694694838,18.091530142869484,3.5293053644557886,0.030793864111855026,15.381007,15.346988
5.000774909728717e+18,5.000774703569901e+18,10.799862214603165,-37.96972010718394,10.802760256487394,-37.98314065870438,23.90227519749118,23.82560904890792,53.73331790133656,-113.98334318654156,49.41244432080072,-114.2903480109686,4.33176643659306,0.13499103293070516,11.843884,7.7227287
3.87621550942523e+18,3.876215513718317e+18,155.08231655363525,9.31809910575032,155.08252978315312,9.318760739858662,22.568105603542666,22.55121261060582,-23.569154050438257,-153.00213787879682,-22.94889168100931,-148.16942170766563,4.872357847864055,0.033196970490821494,12.19424,12.404591
4.807503030677131e+18,4.807503271195302e+18,82.14334801122509,-39.37304322803779,82.11748041935161,-39.37089466014668,27.29433414474563,27.298391447386816,88.5663585636136,16.9405593217552,88.31374268432721,19.195937990025588,2.2694818174545377,0.01396494879708628,10.168684,8.94291
5.357273275677036e+18,5.357297018257694e+18,157.07643251033605,-52.56143381486194,157.03291591581743,-52.52659002218402,29.94472561037959,29.90563722831633,-102.1894098630588,53.0036277669454,-106.24336432187714,55.8447836653539,4.950425597181975,0.05056143166526102,8.179211,14.114826
3.2168651224192113e+18,3.2168651224192113e+18,83.65918094603794,-2.571784038617649,83.66057496162092,-2.5725992541538245,23.54159024026236,23.50370095567706,-53.60989658025545,-81.7874150313373,-54.04911728097496,-83.71428225631868,1.9762925205161248,0.06848740837487645,12.842709,14.090543
9.144204287669308e+17,9.144204287680145e+17,127.7565414939314,40.20274980300401,127.75713596764486,40.20247168351189,29.700195825757945,29.70514265565663,-88.2677712472969,-124.52972807164336,-85.30314918649788,-123.33517317581666,3.196239253015929,0.005615792570191242,13.008749,13.206476
1.9440599094092352e+17,1.9440599093738406e+17,84.27999374542993,41.8288330892483,84.27999136865382,41.828111508442014,22.82208944840522,22.84080883638539,5.71755669108493,-30.223236274147453,2.7506551080196115,-32.4407716705544,3.704047548009231,0.03591501003849166,8.455776,7.261453
6.725656144031366e+18,6.725655937872937e+18,272.25923909312166,-41.028245919243545,272.1819424726472,-41.03973643442157,32.006745488129084,32.142742930008524,186.8248586905196,-61.9127345866629,186.7875041310339,-63.31801418087247,1.4057759782469523,0.13609012443053828,16.557821,12.367723
3.6772941377639987e+18,3.6772933818497546e+18,193.7283035970181,-6.335210615171522,193.7320383718588,-6.339384923323309,24.7694327458145,25.14540989623814,-296.6500573155081,-173.863287798199,-296.1196915042654,-175.80388519329142,2.0117669207874505,0.6036646791956842,14.547996,9.988044
3.525007929026464e+18,3.524996177995942e+18,194.42991007800933,-14.46262841989117,194.43152735953856,-14.463421568310949,40.62117396111105,39.497773707258254,-358.07570731423124,3.443830256832727,-361.6467921462248,6.04804060127652,4.419791668778363,0.7001799801274892,11.738221,8.773898
5.142772953804976e+18,5.142772953804964e+18,28.59384647107883,-15.724598497116489,28.58873393462741,-15.730665389025187,26.825480458537424,26.785535257800287,300.2268864041223,-138.80730238785557,303.3028432986804,-136.21053200030812,4.025509565610643,0.055824770921339764,8.894957,12.810331
6.513677071024617e+18,6.513677071027209e+18,340.54426052851187,-51.05861413362497,340.54460434353047,-51.05807819623859,21.786217466667534,21.84711289128776,-131.79981883217053,-116.37086680464822,-130.3891789296733,-112.4092889543509,4.205235308336941,0.12794155092601311,12.331289,12.019384
3.6003864261366984e+18,3.6003864261376e+18,176.7538092252568,-3.761448498554336,176.7542755160305,-3.7611725884369775,22.619127913406768,22.53942291182155,-87.48848637875811,-107.18977802567706,-88.91151824238007,-105.47039955263044,2.2318785850622564,0.15633941375355428,15.635376,15.8696785
2.90426716341501e+18,2.9042671634150093e+18,87.18589156394565,-29.71523778475119,87.18852408584404,-29.71528906682084,22.846633491850096,22.850624900168825,52.97431449734638,20.33601013157847,51.5579446377354,15.578855679091332,4.963529194437422,0.00784253281799701,13.394729,13.233851
7.610264620641215e+17,7.610264277046719e+17,171.65583704012394,37.93966006275827,171.6554478467921,37.93957724187637,25.30178611782862,25.33942935025845,-142.56642261421194,-49.26812955826298,-142.77640915364557,-47.8567670644539,1.426898186863483,0.05871403450450762,11.55698,11.958442
2.3397985826351066e+17,2.339798582635109e+17,62.43124696189397,46.39367879959967,62.429500474165685,46.39312337023788,27.17262577790125,27.128218021372525,-44.50653164792001,-0.0075069645353694,-46.31697154893951,1.158281891601736,2.1533128644711517,0.06024894653383706,13.79193,13.748762
4.871521575511278e+18,4.871521579808229e+18,68.14912368701818,-32.9046514200987,68.14793922327254,-32.90277608689591,20.877882775479776,20.72808454376505,144.31188124206733,-50.42043630932979,143.49422266229493,-47.98221541837528,2.571670015021833,0.34615197077412535,12.732867,17.464283
3.307844864893938e+18,3.30784352486428e+18,67.01894114867126,13.867854184261594,67.09389131915107,13.822676224049486,20.87561036886644,20.77181149357056,102.26882886369415,-18.99106792317413,105.07476082538018,-19.53295525173183,2.857778166769178,0.24990912909576707,8.839648,14.891436
2.926364529638066e+18,2.92636376942251e+18,100.69158770076804,-22.448150441374505,100.69473326176566,-22.452255486181325,20.50674544705109,20.49714228713673,-54.463635838397884,99.65580829576685,-58.7737374134377,97.37502617773164,4.876365722247447,0.023244581269394004,6.175694,8.210647
3.361271509279682e+18,3.3616780537035223e+18,105.97062315272856,17.414251256338396,105.90849366912332,17.858118801791505,26.28855499881368,26.303010882049676,-41.478763039223935,-54.10850890854995,-43.22268139821932,-54.9066409634852,1.9178806062829696,0.29795124437857406,15.446744,10.017834
4.929469381645493e+18,4.929469450364518e+18,22.81387226522309,-49.07201823342556,22.809197010234055,-49.06212025607718,22.793478789309944,22.764872000235734,138.3385025929742,154.03136841071824,137.57890164170266,158.8548316160814,4.882908037088654,0.05569930805461308,3.6708763,13.618622
6.743548118754286e+18,6.743548118758768e+18,288.1419424672035,-34.775506753566546,288.14188502234686,-34.77586004325972,24.879950158832447,24.782827832708225,-69.56644717881741,12.961735409063186,-68.45622835273534,13.988720023843166,1.512376686140674,0.1575140357256899,17.194221,15.77354
2.0294335212485463e+18,2.0294320437799544e+18,300.9093570564763,29.894467940509667,300.86424530648475,29.86419876973015,62.48650893182535,62.52690903903719,683.1962193381917,-525.5010370094575,681.116380770302,-525.8631548621123,2.111127141527127,0.01725228112481513,5.552787,12.779391
6.172774315468302e+18,6.172774315467275e+18,212.36079885686385,-30.931291877765517,212.3515428783704,-30.926489499109746,26.37468392274284,26.380571670410237,-465.8574798927573,-220.79946161233943,-464.2732348989674,-224.06034414035148,3.625353370616786,0.010454849669297423,11.034139,12.548716
4.435689739087757e+18,4.4356834512556237e+18,251.2489845232437,6.087012143553289,251.24056044182328,6.042492744987253,22.78162906537637,22.76307690962427,-213.49741680639565,-257.5037900125315,-215.6169250967591,-258.5461586283496,2.361958450981285,0.04985269795414887,6.3176637,9.934113
7.483132514940991e+17,7.483131827746225e+17,159.90750320377091,32.461064370177546,159.9185142202168,32.45122219694966,20.525749148876123,20.521873215888466,114.23270233380988,-162.0068693099638,113.3685528624507,-162.74714282960738,1.1378748581174694,0.014735930334303498,13.611793,12.427862
3.312899491645516e+18,3.31262835895013e+18,67.37958519537817,16.244692315734465,67.66251575060892,15.691769659062851,21.81806190139089,21.86843191355519,104.46346593636034,-21.071062521463688,103.48821587457375,-24.353763331160515,3.42450540793834,0.5035550583174492,9.932404,5.4175873
1.5729140256337859e+18,1.5720816609717676e+18,182.8644382923951,53.42098081934995,184.9490067763495,52.77862556035728,34.96573119728463,34.779654409366685,-168.0706355693218,-120.49370030636,-170.5826191589731,-121.76768726677516,2.8165767040833902,0.7204822871345536,7.7295084,10.437862
5.1369788411273075e+17,5.136978841127323e+17,34.40416555194379,61.39500819825023,34.408529919279644,61.38602717603632,21.216003840544264,21.34242945580284,81.791488143278,-17.53798802035486,81.56069176857466,-19.252503927761158,1.729980278305348,0.279310272083326,15.771379,14.63486
2.2005879679803236e+18,2.2005880710595395e+18,339.13216261748454,59.39202911086287,339.1350516997823,59.39249541911617,20.555617839108496,20.523512839355483,-38.81923804881154,-10.698398276421615,-39.848469371278206,-14.811127604601204,4.239558897104155,0.07611230929040504,13.158257,13.099289
4.36845563384154e+18,4.368454156372952e+18,258.34041401932177,-0.3815196028231394,258.3249884618109,-0.3978526331678511,20.32104324569537,20.307059067322516,-18.415603930430603,4.579011266451911,-18.5809378248144,6.303412822434934,1.7323094477918155,0.03899933719890777,9.616643,15.281735
1.2321777773660163e+18,1.2321770214517714e+18,213.6521305937236,16.02311522003045,213.669783819628,16.01429295259245,29.43759896071577,29.4365294993194,-266.7356806299477,109.8087549640471,-268.11047123746255,110.76565625447267,1.6750251622376289,0.011405789990670951,15.128583,8.340066
2.789799408730925e+18,2.7897994130264607e+18,13.091849050858368,20.94217589549662,13.085392017333204,20.938868525871065,22.561521781365474,22.616816242322216,86.35696830069276,-53.205754056500176,85.6081777542178,-53.01489410567858,0.7727320384958016,0.10849341422013746,13.048272,13.251125
1.2731690139602022e+18,1.2731690139602726e+18,234.234646939014,29.99186060730591,234.22307316302872,29.99093289596064,28.322106599208063,28.302744446357057,90.10764490991556,-53.091998682308464,88.85800951147145,-56.62653916694165,3.7489418595859223,0.024939034659980888,17.203522,6.356777
3.838806279850584e+18,3.838818026588321e+18,141.06198693673272,-1.7187381862946467,141.060711184375,-1.7194497999814111,20.00344465552067,20.060885748907115,-190.15076067658424,-298.3465486133568,-192.4599622348724,-295.77750005096567,3.4543338507915378,0.14314789278525816,11.88429,13.0999775
6.278792868749735e+18,6.278792971828982e+18,221.1474799682377,-22.25465408993656,221.166637079135,-22.247646261570164,33.00821003738391,32.899706893281454,-106.32794525972608,-338.8843569469092,-108.5535739402998,-339.47714211257886,2.3032188945973746,0.10042338658773271,8.886634,13.762504
3.3200400637521787e+18,3.3200400637531643e+18,88.26937687686441,4.717435420823113,88.26979635035669,4.717375257012362,24.817515606833048,24.714745927409584,254.6515953145967,-292.44708906992065,257.50781032703827,-294.7912870445098,3.6950275156437358,0.16755262385250694,16.119713,11.325088
3.313665885609888e+18,3.313653894061044e+18,66.77717673131863,16.430092002554506,65.99690955661914,16.721465710411213,21.66732573514696,21.74597706160512,107.56779251043268,-24.91171284914873,108.74205842614374,-24.43100030064956,1.2688518412664669,0.6665665588270087,16.533167,11.733229
4.0324630180576934e+17,4.0324630610404864e+17,19.24888647480016,49.56434286124943,19.24970763597121,49.56392217384455,22.733206822408945,22.885321985893704,17.45410858320244,-77.27225819832327,18.578536373661287,-74.70822328684338,2.7997522896220426,0.29238525234226687,16.575647,16.858667
3.312052249215276e+18,3.312025001943976e+18,64.94888616843296,15.62753819285276,65.80253436758252,15.712784182546748,21.664548744839895,21.566208065928656,116.24694786142688,-23.368325290143204,112.2485024763629,-21.56015783535826,4.388283837889574,0.6996249011870511,3.4027567,14.3163395
2.1508501851024028e+18,2.1508501120863867e+18,274.32575716942307,56.07790879994995,274.3415468177587,56.06481310401817,25.417594711828876,25.419400292772863,70.04075296543195,55.715983969768885,70.48718096023502,52.24140061779104,3.5031453615837176,0.011193104266704702,13.98522,10.171951
5.318129699643963e+18,5.318130592997159e+18,129.41140950328304,-53.5754682573717,129.38314960732893,-53.54464621997615,20.7461377225111,20.663809125088505,-100.26788306654927,84.15201361810547,-103.6588664029196,84.1213651447274,3.391121837454625,0.19431044149017734,13.3318,15.350982
4.503423641091796e+18,4.503423641091793e+18,268.93167702670405,18.49867003207058,268.93685806693946,18.500173963346946,44.4068640988919,44.43059931315398,-42.31114735959899,-45.98775911916183,-46.39569491388276,-47.43034424049413,4.33181030926965,0.012198116725569624,10.824786,8.7397375
5.986566966130996e+17,5.986567009076307e+17,132.57897060219423,10.94519112727938,132.57937480470184,10.944886084446871,25.18767719471537,25.4610208708079,-172.16213002638517,-64.68130596297155,-174.2746800248939,-61.18231293749896,4.087275337985573,0.42623120452431723,14.518375,16.070738
1.2113783502650798e+18,1.2113783502650796e+18,233.9746078802994,21.41942862697811,233.9846156092545,21.423948532393208,21.47901945636625,21.700906520021267,-140.97265261942204,210.16306611577852,-139.0792780774401,209.85541681059112,1.9182062587760373,0.4761094401717183,17.223146,16.99009
4.226995530208343e+17,4.227012022882606e+17,1.4241733212745,58.31253326127199,1.3015644880004524,58.314665152648885,21.334145995969504,21.441383310072485,64.31223332154381,-163.30446064047732,61.41540326303555,-164.4073308132547,3.0996688542292734,0.24025758136038042,8.074008,15.462421
2.750902471207151e+18,2.750902849164274e+18,6.927339113011364,9.605579096658037,6.929762406051189,9.608996125583907,26.065429608139848,26.148661796294803,326.77385804280885,75.38875849813138,327.541816473108,74.94205913349903,0.8884258399160014,0.12214904235715134,13.283637,12.837777
6.658563154194851e+18,6.65856315419488e+18,288.9740586823015,-48.35821830192091,288.97466763819614,-48.36349292776537,21.042406582028224,20.98842770863237,-13.644663152398756,-115.16481094210158,-14.22734838696869,-115.83749361325276,0.8899573352992283,0.12230069040242124,10.026143,15.674716
3.895370724262154e+18,3.8953707929816315e+18,182.51353160259123,5.807086636230639,182.4982596347617,5.81745105593163,21.193456645431866,21.0780774645215,-159.09323812931274,17.835273466158267,-158.8372957851236,19.08737963014004,1.2779969989910718,0.25872845343599965,5.65585,14.468055
1.7661403436719273e+18,1.7661404467511421e+18,328.1383353295612,11.795649224267589,328.1396393860508,11.796046358902862,20.158907809058825,20.135227599766644,56.63423466144557,-18.39401783601064,55.462873088767935,-17.020133166933515,1.8054492565206526,0.05835089893994133,14.292803,14.461486
2.383999392388001e+18,2.3840002170217216e+18,345.15340839394395,-23.971174013637587,345.1401070915563,-23.95439911955039,50.77758394634132,50.76311724809625,194.13144484107667,-347.39255735629183,191.28731415471967,-345.5003164175645,3.416087693732898,0.009067164231691084,10.691419,10.682732
1.1832946242673103e+18,1.18329462426731e+18,229.40312961224245,15.290571450579485,229.4017809702888,15.2873105019026,20.144397582136552,20.048726049448675,-198.0277098452509,30.73485835792049,-195.33050267060125,28.124603205649343,3.753446216870529,0.23690686110794515,17.15686,14.311762
3.307650109600736e+18,3.3078448648922593e+18,67.20948986265694,13.04753577613368,67.01839738870764,13.868048854275552,20.7158275616805,21.02113488986537,104.0662360049054,-14.900380463272183,100.60360410082912,-14.953317279596014,3.463036530221634,0.9932930989996068,4.974638,12.487943
1.034999982042706e+18,1.0350000550552877e+18,124.03996496502508,57.07902835318063,124.0237544126552,57.09314866154391,30.72017950127328,30.75641609661966,-314.3268860418603,-219.48410321299912,-315.1174731603816,-223.03604175421785,3.6388590784155013,0.03949900040396467,13.218989,7.3016915
3.8664823919758884e+18,3.8663885598255903e+18,166.56813497629636,7.844716009198736,166.5704554851353,7.838122217329257,24.37661707373155,24.42471249597365,-177.71211342378749,39.80313957725244,-178.55629382352302,41.25484524841988,1.6793123303892494,0.08093371582159456,12.998409,12.980638
6.131864923777625e+18,6.131864958137369e+18,188.16698379518948,-46.77487428569989,188.1537983095923,-46.76492649941784,34.92355645985031,34.93248659305766,37.04468796206571,34.87384556777183,35.46936281123175,33.450861774744006,2.1228594409592687,0.009932608284759266,13.250301,13.37163
3.7512180153505756e+18,3.7512180840705725e+18,159.6574728990483,-13.762681707833666,159.65866455893493,-13.761037055903111,21.547329112143007,21.608991979617223,19.94405030927126,-252.40087993384435,19.215904700461216,-249.45515755710048,3.0343823668876877,0.13244285136943382,15.5611515,9.185621
2.1508501120863867e+18,2.1508501851024026e+18,274.3415468177587,56.06481310401817,274.3285372128321,56.07645477776179,25.419400292772863,25.40272155497416,70.48718096023502,52.24140061779104,72.2511235098569,52.86270246718634,1.8701629090612768,0.027495067700381362,10.171951,14.072006
2.7282917704961725e+18,2.7282917662008576e+18,330.700607597329,12.117460937989447,330.6933326573955,12.122712182011318,20.44393847969341,20.473271876137748,-17.572044767336656,-344.9891876334256,-18.682092773520733,-345.7398608777049,1.3400436170923957,0.07048735427274097,13.255806,11.310997
3.7990093534042716e+18,3.7990093534042716e+18,175.03725223651085,1.2063801958442717,175.04099133507745,1.2062614191849448,20.739419258975,20.63331816730892,-176.06457307095218,-11.452816130102043,-176.28509931880097,-11.585104526098249,0.2571615167662478,0.24796441287757195,15.770769,11.098757
1.305036228187623e+18,1.3050355753525158e+18,246.37103589272425,26.97038635371245,246.3908940065556,26.95675436024957,26.55296599763612,26.53501111210036,-721.1152545711913,-591.4700386383547,-722.9688579701784,-590.183719719174,2.2562052040049703,0.029413646320023454,13.628248,11.726248
3.0539072213251743e+18,3.0539113831555927e+18,113.01409967408016,-7.87100858939713,112.96867628703464,-7.809546673075324,21.366214804931847,21.384155978806906,-118.15179887309074,99.2932554954875,-118.25189864555271,98.56836813410484,0.7317661177857637,0.0735558283676287,12.084899,11.835123
6.700183723752702e+18,6.700183655033224e+18,304.5344684039148,-32.05334339876128,304.5471071480052,-32.06459764506424,20.758650616144102,20.75446442724305,-49.161586667442585,-58.44788678319237,-48.51744798441208,-58.286840769444666,0.6639657080906346,0.01628137086195292,14.124991,15.58961
5.860952474301982e+18,5.86095340201498e+18,186.32236133802337,-65.77029840211185,186.5220291959749,-65.76402539256334,20.52376364063843,20.464744037541227,-63.666124303488914,-99.76300732194538,-64.28919053359543,-100.64170849559817,1.0771848864878908,0.15698708883737136,6.0341706,13.461867
6.07941230926171e+18,6.079412309261312e+18,191.426694541646,-50.17954192502248,191.42584524669545,-50.1802590225376,20.848770547964843,20.601868637381987,-252.97059684910232,-88.38575453528523,-248.45468412236036,-87.05028932405452,4.709239331989561,0.5748278017081023,15.438306,7.017149
4.4913517249707474e+18,4.491351724972354e+18,260.1066835282589,9.429513254706029,260.10793837103427,9.429117558740904,28.31007574979949,28.239036806048933,10.733683920918562,45.91341452064103,9.617327219553683,46.16332655367759,1.1439878971994164,0.08886347284724137,16.264517,13.873471
6.864845554166438e+16,6.864883349878669e+16,54.90195776932558,25.46989752718173,54.9198592549099,25.47752114025996,38.82530274551821,38.91263020749349,238.697801432729,-578.9481921735044,236.65564598735028,-575.383310703509,4.108379091345682,0.058356578576985375,11.5397005,11.852793
2.900239755400142e+18,2.900239755402656e+18,96.03094373909116,-25.197439732068265,96.03090121604504,-25.198441833321624,23.667899837009003,23.787727795717977,-91.22480924957996,639.1756523813727,-87.55169151581156,638.2271911670673,3.7935962570054436,0.21283746938988476,17.371925,11.980143
2.8553861706822636e+18,2.8553861749765596e+18,5.317799476419936,25.52627370846475,5.316950210786539,25.52429911287263,35.570097016990886,35.55222582845337,51.460217931380285,7.687332305866928,50.96690653459387,9.511173943925236,1.8893793835316874,0.014170117447659196,15.474323,9.170021
4.525065573350528e+17,4.5248308963304474e+17,38.12589605793893,53.23186705490177,38.11769977650479,53.23066768598919,34.5411503812274,34.56442609294348,-93.91311386869258,255.88288368869055,-94.15650580050412,254.4139729088406,1.488938719904329,0.019661824585973625,14.97713,12.122259
4.094741074621263e+18,4.094741005901787e+18,273.2584706191728,-19.23764935059807,273.26903248193526,-19.246578026465283,21.44496609214614,21.40542243939003,94.5038860572975,-66.37712233620096,94.0427131575522,-69.90682370721653,3.5597011408275185,0.08683182769087297,9.313989,10.499141
4.518005677872639e+17,4.518005677872653e+17,35.5301883318831,51.126386321972845,35.545880105300874,51.12146372747229,23.27867101336959,23.410659229603414,188.1745531270492,5.40036554652686,187.81695309256708,6.286537680967051,0.9556039119425451,0.24233382783409413,13.293469,16.659925
2.793413885703768e+18,2.79341388570441e+18,4.454673748657026,16.32747495491876,4.45928008627958,16.330889785757574,21.22567518779957,21.244506636649835,217.21851237872755,-27.68847454755637,220.71443416687072,-27.97224077183794,3.507419624005248,0.04201305504310575,14.594601,7.1011844
2.2869587939278354e+18,2.2869587982231946e+18,343.403042333752,81.51307549370674,343.4149199274473,81.51161527559574,26.66608648679652,26.657881178995325,200.6358362588577,112.7606188958186,203.89100433537968,114.15605812260412,3.541662016915168,0.011638993585365512,11.107202,17.653868
1.3291249130437693e+18,1.3291249130437693e+18,246.08177635153672,34.24271958411563,246.0831714788132,34.24335715904217,20.548075547949573,20.696971828158198,-55.68835774810609,18.74556167108957,-58.54860812810695,17.056089027076403,3.321949736399375,0.35011288112092326,14.878109,14.535448
4.754066181450924e+18,4.754066181450924e+18,44.43230871136174,-45.76886487770621,44.42948864303822,-45.76479467554847,20.36363859323548,20.376326138565048,119.29345589681355,63.14741928012063,118.40317118200544,63.373371433788165,0.9185103424393048,0.030821458947807523,13.74635,10.906013
3.406352826045302e+18,3.4063801763979873e+18,71.61354566514336,17.626471236854233,71.70648340477726,17.748190031190475,21.85460530435128,21.663906317446088,93.82506254812742,-32.81579151047897,89.22332922946438,-32.369473663128694,4.623326633167606,0.4204862410878465,14.570421,9.30183
5.03705322716746e+18,5.03705322716746e+18,21.865312717050674,-25.93880259919438,21.86325178057451,-25.93753156003303,22.16727392751149,22.205337129332783,-28.142961538252504,-139.91135010738583,-27.251912846027032,-140.85605267699626,1.298626473219019,0.07734800699653263,13.5438175,8.92275
5.843144887000901e+18,5.843144887000901e+18,187.16035964218855,-71.45943155853601,187.17311265311648,-71.4608213972596,46.72541812092437,46.66686680066495,-446.1878082348724,1096.0449516464553,-447.3855071217352,1093.6109196073548,2.712746687576955,0.02689964500173788,12.511338,14.043419
3.409875592581587e+18,3.4100761503744174e+18,71.54064277007757,18.95760270811788,71.02831552399883,19.03534393734991,20.317514444224592,20.30727075667781,86.24019357197089,-37.73674519137691,89.04999367949891,-34.304519709190686,4.435667751853484,0.4222941269562152,17.659634,15.546968
6.466262311408833e+18,6.466272589267104e+18,320.53759331635416,-51.35568745622204,320.5186554211064,-51.352350885359975,23.503563759723352,23.728261537187297,207.0353885127318,-103.0731622439608,209.44774033565287,-105.7446591951968,3.5994912526652825,0.4030040809577152,9.428511,13.201053
5.021415319961594e+18,5.02141226194555e+18,31.354815760170773,-28.052321436604142,31.350236235261782,-28.06785936842856,38.44997568025376,38.35447778266716,336.8114387065123,421.2865743803439,334.4313490181318,421.4542601697087,2.3859894066592404,0.0651660468904975,12.443606,10.169206
4.410452820495105e+18,4.4104528204928737e+18,236.82012320344305,-0.2700089385667392,236.81618383514936,-0.2698575957262176,20.042743251086137,20.14712265511506,-243.3622077490581,-22.064294096963565,-243.33543652594105,-22.676698546208947,0.6129893211490082,0.25851319588557464,6.8190975,17.235008
3.310876802567157e+18,3.30784352486428e+18,66.85605547720428,14.260578556388577,67.09389131915107,13.822676224049486,20.42227991360521,20.77181149357056,102.45836199187342,-19.956020786554035,105.07476082538018,-19.53295525173183,2.650382482346643,0.9245761202392461,10.026131,14.891436
3.2942311886584566e+18,3.30624040255134e+18,69.30791904595169,11.14786702090327,69.28420129399207,11.144935611527776,29.998461439979465,29.947687100416992,199.0969589461517,-207.52599669028052,196.15959331781204,-208.36463678422487,3.0547396029321656,0.058144120041708276,11.814321,12.984765
6.774363856267179e+18,6.774363993708094e+18,315.72340883325535,-38.656624688678185,315.74130302245226,-38.63193162460388,28.36228449873985,28.37326601636044,-29.359196045850915,-107.74426955029683,-29.489319138797956,-109.63153582664262,1.8917468163446676,0.022157785311160767,13.624349,5.206048
6.318153529598527e+18,6.318153495238789e+18,233.95101540350143,-8.618206055314738,233.9490069445312,-8.619764565081788,26.16546600633183,26.245526620388755,-302.85590691694114,-87.21549523355681,-302.55974761648423,-91.47425881566154,4.26904879094965,0.1165951018789956,13.983835,16.707443
3.8007221820677827e+18,3.8007221863620255e+18,175.1269955197568,3.655475344928529,175.12920647656517,3.6537526594655234,22.660960484929923,22.688464961659285,153.80547414451553,-83.84317983226968,150.72261697267865,-82.4471703238431,3.384206094427985,0.0535392093075065,12.932913,8.323555
3.410118477275889e+18,3.4099595677820774e+18,71.51173180643754,19.46816920634623,72.36834652489277,19.27721717738993,20.113745166945517,20.109268448975453,85.1733272274157,-35.7229737604877,82.78012364307611,-37.16257922484627,2.79282783019414,0.7206925503968326,16.80169,15.065078
1.0584899657116672e+16,1.0608573516849536e+16,49.3606888568276,7.655782956901497,49.38734080972668,7.690126225598939,21.272281275292496,21.226136807760074,166.35672958126955,-6.3048898334079615,168.807183109235,-6.387488749098103,2.4518452385074347,0.10821475165080201,7.2656646,7.6169553
6.155746844800397e+16,6.155746844800422e+16,53.00663934870446,21.98900089625842,53.005460053224425,21.98827558904993,20.548465787313734,20.531398914944376,61.5279266441365,25.039740674870977,62.57404020244725,29.8965441893954,4.968188196473475,0.040468853429110954,14.921372,13.806926
8.270942259931661e+17,8.270942259928168e+17,150.507103609794,50.91707942002542,150.50706618150565,50.917710000751455,21.209898224188173,21.272172360951668,-344.49990837130866,-175.19468829859198,-344.81149675582617,-170.94675120111566,4.259349352363786,0.13802582529042062,15.019909,9.834219
6.415893825477209e+18,6.416644345242441e+18,289.69470363769864,-73.10118885126766,289.65282131775,-73.1031914871551,21.366615859544268,21.526196858661603,121.85301432029696,-45.5374736864011,120.7831363017414,-42.938663015301046,2.810419164255024,0.3471042220895052,16.816837,9.330579
1.2783910757173253e+18,1.278392381386794e+18,228.87612720123,33.31433528392251,228.91022774084,33.32043279543973,27.074645953253125,27.15731055110921,84.38252627225717,-111.5907867978561,82.9178372740424,-110.07514315414252,2.1077214038436725,0.11398072853591788,3.2112799,7.678368
4.130485789628836e+18,4.1304851711533384e+18,251.9215808987657,-19.69141528408888,251.897188495917,-19.740960625845197,33.9309249402288,33.90868207400364,-216.1299610044485,-57.16586816653833,-216.1758423484989,-57.39232939169744,0.23106229513365983,0.034106433875903654,11.235634,11.117014
6.586283493165511e+18,6.586289025083317e+18,325.9774582989289,-37.09624704304156,325.85964421431134,-37.13009184925865,23.64769168263722,23.75630660466512,135.22976508891634,55.852728203492106,135.13716560965824,55.19014474666538,0.6690227954407247,0.20685164059828748,15.451098,15.081759
5.443051537858529e+18,5.44305153785853e+18,160.4654608607125,-36.63305844221938,160.46048218472706,-36.63045590263837,56.31035738886478,56.31395718349594,-93.49609608120312,70.12276327406919,-96.87846575342176,68.7241515998305,3.6601283057921865,0.0018635252739072792,9.439326,10.618859
6.203549439773714e+18,6.203549439774343e+18,221.59420031621545,-33.766228692415375,221.59559732306556,-33.763970433524186,23.428637974638093,23.50839217159448,94.7096012015235,-14.83100999300998,98.6707398939588,-16.046658796270528,4.143479425986912,0.14481732096596736,8.270592,10.176743
4.966732139948504e+18,4.966732174307664e+18,34.48891905031135,-35.61558110863293,34.49069476431599,-35.60415805145208,36.613442364187925,36.67215885708312,420.87098526646895,279.19369319375306,420.48297345003056,281.33768296423614,2.1788174098881914,0.04407290326043678,10.820553,11.816176
1.494764797897915e+17,1.4954300024308902e+17,65.47176262966968,24.240285426676486,65.25317818281587,24.51860700660108,20.28463296262879,20.38889188666459,105.14956896704268,-47.114907611570985,106.5867372937434,-48.88078498667054,2.276790658615814,0.3870365956941782,13.641221,13.559337
3.3111731209508e+18,3.311038666998173e+18,66.46067898955343,15.002464972130216,65.84974595899124,14.427849817287893,21.39808326312012,21.16004577091608,107.05284803871862,-22.616431639961323,110.94351874539676,-21.13552582176292,4.162979772972388,0.8563911832154281,14.749543,13.543492
3.314109916508904e+18,3.313978112552491e+18,67.20174925382867,17.285341899758865,66.02452121402943,17.443985101312077,21.5489076022758,21.61924104437301,108.67985266985404,-28.446330982590844,110.58004635581656,-32.8087266938356,4.758280402168255,0.9298780171743443,7.7025585,4.7558556
6.35026456052761e+18,6.350264560529125e+18,358.9270155649932,-82.5982405187907,358.93398339656574,-82.59840064857295,38.28441646128064,38.32424759402182,-178.15115860230884,-32.92779253328629,-177.92531507020817,-30.00576413756793,2.9307431218679234,0.02715050051137821,12.518654,13.557857
3.5405998972627794e+18,3.5405998972627794e+18,176.76995942991516,-21.850926808487287,176.7715069711682,-21.84987103935162,26.78072625682597,26.72484793346535,157.82193813122737,-249.8424269205462,159.72667427156605,-249.7763976662711,1.9058802760751876,0.07808254321167964,15.000491,13.421936
3.361677950624312e+18,3.3616780537035223e+18,105.90261200387918,17.854893204774605,105.90849366912332,17.858118801791505,26.341708015706438,26.303010882049676,-39.27049700696541,-53.66895140838511,-43.22268139821932,-54.9066409634852,4.14145347641078,0.05601486734140579,12.347296,10.017834
2.315841869173294e+18,2.31584973755338e+18,6.959885949983793,-32.55196152818741,7.0603855532899535,-32.46564843527728,28.54764582026202,28.564846889620707,110.1978991408203,-47.19402028438259,112.01153177066762,-44.58152332681823,3.180315026743411,0.07688370645724102,11.703628,13.443494
6.492330739966751e+18,6.492330739966751e+18,347.93475466835696,-58.76184657612461,347.9370939123134,-58.76215802368291,22.77292867201167,22.84446088056109,94.08988012997456,21.114689981933623,93.3161273081444,19.310008272107925,1.9635604149273163,0.13750306665236744,14.348675,14.370584
5.553647083168691e+18,5.553647083168193e+18,95.02887879826056,-48.74072352365863,95.02713914788131,-48.74227395080213,38.46852585702848,38.35239330962407,232.16549246158075,-263.9884945953362,234.0587113828186,-266.2584289053456,2.955821316570225,0.07871959550854618,15.022494,6.456549
3.230311393711726e+18,3.230311324992249e+18,68.51303238689938,-0.3843518003126342,68.51985552183962,-0.386949275217311,20.04770604777936,20.08496569802876,86.58904651768931,-29.03964324294648,86.58154840427113,-28.5772129951942,0.4624910331466625,0.09275197496133857,17.0571,14.49697
6.636878203618209e+18,6.636878207913353e+18,285.8046740555048,-56.99978443485844,285.8010090994757,-56.997363033067856,20.50056613061461,20.47218485333464,6.642730094924133,-153.16289089836403,6.589653695040894,-156.20446117214996,3.042033338838156,0.06767698857846433,12.40653,6.8570247
4.334904517556087e+18,4.334904517556087e+18,257.1387023739596,-10.80223872935171,257.13276661832305,-10.808569493251154,20.05098145163319,20.07319497011964,-28.192500686989884,67.8364905740781,-29.269313012992395,68.00017733434113,1.0891823267554175,0.05569618734293247,14.507757,11.031408
4.4775334751639265e+18,4.477534879603294e+18,276.28324929353136,7.363699833993367,276.31089315293355,7.358204385994052,27.060644464539543,27.11829279291679,-185.1041778604424,57.763015210112165,-186.11301161011917,58.55293812237696,1.2812976788427342,0.08059642112565776,13.18968,12.917156
2.338128699345088e+17,2.338130717941623e+17,65.08162948670646,46.60029390524544,65.07182357986096,46.60974090778741,20.15359382215032,20.22125235004569,87.45193087486916,-90.99317248344823,87.43397168031026,-90.54808754778767,0.4454471154033544,0.1663234037903712,12.975587,12.211756
6.863536001631204e+18,6.863535898551993e+18,298.5853870969822,-23.94640859956436,298.573333453915,-23.94289729665476,70.69322170119487,70.70095856863598,-126.8833291069842,-407.456278029701,-124.16693865882704,-410.68078672310565,4.2161870666138075,0.00324716155807589,13.226322,5.908112
2.0442889884803144e+18,2.0442890228400655e+18,287.2242901987072,34.062505199687415,287.23510625451314,34.070964097929654,34.75205194306545,34.45567936821169,-79.56159253510303,61.61782585201911,-76.78451784352279,63.46492550910756,3.3352542610469365,0.24759029138618857,8.923362,13.374136
2.3757746030588544e+17,2.3757746030588595e+17,52.23270805953956,40.64793157112592,52.23585126592381,40.64576395203572,21.283036453216127,21.27195023138913,98.5707038424301,-90.18645226139468,96.6282995572188,-91.39007062345208,2.285088962970369,0.024629677507293442,11.201525,8.7892065
1.6288524012509087e+18,1.6288406502203866e+18,248.3265684702036,63.53124834110776,248.3332554314608,63.52451090339894,20.145411083298757,20.16632317829632,-57.2638301122868,107.46321530656736,-56.280885811193,109.17214867302076,1.9714544757692223,0.05186861926192963,15.743273,12.284095
4.466603779812031e+18,4.466604157769153e+18,246.62515600233536,16.563518821221393,246.6252094583984,16.56509246828534,22.296753584721028,22.360474236397227,-320.1148971865628,-92.05821544261308,-319.35292473362426,-94.8917223088133,2.9341716343528725,0.12781378564950532,15.44726,14.237897
4.173377051036501e+18,4.173377841310889e+18,274.365083963659,-4.886275291826735,274.3636729256861,-4.877359296115139,27.270744506048963,27.27821280252408,44.7748920267678,-59.24952666170351,42.84878604029236,-56.166883847917326,3.6349100385737407,0.011582385347583784,12.650236,10.41502
6.253785507573418e+18,6.2537854732136e+18,233.63906667123663,-19.870326969474103,233.6386833926708,-19.870775567850504,25.996082842452417,26.00569034750986,96.6042828753881,-74.34988250977617,96.49868393128844,-73.38246932932344,0.9731594929448182,0.014216565973183274,12.699582,11.733676
1.308177635987031e+18,1.3080841087791104e+18,252.92369899838403,28.96453409461103,252.7651089740222,28.90725935054866,21.42910017587416,21.33144689073196,-13.345030879184137,-74.88410710325492,-13.20963511928198,-74.58786393909222,0.3257177061699484,0.2462939949132486,12.235485,17.400032
3.310876802567157e+18,3.3109037406019866e+18,66.85605547720428,14.260578556388577,66.94644176768678,14.417664583381969,20.42227991360521,20.35256529381705,102.45836199187342,-19.956020786554035,100.55014107182478,-19.20040671441904,2.0523790355876494,0.2276765964566039,10.026131,9.218413
4.899681687502191e+18,4.899681687503483e+18,67.47038931250601,-20.762405646055768,67.46992017726856,-20.76220293163192,22.338521309464724,22.42245885911554,112.47574337685136,16.910560500240432,117.22364387372563,18.370069067728885,4.967164622477418,0.16757905130053763,12.0738735,12.189912
9.822664809544087e+17,9.822639039741004e+17,114.83948452409192,50.52826252470585,114.88321985863264,50.51856727025097,22.594762441088708,22.548515629648048,-78.87249345139132,-61.50444871008585,-79.98221012880992,-61.24468316954243,1.1397145432935405,0.09358510944197768,6.7958694,16.332428
2.6693642007195085e+18,2.66936114270279e+18,329.71923449076905,-4.339631256409954,329.72909555064103,-4.37423439752542,26.95787019082452,26.752953633385054,0.4197981467951415,-252.01590012265112,-2.3269686134584493,-253.28118317646795,3.024180689295871,0.2850919439902226,15.228622,5.954527
1.1404945536091013e+18,1.1404944848896212e+18,103.0402258503637,79.14781702901779,103.10775862173986,79.15995628510326,25.010977006683746,25.218688121087457,5.320150626408456,-126.17647987992022,4.7229827839488365,-122.52381884557006,3.7011541529538943,0.3295376579269958,10.513754,14.569934
6.773453838597542e+18,6.773423224070638e+18,315.2680353695968,-41.24370426778464,315.23106509873224,-41.53001305449744,53.26757820617179,53.35361701891157,358.7432730261651,-253.34982942058716,358.70566092638245,-254.08041736795332,0.7315554790217635,0.09891952524050374,13.003039,12.404286
5.759132058208255e+18,5.759132268661462e+18,137.1922434272181,-5.125396934704336,137.19544586618363,-5.115761884382991,23.17142635251804,23.08579840046296,-54.08989026826663,70.81605110896662,-54.15914438331669,73.35279659456131,2.537690641338385,0.16025604695064585,14.197635,8.010849
1.8613141689619804e+18,1.8613615897097523e+18,305.99348593297765,30.091146509650635,305.99201418891386,30.1308611198394,22.07511614639367,22.086544786454407,-61.89784026586187,-17.148038430876426,-62.11536100229614,-16.48352960502952,0.6992047271059731,0.039190421123311316,11.932667,10.125938
1.5438537958753795e+18,1.5438545517896238e+18,188.19657194749263,48.45432239326721,188.1936087680336,48.45540667009377,21.693095362637106,21.666404088448186,11.905071509157253,-351.6876548082073,15.839894208608255,-349.85384071578625,4.341163876390399,0.056817310718932174,11.395997,15.538672
6.486702339944344e+18,6.486702511743034e+18,350.7714592705977,-63.242344901152144,350.7874786750125,-63.23493151950261,26.4029716265234,26.489732946220293,414.6793735999147,19.998426275698957,415.9726071825048,20.955317447541383,1.6087553617280796,0.12423738594499703,16.267431,15.967076
2.476296659031934e+18,2.4762966590319334e+18,15.43311034852607,-6.884393818923692,15.42933684027086,-6.876965584401684,28.00879699359792,28.0682703224978,-107.15547876149849,-246.56000926140803,-106.10682638759964,-249.62025285373076,3.2349285379488744,0.07582760514187632,12.902636,12.080403
4.741424237273655e+18,4.741424615230777e+18,40.509317213389934,-53.98746750094747,40.5176791263198,-53.9833953047844,23.687332109365578,23.70239517566476,97.71964667336204,-13.422596054528288,97.05487737659888,-12.1250923046284,1.4578868951064934,0.02723802504541266,14.084928,13.328336
5.400618944600593e+18,5.400618944600592e+18,167.75111096814314,-35.54559025874377,167.7552542626334,-35.5516534410359,20.03101574648349,20.022555197621944,-368.1398778951252,-55.64582120366674,-367.8239792675661,-55.34299413608642,0.4376027602210068,0.021944116775698807,10.918323,14.946634
3.311120722349949e+18,3.311229745799687e+18,65.23411332349541,14.859496095395018,65.75678797400016,15.228121233684698,20.60062139966309,20.706527940234576,110.0820107151224,-21.127957778586957,107.43366431136246,-19.466892830338374,3.12615985461528,0.5836258026061659,15.127425,15.144566
1.5869777371291827e+18,1.5869778445044884e+18,224.8772397438248,45.4484767398366,224.88697119176555,45.46462037083423,29.60950818849134,29.624341042285177,-35.15810764324908,101.10594840049087,-33.59427708576939,100.0700498107285,1.8758069998746945,0.019815078748512353,9.9927225,8.410431
2.0514262276955054e+18,2.051425982875377e+18,292.79815279829614,36.13689795407484,292.8015929576873,36.12448810331052,24.966303312076388,24.948264508495253,-130.26620271702217,-105.10157755864644,-129.7780384480751,-106.4444189837052,1.4288202988236387,0.030295719632322648,13.912002,12.684928
3.3128493264284247e+18,3.312613000147192e+18,67.64062132435598,16.193900711881753,67.9373303656096,15.629243097689292,22.18747294665825,21.9411429349474,104.88879350180169,-25.445976467323547,103.60681970600947,-23.577862998495743,2.265679753520727,0.71167845296998,4.752029,11.270382
4.244169931815652e+18,4.2441701379740897e+18,303.3038974308725,2.933978943312687,303.2963967770616,2.9390160587048206,27.359289194080365,27.358600512271853,108.68638300484322,21.15736266929896,106.51059511612269,19.519876801641217,2.723125576149912,0.005831626218700225,10.984008,9.82145
7.077370161180575e+17,7.077370161180572e+17,128.00254416453492,29.46509296643313,128.0050975651186,29.46738412676275,20.529857861116497,20.574378130449283,-194.9617064224176,-138.86667545146932,-193.29526083227097,-136.60532543184613,2.8090469586977265,0.10543595598234945,16.247593,12.298283
6.265965583847153e+18,6.265965588143379e+18,231.9004217830532,-14.42436301976838,231.90072712305783,-14.424994183776338,22.148047818714595,22.11372551663567,-169.015397309253,-191.30821010647512,-168.21756988895905,-190.8015958379442,0.9450855038841699,0.07007972715331834,12.97654,12.9283
3.4512667421718246e+18,3.451267120128949e+18,87.46248849371314,32.97315031933433,87.44256462723769,32.97322913154633,24.04359388417793,24.063621528047943,17.93630829607098,12.372034966671448,15.472067264752528,13.43506014273961,2.6837485697039827,0.0366786264861833,8.525915,8.278801
2.508735477571091e+18,2.5087353787866194e+18,25.50625178249923,-1.245841558541829,25.49843065797762,-1.241920213929355,27.84352689790856,27.83349021495731,-35.01729430563305,8.43378306125426,-35.369351599084055,9.83538021596592,1.4451362987510437,0.01406417474332683,10.76515,14.019042
2.0135173345133952e+18,2.013520736126297e+18,344.0573392017994,59.31957797129949,344.04591269970257,59.36158348634791,21.62105872340661,21.510164378343354,129.65854174789183,112.36688418275246,128.9688620511727,111.9332281898338,0.814687427336934,0.2409026551795932,10.650219,16.220987
6.643851448094862e+18,6.643629037508818e+18,291.50331754599074,-53.52451970342078,291.9467538921164,-54.02865040146445,20.938121139600728,20.90414547978886,26.962828558766063,-81.54430708158722,27.841593047677648,-81.68357952284951,0.8897324540934755,0.48029910727681296,12.565329,14.436172
5.566892315632568e+18,5.566879533809793e+18,91.74846986468096,-46.20574831625126,91.784773003276,-46.259009901659525,21.176918796712364,21.17619977145392,-91.05015115375546,-25.266812205227737,-89.99241379899117,-26.8813875280199,1.930197343442684,0.04855811903729023,6.735348,12.757923
6.85115543198227e+18,6.851154985305666e+18,299.6906565866892,-25.34564129369669,299.69989948918146,-25.359449871275807,23.333219449933505,23.312275029427997,139.94460104941655,-259.07477439760225,138.7863340365357,-258.432809865452,1.3242737381926948,0.040353825670362185,15.302227,13.253441
4.845589404919142e+16,4.780395237376896e+16,63.624805023608,18.729881346946023,64.01545924155742,18.85907582957696,20.68037659924827,20.81802907900175,110.10127993494416,-30.568057865234003,112.99087732712964,-28.06927769236524,3.8201669389238955,0.45914000387166787,13.204377,12.993462
2.5432811751381796e+18,2.5432805523671e+18,9.955445664719647,0.2856230236086002,9.945380622184253,0.266038242099351,29.50600252190237,29.45690894195809,75.65384274776461,-205.76552092736725,75.66241732555076,-205.05448258420276,0.71109004270508,0.057968965782756565,14.899096,12.475251
6.742328107526268e+18,6.742328107524143e+18,289.8794011757122,-36.658958174906566,289.87847473787605,-36.66000630489231,20.34891221655677,20.29114752774877,39.23082096559864,-95.89850551668177,37.278353221565865,-92.93867101214173,3.545807465973613,0.13990335970033133,7.146732,11.303668
6.387641461883036e+18,6.387640843407747e+18,347.710466364362,-69.0319418611899,347.53069800239285,-69.03224986139324,20.65022901955405,20.69688177338415,-226.0658999539924,-23.469483723958614,-228.131491785216,-26.16390035156256,3.395077403583943,0.1219202278178046,8.50001,14.416697
5.485643629020704e+18,5.48564297618413e+18,111.0383603872214,-58.49133686258036,111.01866061528926,-58.525936465511855,20.046248418165835,20.11106089143663,-87.81499486817074,137.62569090055558,-87.40162023831846,142.071600744241,4.465085992764808,0.16379811495751415,6.427208,13.033388
7.994877868261981e+17,7.99473875428309e+17,145.91216999185318,36.58109996654645,145.91755383173984,36.41608999171058,20.657221134646573,20.65201785779241,-196.01772776455863,-63.13745433167793,-196.1699475323483,-60.380339989944034,2.7613131570143707,0.14001468419817392,14.215049,10.584415
4.8465246339588365e+17,4.846524633958843e+17,80.9459479838542,68.69451584761522,80.93956214474318,68.68579530154607,27.31238801247884,27.339134249179853,6.452632811856226,-313.8207143733397,7.114191195536705,-315.3804842078343,1.694267225563089,0.03628016196737901,13.716616,10.368785
6.359667274732573e+18,6.359667274732574e+18,288.9466196930061,-82.2704811541639,288.9387646104776,-82.27072143717814,20.207056981047263,20.2239107482276,-148.5542606663562,-115.9256482984144,-146.794674478437,-114.65825855406312,2.168506471468983,0.041251568577605334,15.694523,13.88071
1.9879602175158167e+18,1.9879602862352906e+18,339.4692330853118,49.607119543092736,339.4647274673424,49.61520544768394,29.53214921274911,29.7671861043696,152.99396525010033,-20.23914761745144,152.9865575107776,-22.311225132055995,2.0720907560074826,0.2674120530073484,16.089954,9.820203
3.307844864893938e+18,3.307645131734449e+18,67.01894114867126,13.867854184261594,66.7269036563752,13.138103140203471,20.87561036886644,20.856250700610264,102.26882886369415,-18.99106792317413,104.6549179420714,-16.500474218532617,3.4491271492293727,0.6564863641771941,8.839648,10.08551
6.213644846302305e+18,6.213644842005175e+18,231.01010494943648,-27.30541967089025,231.00700974106405,-27.30833759217461,37.01768784079552,36.61401565464262,-2.3410905839432914,-44.29128619081837,-4.861510917315406,-46.75613240516365,3.5253348092412238,0.2978386267474918,7.3327193,12.4829855
1.701943978599635e+18,1.7018492831601984e+18,226.98600775185528,76.23382262585638,226.98199413552408,76.20149080363377,33.71423948886768,33.71122945239139,-127.63735861657776,163.09853469451875,-127.19150467309674,165.46739325602894,2.4104515393091224,0.016953837976052308,12.379442,8.429321
1.7516807349764577e+18,1.7516808337588398e+18,311.82057258087536,10.857500790887691,311.81992927593234,10.861543615749484,31.4998228175594,31.506262781522704,89.59834953925863,-591.6233757377613,87.50111987702141,-589.8751885218247,2.7302986646394136,0.0068736075422991694,9.351177,15.179721
4.5154097266063283e+18,4.515410001484248e+18,289.4072823315117,19.16043307982861,289.38010569137964,19.1906587465578,22.147504312008277,22.390581952674776,14.221001569421244,-109.52551129806828,13.07933539113849,-109.97267919201389,1.2261161396908915,0.49116345384115034,8.174782,17.573587
3.312899491645516e+18,3.312564037520034e+18,67.37958519537817,16.244692315734465,67.96911967367434,15.49937349658422,21.81806190139089,21.871807832755163,104.46346593636034,-21.071062521463688,105.36486514556807,-24.24098903749085,3.295596251268112,0.7566575670189282,9.932404,10.49808
5.011392721719862e+18,5.011392309403003e+18,24.146347535905985,-36.80348949881783,24.189356441160648,-36.80937805145571,20.87051981943488,20.85674901781409,204.31695444895223,-37.67988106451326,203.8762000374604,-37.29804260520653,0.5831509755245653,0.043068874898451105,12.073579,17.977266
6.421542154150685e+18,6.421555485729063e+18,287.4721582757034,-68.42464151069059,287.4791866712677,-68.29987825177207,27.125771801945152,27.282968673884017,155.09307321709142,-43.20909751243274,155.73627034356014,-42.12017639173154,1.26469433089849,0.2269950903299273,5.063954,7.380656
1.0795658340131889e+18,1.0795658340140856e+18,173.988972593556,75.546077688499,173.9864432957095,75.54661690346026,25.554704348323646,25.62894963582232,-184.59432959747468,-92.02955895646998,-184.96674410327984,-87.24132368160133,4.802696077374727,0.11336334237384475,13.612139,12.697107
5.803288002802056e+18,5.803288101584024e+18,263.7004119628786,-73.45982557687246,263.6142791079534,-73.44800930242533,36.04762297822429,36.046258280675886,22.895799014835987,-54.37214537456039,23.94560307875921,-58.805292287635794,4.5557524214491405,0.01322468712489403,9.840304,11.005578
3.7567498301496387e+18,3.7567497571339643e+18,165.75233994000075,-12.165093072656466,165.75415585790324,-12.16771011923508,22.28379297849281,22.396348371423823,-49.01400368902791,92.0913939183238,-48.58098426172878,91.95731189636771,0.45330322415608204,0.22554127732377463,15.806481,12.402504
2.2301566187828564e+18,2.2301566187856865e+18,339.47344973594176,72.24318617734001,339.4726348137997,72.24370204629537,20.210773062939456,20.195496641980743,44.851962805083446,-48.86369707046401,45.09254911099683,-52.47631032104965,3.620615454435887,0.037430194571809926,17.714558,13.387151
5.312285623555089e+18,5.31228562355509e+18,141.40504434782395,-53.25697513360796,141.40108950820814,-53.252164658078826,21.024397587166742,21.163871264378407,-32.82613552767555,-79.27769288163142,-32.29018275504168,-76.70938668675063,2.6236314690056943,0.31348521079684105,9.754727,6.7816534
9.036867900993567e+17,9.036867557396188e+17,128.90574051662983,35.28275999686507,128.90243600132695,35.28083960591652,20.48250038108847,20.46425633389591,-155.49777252659092,-307.5237616018268,-157.53230663926652,-310.52257036162314,3.6238354037500224,0.043616788935458506,14.154573,16.163221
6.643589352010758e+18,6.643629037508818e+18,290.745785785032,-54.538414066989446,291.9467538921164,-54.02865040146445,20.930631023118668,20.90414547978886,24.402797199941578,-82.18575722363535,27.841593047677648,-81.68357952284951,3.47526967666876,0.7257806135448645,6.9362173,14.436172
1.8587716213436836e+18,1.8587715182644672e+18,314.14659607952353,30.798141468584564,314.14547872360293,30.79553164243854,29.950816216808988,29.938212952218688,198.8184224374906,90.74042638688384,196.68101697177943,88.29250944896268,3.2497383679018386,0.014148708221553454,13.1032,13.533669
1.9316559450373745e+18,1.9316558419581143e+18,347.6304510947804,43.31957959067045,347.6184036170718,43.30573908502505,26.365886971314254,26.57541697673064,33.80819316618404,-7.599475749089869,34.78720616519988,-5.921261282489672,1.9429025318188715,0.2992312298222077,11.275096,14.543087
3.002531548383047e+18,3.002343871195786e+18,99.63939007891165,-9.76091710269888,99.6449328576684,-9.770580620250293,23.783797883467543,23.79633722353333,-163.58135949272133,95.35835457708032,-162.70995522155502,96.65617538181296,1.563228788438776,0.0236049015927522,9.262056,9.544749
4.76202652124201e+16,4.772921564620608e+16,64.5081856084335,18.256665555666448,64.46150286122511,18.475053544960037,21.56979276213544,21.64021425359963,113.30798483455612,-31.32716999435684,113.17087381270306,-30.77713833776765,0.5668635246369619,0.2348762242001003,7.3715596,12.703422
3.5951244040064276e+18,3.595124713244074e+18,178.55409228983552,-7.49119890469282,178.55290244929904,-7.474405696682195,22.35466383753567,22.34981095177797,118.68421252809716,29.94803262653984,120.41531133491632,30.097497633874774,1.7375393139115896,0.01634423960049659,9.015106,14.726886
5.291270417276111e+18,5.291270417276111e+18,121.41664441218828,-59.42362876487191,121.40846414861188,-59.42723606244215,26.513922742645107,26.51745453874911,-18.914382741648268,61.00534628777729,-22.28325059674396,59.89499397754905,3.5471330504967327,0.006194576714383526,9.967862,11.462113
3.658911226765436e+18,3.658911231060314e+18,207.2418590859257,-1.593150264188687,207.24341599372437,-1.5890563226562109,22.954596223215493,22.971972021813052,-136.9246164882465,-44.01607750387982,-136.91317739764932,-45.7402361402774,1.7241965828344696,0.033119343280580596,8.319911,11.508596
3.312575685471394e+18,3.3126525138462444e+18,68.64759095859309,15.504503855092008,68.20929931916466,16.00568312875324,21.66896992865236,21.986514300716408,100.96281435030956,-26.81401752868006,101.05427327696728,-29.529461832054025,2.71698408165957,0.847707348308095,7.782416,8.728549
3.676498233090634e+17,3.676496171506369e+17,12.990559785098087,37.8538864682928,12.973000035747914,37.83879399550464,25.986547597783552,25.977028140933506,589.7599729098945,-127.85603026844169,590.2270383379029,-127.5493432870275,0.5587548824033547,0.019708114894038217,14.145631,13.686185
5.604989328392927e+18,5.604989633324007e+18,110.48029809900528,-31.088552647873986,110.47672309049702,-31.077896341576437,41.04754457445882,41.137760807181046,57.02934579674989,-229.7681991222165,52.475412161348125,-227.87031603224807,4.933586097235111,0.0536336542980374,16.297338,12.025631
3.3084709680473334e+18,3.3084709680473334e+18,71.81605640813136,13.557266246592109,71.81617551960636,13.556654821250085,20.31316224402041,20.295380734900935,85.82616821671253,-17.442563448174894,88.41038601554597,-17.74925416816179,2.602352941000434,0.043134748804748206,16.152334,16.124704
6.113245033656232e+18,6.113245033659187e+18,206.1070405080397,-40.33734104421479,206.1051104172304,-40.33639324824518,44.53484045938855,44.55249478139315,151.81296009153235,68.40187944416465,150.40659740027337,71.66126420292855,3.5498514088659543,0.008924112218837259,12.245831,12.434232
2.732198850705922e+18,2.7321987476267075e+18,342.7709688608844,14.524914439955916,342.7629297400821,14.518474885723268,21.080507236429245,20.98480555328503,-88.06042308700187,-60.11156889894307,-87.89447347551997,-60.04814600765693,0.17765623177947953,0.2165007007568297,13.134507,15.614826
4.5118482709869865e+18,4.5118482022674985e+18,278.9701115142189,16.98460945602996,278.9722217974896,16.974974014180766,29.245018445640163,29.35188752585871,52.71849818402721,-66.8092157606002,56.35352827248147,-65.15995327648783,3.9916801582126133,0.12463655136082637,12.569017,6.8840647
3.1101277290549873e+18,3.110129240883452e+18,108.95780307879676,-1.048098050647586,108.97175326505612,-1.0207802013862464,22.25523706602858,22.119443673890988,73.4255678698593,-68.5572373248322,73.12676729973434,-68.03644932544671,0.6004181218209013,0.27690272782909725,16.920502,11.500088
1.8724765914281856e+17,1.872472811857033e+17,78.326017060978,37.34555658510995,78.32188893184393,37.3367034538816,37.89476431833986,37.89526907288171,-144.55227687903826,-139.5299455096107,-144.92237498352853,-136.77190703403556,2.782759213388786,0.004362836963047607,13.255806,6.3506002
1.5008268822202757e+18,1.5008272258176374e+18,203.9989391639973,40.36289772337963,204.0003352949676,40.4034207015056,42.3239823324059,42.350579611406,37.07927243140012,26.908932391231417,39.22050006847484,26.35661376594692,2.21131446375425,0.022348234747451654,14.627534,13.904733
3.30996705977484e+18,3.30956814321189e+18,69.1701171674695,15.869204695827204,68.86895204897276,15.399151275857331,21.607898747664954,21.71718631525121,99.90459107635893,-33.823473739301406,98.40024767636912,-33.97375567713968,1.5118312491588866,0.5022606094234225,6.5345774,14.505741
1.1153784438554871e+18,1.1153780315386277e+18,106.0378643024464,75.24232080304877,106.02214390085992,75.22940501908901,25.42997710722965,25.447827301789577,-88.89526129367795,-250.3016159236857,-86.5730892225503,-254.27971863971212,4.606276625125996,0.02910183679025662,14.189251,8.137646
5.918246307174462e+18,5.918246307174462e+18,265.93961666047693,-58.11346289927224,265.93990017519184,-58.11433563528841,25.18188736912798,25.157390363444375,-348.65404843251747,-110.53521942509092,-350.51402097681125,-110.17549872707964,1.8944383986037667,0.03867353606500224,10.541178,15.357806
5.965209575551252e+18,5.965222838410499e+18,258.21472290680225,-43.34324610731977,258.03844060290766,-43.24046943497896,44.77884608485844,44.57114676930468,24.01182281236423,-288.5515441151832,21.61586168035448,-287.9783893005375,2.463561687405653,0.12228928004448902,10.398242,3.2345328
6.028182493410719e+17,6.028182493410723e+17,128.23112549691646,12.413851427810677,128.2306206833973,12.413477999135903,22.49151644489964,22.52951131382783,-55.55949228358124,29.79905229063899,-56.74405132071088,30.815463703186545,1.56085626244136,0.07498308807130864,14.967741,13.899188
6.850420309683346e+17,6.85042026673119e+17,134.73184297897248,21.16608719544678,134.7331976761287,21.16610111095859,26.606741683629128,26.56949919003757,-77.37947995087296,-45.23861099420039,-76.03956056953633,-42.26523816694457,3.261338669679188,0.05268870143076383,7.485322,13.189981
2.577061264719259e+18,2.577061092921354e+18,18.439724817254508,7.578149546790241,18.43349811596532,7.575124155405294,24.40277146431403,24.459463797530493,140.91513313715035,-49.317511649302986,142.69253661320377,-53.05106618089854,4.135044444390467,0.09510818831220927,9.4903555,5.156254
6.947444651694428e+17,6.947446369681345e+17,139.6716163359922,26.762952562829483,139.69163947817106,26.75149127202737,40.17295660723538,40.29289239737667,-194.22526449224367,-353.062314629391,-196.6248494283042,-353.4028302569699,2.4236251273648097,0.07466516714488958,14.690151,10.800851
4.728036927290632e+18,4.728036927289353e+18,41.39091608467476,-57.23448644280039,41.39078100950858,-57.23503396327675,20.991555072882065,21.101465442555675,117.96416098093437,115.02050447146344,122.5330963174163,113.22846610883694,4.9078072091391585,0.24813165884377947,12.97043,15.395386
3.3110247899605043e+18,3.311229745799687e+18,65.39545704764056,14.409703887220196,65.75678797400016,15.228121233684698,20.67979693450329,20.706527940234576,104.19978440400168,-19.148581742579594,107.43366431136246,-19.466892830338374,3.249507840246272,0.7531086309167639,6.4990244,15.144566
3.334380100562482e+18,3.334379344646313e+18,84.3374919296944,7.542071578295272,84.35362230920761,7.519742897240907,22.88763287967985,22.74022880554576,67.06735148685203,-56.811551506546216,66.45870132757427,-57.85611397680867,1.2089523442508574,0.28399170555079156,16.955729,17.40806
3.980045523465047e+18,3.980045656608797e+18,175.57556859536825,23.027039354714887,175.58742990597295,23.054101641459496,32.36972061451368,32.403724016689985,-204.89148844107905,41.838892671874646,-204.91122940360972,42.49253883045128,0.6539441919794292,0.036030947514835,10.829635,13.192609
3.3129517485109074e+18,3.3136894220306504e+18,67.49102855410932,16.67271469531208,66.6676726168485,16.74677258632566,21.918833298371936,21.85212884110757,106.76090585888043,-28.325579500310205,107.47186617521814,-31.53080384333542,3.28312772528399,0.646818519873957,8.859189,7.950683
3.557525577429846e+17,3.557525577429838e+17,34.804921139244755,50.64916349084124,34.80803788826854,50.65079349369387,20.13086033696864,20.14991065922492,120.19378208744148,104.11381887401558,118.2701489031084,105.31539491900172,2.2680717845235683,0.04701662960377746,13.830615,15.318045
1.2783407730597486e+18,1.2784233051519624e+18,228.98819815291543,33.101502155575346,228.85304646937885,33.78784048306708,20.218793453468347,20.039996374773,-80.04194844009007,4.075520276390687,-80.53195832466817,7.925276604841595,3.8808160836906525,0.7472758923829436,13.183591,12.809397
5.523723324463495e+18,5.523700028560924e+18,132.09690147236094,-44.20800161749059,132.06543534793298,-44.23086568624441,27.471616866982146,27.43542255766169,41.03618078721433,-193.9028072413909,42.33068363706173,-191.9257740014171,2.3631331025196873,0.05218215098081847,12.254366,10.569385
3.132408125302193e+18,3.1324081295977523e+18,102.084087342439,5.67339626597632,102.0851311971371,5.674336566104031,28.674909522471832,28.77291152351088,-120.63824135503134,-363.2452720325591,-122.14844444995394,-365.36557424658,2.603150949656162,0.11878462521932413,12.738056,15.377519
6.233452028580864e+18,6.23382748174336e+18,236.87467606551408,-27.91992109219365,236.8958731729969,-27.895119507549463,40.19231016919956,40.67301991092913,95.05886909482116,23.44044954531006,98.83529056237512,21.55389599886385,4.221426700087443,0.294364273995762,12.15225,14.732497
1.4109521832906842e+18,1.4109514273764398e+18,246.8259385698001,48.16056758885156,246.83123484694585,48.16040322789348,22.354070203429867,22.418800033705025,-392.8522783645707,-24.34720470981557,-394.9102601971573,-27.3870224704098,3.6709373790464874,0.12919164626344232,16.511055,12.778793
2.1684928112501783e+18,2.168492776890436e+18,315.2767291791201,48.45192931141772,315.25719042178685,48.43731491050408,20.356015952533863,20.37631172829765,-37.16908651249561,-67.09034481308447,-36.03713058286939,-66.91809598296821,1.1449864130601666,0.05171559237840432,12.865555,13.266365
4.71426843037057e+18,4.71426884268743e+18,28.943796949606785,-60.8606751720132,28.999257831441124,-60.837235313677326,20.64785654379708,20.657358275499234,13.35079618797235,67.2671910557957,14.48485353915623,67.02672830804867,1.1592706365764,0.03754843618688357,5.9795876,9.531827
5.021415319961594e+18,5.021415319962264e+18,31.354815760170773,-28.052321436604142,31.354386338968844,-28.05211009245568,38.44997568025376,38.35143056701512,336.8114387065123,421.2865743803439,338.7463907078693,420.63317669545256,2.0422947344045905,0.06682813575870843,12.443606,12.208182
4.5421476159857567e+18,4.5421476159857577e+18,262.1514119331506,13.554104767589298,262.14931572821814,13.555112833899246,20.73681269692312,20.767231530352166,-114.62346262974724,-119.05700327688496,-112.00231048070344,-116.83798885471876,3.4343068578999287,0.07066120078846212,13.425543,10.469206
1.2111733944273766e+18,1.2111801632958868e+18,234.0475848593841,21.1008782400793,234.12854557727024,21.197131679249317,21.35144914512773,21.25722021547165,74.16239845783385,2.03665650839291,74.09888420236723,1.3322194839371249,0.70729455113948,0.23053607630790646,13.634607,11.370657
6.316323426853857e+18,6.316323426853857e+18,233.31713451136784,-11.644609811489389,233.3166609337898,-11.643866071087936,23.022579097602115,23.28186868586881,-151.60839576373087,-31.77652667197365,-148.43479754744442,-34.30839906201933,4.059815690138184,0.483741864434036,12.85563,12.839121
4.821618114277821e+18,4.821618114276099e+18,80.97029093540307,-36.471897299469695,80.97018794715412,-36.47226770448098,22.5982398644088,22.535505145976614,122.992323120062,68.71214365390726,125.4723030617861,73.03954453515922,4.987654649072465,0.12318767954847469,12.293354,14.617474
4.753361016540767e+18,4.753362803247161e+18,40.53610250985303,-46.57248760302749,40.53524815429262,-46.52486167077154,23.71638081235308,23.67876380604349,12.309122320884647,-94.69204760131096,10.17285750891747,-94.5484598569889,2.141084955616814,0.07561433284267964,15.178877,5.877471
5.228239573191268e+18,5.22823957319127e+18,170.1200110401524,-71.41145984913808,170.12075848929464,-71.40882679383463,35.482493980034505,35.45679172157514,-433.53474166027416,205.62263208978976,-430.3204436948234,205.6231447923077,3.2142980063405617,0.0204708774335,13.138374,14.455473
4.963041457368812e+18,4.96304145737074e+18,33.49751667024572,-41.13601703436214,33.49747168777779,-41.13582089063938,25.192756982674744,25.78612575893955,93.85732922587714,29.042657136124934,93.8950496707561,26.190638022733864,2.852268545405542,0.9134039820625404,13.082731,12.78941
4.276894503370957e+16,4.276853271677709e+16,53.37493156055484,16.597006758489762,53.23794649037851,16.597164291338093,20.46803082728475,20.205165919471824,-23.89137153001734,-95.60844607068904,-23.9065270514152,-95.49297206901262,0.11646430737357398,0.6455233908577606,15.290902,15.004859
4.50800685226018e+18,4.5138219631089705e+18,284.56162539258025,16.23133515068259,284.9267194669839,16.252027524529325,22.39756418851799,22.10215862591981,-99.66693334154414,-126.16252904979729,-103.50030019972505,-123.45330743268738,4.6941008979372585,0.657239745580212,11.671986,6.957041
4.832672020067562e+18,4.832672020067562e+18,54.22313294748933,-49.9580117037894,54.22430280824744,-49.95800002856244,23.656924994753687,23.57862203128328,90.41637947381882,1.8656830153639343,90.94005501147542,4.352014794076609,2.5408820874996274,0.14037988899056603,7.4915805,13.551363
2.6132908944095867e+18,2.613291306726447e+18,330.1389724040894,-12.742418548467906,330.1529145867351,-12.721835651477209,23.51390273966165,23.460664178213506,39.46779651788694,-6.529960997561243,38.87152548567862,-6.7454936495072495,0.634029548132936,0.09823324292967915,11.107461,15.910188
4.4310624401047337e+18,4.431062444400925e+18,236.1289872248908,7.828288912595679,236.12867711595263,7.828740456700452,21.832993499673893,21.7946486692612,38.62686446175029,-56.811911796945566,34.89075119437065,-59.343430253910725,4.512995462511058,0.08058422776745462,12.047761,13.907629
3.3104787106379387e+18,3.310640648085374e+18,64.53590962898535,13.331092286491018,64.44922468154691,13.661704892347966,20.953979195799946,21.139233734577186,110.06293046601724,-15.642484348565644,109.25947233228388,-16.777791608316285,1.39085137477187,0.5049448917800242,14.096124,11.770583
4.478037910475861e+18,4.4780379061806403e+18,274.0250689296841,7.284102056690373,274.0265134648407,7.284090657541907,24.403000560238816,24.40135414775268,-389.6071753557598,-129.31443651466566,-391.8580608519941,-130.35763997849668,2.4808786717828135,0.002948748295112819,14.384214,13.288177
2.0593723638702208e+18,2.059366350927422e+18,299.07523242707794,35.08145236272052,299.030785332568,35.04517985667984,23.42029689406036,23.452963381344137,-31.88310107129236,-29.36588110795444,-34.21199707358448,-27.53948496410137,2.95964177963712,0.07071487038402156,11.567958,15.09246
3.349530619191679e+17,3.34953061919168e+17,37.97571882770577,40.06426420823852,37.97572622700382,40.06264854155105,22.344860343957567,22.371427999702767,198.3205089935832,-1.1013762554675024,198.32516181350985,1.0494694658255213,2.150850753896648,0.05316234594453149,13.7077875,13.710001
2.3161896628015936e+17,2.316189319204247e+17,60.27779420879287,43.464272793211485,60.27429010084522,43.46077710162577,29.4306813223376,29.303637894056056,-68.94106652574604,-38.45204722688765,-67.0323092075927,-39.16826140288335,2.038704796065657,0.14733176579315643,17.190792,8.066113
6.388014157668558e+18,6.388041065639821e+18,352.24103003800235,-68.04308778549132,352.32389407452024,-67.83366010198398,21.814973238877105,21.824972195374443,73.47275437254842,-68.21942947101722,73.64362522916143,-68.04335022765983,0.24535841045493975,0.17065323100961136,11.975413,13.844236
1.896408724688349e+18,1.896396703077704e+18,328.2799148262218,28.837341684805985,328.1243532652348,28.79326806252841,37.020431915862005,37.05913280754648,-60.21479253011666,-60.39297117323575,-59.168627603862106,-61.60277745767016,1.5994037322646788,0.07315646913356905,10.759187,5.3932233
6.232700241802166e+18,6.232700241802166e+18,225.68263058208996,-20.13077607368566,225.6818801673441,-20.131653747879778,20.74981194386873,20.737292218106337,78.18999017015385,-14.479094621241211,81.8024660021264,-17.23415413609989,4.5431634977182,0.029111092476766465,10.5994215,13.720814
5.62313151076704e+18,5.623132266681285e+18,137.07272496874498,-37.117775828492015,137.07112833624765,-37.11488426486087,20.060217630950696,20.09451181601462,-55.71978831750759,-6.010506877157511,-58.27892943763782,-3.0743618028864548,3.894887825073732,0.0851203849786982,13.805565,8.108743
2.6650798162231695e+18,2.665079816222446e+18,347.078897797844,6.498149489091039,347.0781979493224,6.4973443537154765,24.462961585177105,24.304958733096065,39.94077458714705,-114.2534466979906,35.577376752501294,-112.42243850884113,4.732000808550614,0.2657435840407972,13.447574,17.983103
4.748158986511427e+18,4.748158917791951e+18,43.638849695788274,-51.14210567578905,43.64553804218591,-51.141386872955785,22.84406949679573,22.843239166116355,93.27759022348698,-11.486068069340533,93.84171600572073,-8.593767434111934,2.946801802416408,0.0036210931578258884,11.148362,15.617419
4.2496676273926876e+18,4.2496679022706145e+18,303.49464275885714,6.685232551839733,303.480854630129,6.709863753429052,43.56961462268626,43.57360725110433,-252.0479701820671,-582.5642983122518,-254.83923163700743,-582.3892988936018,2.7967419091441803,0.011482951063393627,11.950715,15.664284
6.222851641274245e+18,6.222851606914507e+18,218.10521578119943,-28.47138263802636,218.09144778303377,-28.4829231330968,31.61703529872156,31.603711681537305,-92.49190291125096,-148.993512928341,-94.63101105816212,-146.15029956513592,3.558039613732487,0.01621879611326848,14.96938,11.261544
4.788295528965239e+17,4.7883030881076365e+17,71.61922441116967,63.28854026261124,71.61399396696744,63.303016629313326,21.242584831390104,21.21558371790232,-3.4878822519604995,3.214535737165316,-3.584217785600777,4.597082591053653,1.385899108246446,0.06111400377823143,12.541215,16.720097
5.97495845980039e+18,5.97495845980039e+18,261.68721100089726,-35.799205360888635,261.69251356447114,-35.80100050197089,27.300462575149712,27.25490402547501,-102.27401694512008,-120.95832491298222,-100.45312782796027,-123.24810325325664,2.9255293580104302,0.06130129215644518,12.0625,11.139345
5.985844179008859e+18,5.985844174677602e+18,234.56865127089247,-48.31651312117599,234.5627781105068,-48.3148403198125,37.63396080070772,37.64274711817751,-158.24790182268424,-45.50747685972605,-157.17866921182076,-48.700090407434345,3.366903568732627,0.006507632059368754,12.381385,12.810809
2.5732194980778614e+18,2.573219502372694e+18,24.080670644720414,10.437937962919646,24.08065872017193,10.439231489714857,21.190963449864547,21.17097605607622,222.702717701158,-85.52307889493837,225.5947328604221,-84.52348753771305,3.0598912665081626,0.044564480793268746,15.363052,12.966601
6.410219658281118e+18,6.410219658281117e+18,326.68072843827485,-59.68732711378251,326.68248573333835,-59.68618347079677,21.593026686253346,21.58308289022552,19.80007449983861,18.44551804957337,18.6367040518924,18.904534377673706,1.2506505461627855,0.021368658522339507,14.724214,12.627497
5.438597210097345e+18,5.43937267503356e+18,145.8317449103023,-33.58523724259336,145.79630418328065,-33.25193602599056,23.110750149585584,23.20179678599734,-96.43559579691888,5.853968704693716,-95.94918551101112,5.334677068317466,0.7115186363316036,0.30403444184031025,14.749515,14.756085
6.811276832433631e+18,6.811276832433631e+18,326.87296484708594,-26.49062943531594,326.87440920455634,-26.491236212888307,29.954624881307097,29.82605779504808,384.6089888741501,229.31881464469603,383.71611208608,226.0357137435618,3.402349259806069,0.14390548646463613,14.319356,14.182001
2.955542304060485e+18,2.9555423040603965e+18,77.60071067012409,-28.01561076909055,77.59958317700499,-28.01460587042832,21.537116279589046,21.54337052307602,-49.45711766020241,77.45895871315636,-47.48465556876579,76.17528145585419,2.353387771505017,0.013528126289310853,12.851039,16.426907
5.431458355973743e+18,5.43145835597904e+18,146.55285716131604,-40.637345424268055,146.55609706857052,-40.63511788434269,20.511142268358466,20.50723768118538,93.53985214521548,112.57056066062847,91.51218207596258,115.34127654845638,3.4334111959982305,0.009702636221259863,12.919494,7.8021593
4.515990178688563e+16,4.54041995280672e+16,61.755680961496566,15.334941426173367,61.04541973138568,15.806009963376626,22.22862392233613,22.02669697527581,124.62563850797356,-19.785723427617143,126.87052589408452,-19.532899157035992,2.259079345245534,0.7741923598470913,10.051599,16.279293
5.891531404470142e+18,5.891544873500692e+18,220.12098341098692,-57.03096208719124,219.998174188936,-56.91413586758945,38.99804407628826,39.050240265548624,394.74986986542166,-316.25203819532976,394.3236315914693,-318.100130906119,1.896609009219913,0.06928916716229118,7.2177124,10.456409
1.4566897410257062e+17,1.445347247782354e+17,65.98973921339132,22.18137709233843,66.6989688020843,21.23471643479264,23.217396571266843,23.21149309264509,114.55826214095832,-48.52743044392452,114.75103790406108,-46.02510604331055,2.5097390104845414,0.8672174309284514,13.819638,10.67892
3.2504580545068605e+18,3.250466403923273e+18,57.567810505689856,-1.522463514874293,57.66206720865883,-1.3534181278596356,22.58993566478617,22.585243214859737,103.11192305569357,24.9673434213462,100.5309855960877,25.54083492635417,2.6438855264010717,0.1498243533167248,6.4037213,15.188777
4.2673276783073574e+17,4.267327678307368e+17,12.590447443396036,59.38805261391977,12.597314331830198,59.38506072275888,21.36705652108999,21.3872894362028,162.61274356130468,-157.53741805885758,159.99805646094063,-161.61368867596326,4.84278543574762,0.04443409423652292,12.845303,17.617943
1.1991928408523735e+18,1.199192840852374e+18,240.57062512297944,16.506816485501126,240.56771664314252,16.50735828435628,23.22421947430651,23.167473810793105,-45.64819313708396,82.85316343086153,-45.125857371870254,82.47831387991698,0.6429205529960242,0.10548775390088377,16.98832,15.724063
1.7488169839259156e+18,1.748817160020647e+18,307.51363063335026,6.91677334281018,307.52411410870235,6.937473706215535,24.29865397892113,24.183643734148003,121.1291566687924,189.0874450222637,122.53327339161794,189.66546433183643,1.518436726886328,0.19642842734300853,17.320166,16.5957
1.9776532237153467e+18,1.9776532580750874e+18,326.1058160191353,46.86293926627325,326.11278055887374,46.86133208751106,22.049432298961975,22.064776970020727,-12.780322607112526,24.215288321200426,-13.533308360196637,23.78542485664982,0.8670467937217098,0.031789662047709825,6.511932,15.018492
6.359877075295566e+18,6.359877075294926e+18,294.0668060012902,-81.24665953548183,294.0724204208651,-81.24634889016288,22.586277307264844,22.577036669382903,95.88715131427452,106.73355535931948,92.23454210263516,107.31271715048165,3.6982404509840707,0.01813496032961306,8.271676,14.599846
8.884650824060462e+17,8.884650824060444e+17,102.47121001925268,29.69259808131284,102.47154565344238,29.70207458594742,24.9263638511611,24.93710298530138,-37.94240820092355,205.19538417291372,-37.55888735608744,201.9730999053524,3.245027602255026,0.0185078460583236,14.546414,12.612956
6.716791228418408e+18,6.716791228414302e+18,284.25482071103914,-40.19845962443036,284.2469757150336,-40.19579968205986,42.21706928434525,42.25575099687296,30.43315920967858,-198.1486861477765,32.77933611289574,-199.90119585429164,2.9284528906266387,0.021852206107294173,13.57207,13.889923
4.975599976104995e+18,4.975599907386149e+18,8.921873594551153,-48.00135820865029,8.923824107180602,-48.00435538520223,28.445621817134413,28.29896290284368,46.54174569339486,-101.53621538382372,43.74644203935067,-105.22482564428468,4.628127933829259,0.18220024942353458,5.4027953,16.207582
2.894448455860985e+18,2.894448421501251e+18,99.4179085595172,-30.15524251711221,99.41055481252504,-30.16120299663088,22.97416893190708,22.63536484671317,-24.49279905831906,-14.342805987691598,-25.91201138608121,-12.0991943660535,2.654798813473744,0.6515445095182227,10.903207,14.628507
6.584131611470352e+18,6.584132367384598e+18,320.8114380443473,-36.89216980439928,320.8078397859402,-36.87869129637497,21.07988267529928,21.08201382079048,304.5948569193488,-293.48430002106096,304.1171356504717,-292.8099589007062,0.8264100418913405,0.012377387358833702,15.216134,10.174253
3.950179179883104e+18,3.9501784540325693e+18,182.517802796354,18.976523628614277,182.54049939976423,18.9687897057318,21.76949456369729,21.82388911762817,-157.88831917415018,-41.754428436464366,-157.96197424081456,-43.03997179573611,1.2876516599659271,0.1159402184707959,9.710729,17.71603
6.220235800033245e+18,6.220235800033245e+18,218.84065815255943,-29.90600474732233,218.8411529409799,-29.90323455182661,32.911287705817905,32.89575362159339,-184.74797659265545,229.18109516884385,-180.6576088707692,230.73313826381232,4.374922384327319,0.014425156156489878,12.19091,13.330093
4.5228175143781934e+18,4.522817514378192e+18,273.8939852814255,16.23973278948554,273.8935270958349,16.23611098769007,30.080886930083675,30.01887795998758,-29.75295340076038,-128.70582714618763,-29.280531583300967,-126.43373454941504,2.320686782381562,0.06870306317639054,11.439823,12.664539
1.7602085128009388e+18,1.760204939386237e+18,316.2847432804942,14.591089150216,316.35153577777044,14.54039382577504,25.12651707953472,25.1451477079747,510.8303958311888,-3.293166089562641,514.8838684881937,-0.5430431243032267,4.898348385439054,0.06421443930244028,11.937369,14.483998
4.1629784885364495e+18,4.16297838544602e+18,262.6607775773404,-11.186304986359117,262.6575571546401,-11.18424706298866,25.810759571192865,25.854412080946982,83.40605663877469,-143.99918220756786,81.94525068001263,-145.4296305966336,2.0445382468751867,0.0654640430328034,14.734741,12.636684
6.884840413805875e+18,6.884840413803796e+18,318.7752699580771,-13.65833200738948,318.77693859717687,-13.658871079049517,22.818940422646044,22.99569109499696,314.2893577276046,109.6001388221138,312.509112002954,105.6553930111582,4.327851008663383,0.33683900658188887,13.806201,17.543152
8.114710548192283e+17,8.114711922581821e+17,142.88669409613888,39.06059924755868,142.84352833167128,39.04515774137207,25.604529029176323,25.627100142151708,-36.126915677122895,48.75577001184022,-36.38690403253694,47.46327159062984,1.318387694793239,0.042609579284637523,12.08657,12.34733
4.5858502826138296e+18,4.585850278315479e+18,274.45915265328614,26.67179280716427,274.44832792434266,26.666440723029403,32.559228952141176,32.5565455245365,328.37316233357666,107.52263797986356,328.7030527237355,112.033231217307,4.522640713475886,0.006444316931530147,9.209724,15.330616
7.274685081912456e+17,7.274685038964852e+17,157.44080736734452,25.767680099496467,157.43551564785946,25.760014640361945,34.69470872268119,34.67156018027804,85.05863618223717,-81.9605597703,86.36653595080293,-80.49284974110358,1.9659029819444551,0.01977241466413805,15.764975,13.345578
1.516500768384581e+17,1.516509358319132e+17,69.20216846208109,27.13153567911015,69.18820274380334,27.16365247435903,57.487253800399245,57.47181228815324,232.1700243472911,-147.48090257579935,227.47933818329824,-148.39952640218354,4.7797914623417235,0.011453609595164435,7.7456923,15.610918
6.392033358000733e+18,6.386014803149426e+18,339.02908933004187,-66.92570202263579,339.3712575985776,-67.1040210920978,33.68846324250577,33.72216059995499,-213.33103445896268,-186.21127812524216,-209.49165612044783,-184.32898420533556,4.275962631639149,0.11913391107714685,9.209798,10.93463
3.3467998059543875e+18,3.3467998059543854e+18,89.00217162816394,13.93462722336239,89.00057909096826,13.94116148971887,21.6504190266325,21.707090030259604,-53.76359011784516,11.806816390044672,-55.24335386913376,12.688542778581274,1.7225394578556141,0.12070602860196897,11.091507,8.301201
5.357273275677036e+18,5.357297018257694e+18,157.0738341023061,-52.56087771406471,157.03291591581743,-52.52659002218402,29.927754801004244,29.90563722831633,-106.25756348818491,57.84885278517866,-106.24336432187714,55.8447836653539,2.004119420932547,0.03495115206557573,8.406262,14.114826
3.309006602007842e+18,3.4051137408643656e+18,71.62700947833584,15.471931785895292,72.38425479124014,15.888629620259284,20.500601458263425,20.62442127241635,87.32567613872013,-25.352727232571336,86.74182616494376,-25.516382936765595,0.606353017139342,0.7705791048100327,8.138844,7.5957522
3.535733488862733e+18,3.5357333900796083e+18,165.18229967213955,-25.604351276386097,165.18122920444165,-25.605089140165944,22.849611786480374,22.851036522124648,-69.48171619007508,8.624430132573934,-65.92462746113367,6.555198487642899,4.115167047149606,0.0028821675434437615,13.262064,13.402196
6.118024408844005e+18,6.118028016616524e+18,213.60281282675132,-36.70119482491916,213.8285792855901,-36.682508890063765,21.2470317301831,20.947791982512182,-95.7458366113544,-67.99574042894776,-97.65402894364782,-71.43646881224,3.934438941528536,0.6889828892903357,9.450077,15.247716
3.313665885609888e+18,3.3127442199887826e+18,66.77717673131863,16.430092002554506,67.16608051054888,15.870784455320392,21.66732573514696,21.81251596251546,107.56779251043268,-24.91171284914873,106.14776250704207,-20.293824952737538,4.831291114634941,0.6212369352817136,16.533167,3.3779078
3.5130508431534633e+18,3.5130508431540285e+18,185.86406873140237,-23.160990542252097,185.86731670849196,-23.161293701978074,22.177110874806868,22.241437877310148,-70.90753855319652,13.124560133536775,-70.352237915317,15.508723585202524,2.447977565805727,0.13043571144076305,14.902088,10.180517
6.769835655073839e+18,6.769834860501992e+18,290.2424853880768,-24.66808119184895,290.25365306777866,-24.684981756027927,30.164495062222347,30.170087501635283,8.908452478737882,-82.35094979609303,6.980314286241931,-82.61967477825945,1.9467742564051675,0.012955196033085365,10.785294,11.243469
5.10105119481521e+18,5.101051194818343e+18,55.4249863625354,-19.803092102615068,55.42518782184307,-19.803570112981365,20.346273870957305,20.340861949447493,-106.19345627411626,-59.54842111466329,-105.47348546620827,-59.96845635605198,0.833539182191293,0.013084112156628427,16.498331,16.685558
4.930632699307078e+18,4.93063269930708e+18,20.260912453797346,-48.47849581404838,20.261829739730075,-48.47842688912261,21.816002549427104,21.89029057340255,175.18573233341488,25.14789995272446,175.0093683887765,21.520336735570154,3.6318478954134794,0.15555867953047642,13.752505,12.46802
6.477931531393562e+18,6.477931329531793e+18,315.3383070514038,-50.31427916203177,315.34038218108594,-50.31760362133254,26.548433993075808,26.5232487648175,74.41195889730102,-140.06331600951614,69.70509047333753,-141.5618831883366,4.939667392643192,0.035844187097110895,12.432431,12.677289
4.87560454751872e+18,4.875416943347144e+18,76.32902912935012,-30.98744880843936,76.37540316809567,-30.98513620355673,20.495395329371043,20.47137105805868,1.5432871273178712,-125.39853120726472,1.7571814450029724,-125.29122235513552,0.23930308999940464,0.06655852371165245,11.247255,14.094601
3.3094200140841856e+18,3.312564037520034e+18,68.4696324759209,14.850761740625993,67.96911967367434,15.49937349658422,21.94460899596352,21.871807832755163,101.81615258036,-25.70815437780425,105.36486514556807,-24.24098903749085,3.8400436203619654,0.6618870581073137,15.195518,10.49808
5.32653869584792e+18,5.326538695847921e+18,140.50049954838084,-47.35015803835597,140.50071133939005,-47.34927273878005,23.64326584686837,23.587999355660067,-201.8401745621951,109.88310998630504,-200.9636165227136,114.66917207832836,4.865669979076081,0.09909985850326171,11.812491,13.648908
4.301834471993632e+18,4.301829970867753e+18,296.5733275546982,9.710729945565095,296.6247527112972,9.617590886584953,22.95138800952256,23.13351167963176,69.7004944742792,-563.4269150101724,70.42775280413986,-565.3280895033809,2.03552674558166,0.3522957197330635,14.508234,17.062819
6.880184875418644e+18,6.880185081577082e+18,304.0247368595351,-11.98820272478596,304.0237221063648,-11.97759668725794,35.34328037585801,35.39013402033041,-68.47871190868072,-133.7110240595213,-70.85406054736347,-135.0948001379895,2.7490211695497795,0.03782591228984865,12.724273,12.593695
2.4708061446387333e+18,2.4708061446387333e+18,20.874393320204597,-10.590451385422227,20.875037561892217,-10.589667162175958,22.31532209037792,22.430407471142622,-15.691511637295765,28.358410413644425,-15.383253497516726,30.968323891607955,2.62805468801464,0.22992297812577703,12.460052,15.328846
1.7345932548328113e+18,1.7345932591275725e+18,314.34172159036035,4.342030555860195,314.3411705175756,4.344838094251907,20.312999946328883,20.20916064396726,-91.76359495222906,47.23921296514409,-92.8818546854429,44.68844980265879,2.7851207410127716,0.2529647616254076,11.59014,17.158686
2.5424177836331474e+18,2.5424182990292224e+18,8.519594578707968,-1.3322963306658702,8.52711166783664,-1.2786295096629334,22.25777679741738,22.275925243232027,381.57749862321856,144.36048491095715,382.0344848795421,143.9864727728481,0.5905264752079493,0.05607141521137491,14.326026,13.558339
3.9994334525164344e+18,3.999432971480097e+18,180.18574610387213,20.848219713257357,180.13647696529682,20.81532005571997,40.59431148137002,40.738216994320936,-129.6824897725271,236.249801591959,-130.22319766482502,235.49758949600712,0.9263844029826763,0.09034451731702071,11.630468,17.087084
2.471154002630111e+18,2.471154002630111e+18,20.07616869415884,-9.565533495623852,20.075518730302885,-9.56799311482184,21.23659227424649,21.207159886842504,298.22751760153164,-36.18677958424111,300.43112056810264,-35.4355142137166,2.328146406742889,0.06538531367141281,16.184633,13.398897
2.9482917807958313e+18,2.9482917807958323e+18,105.6280756521931,-14.682784049046544,105.6211996506732,-14.678393801862136,23.04075643994016,23.004372864170804,121.92545544440604,-300.8759610645689,117.8887038010457,-301.9024050682226,4.165207212469637,0.06890869659851726,11.365955,10.056898
4.4449029249719716e+18,4.4449029249737e+18,255.09393385184572,11.22564138331836,255.0931430253402,11.22430569334144,20.86579516444936,20.84596364402857,-70.16066294246633,114.87898830543844,-69.04459122419874,118.54774954850052,3.8347653303574107,0.04561141663348273,11.731751,13.324454
1.6514763648214546e+18,1.6514697333919483e+18,265.31512945326745,72.44360837835687,265.2761321950975,72.42167052436578,33.363948329302595,33.3560345500488,-124.19637870451928,301.46381763518445,-121.463502119157,298.20829743205843,4.250532463560665,0.014839818038467746,13.308167,7.4322453
2.3220209527226793e+18,2.322020952722679e+18,4.9027734587454965,-28.16872890475713,4.900990664640622,-28.16677696453612,27.40903097277901,27.40717607792836,-290.5904543464184,-1347.1318585115828,-289.7119991105769,-1346.24634242895,1.247326073638653,0.00294002314527214,12.719789,13.184315
2.2299600123632814e+18,2.22996001236017e+18,341.0467511930445,71.92388468622953,341.04368026876085,71.9238947577459,21.870161420543397,21.96483109659728,204.26752208103792,-10.099367576636306,202.90993602683005,-9.6823623690639,1.4201877473496953,0.19707623362944868,12.893285,17.018864
4.008391414266272e+18,4.008391414266272e+18,186.9646693645969,25.940166955650188,186.9641768390347,25.939684392374183,22.97546331679854,23.0436599609184,-0.0148291668923404,-4.070536672629904,-2.563126465854335,-6.995298330105899,3.8791815988606055,0.12881027239246914,14.697628,14.673015
1.641500667620665e+18,1.641502179449156e+18,235.5586299515668,65.55399792513747,235.5531021010896,65.6186758028899,25.693865782472717,25.690623364969323,-103.62458505996014,131.42173728255457,-103.2121029067809,131.0453491968533,0.5583990667517775,0.04423803002331153,12.985551,13.232928
3.307650109600736e+18,3.307645131734449e+18,67.20948986265694,13.04753577613368,66.7269036563752,13.138103140203471,20.7158275616805,20.856250700610264,104.0662360049054,-14.900380463272183,104.6549179420714,-16.500474218532617,1.7049476381311393,0.516901020440176,4.974638,10.08551
1.9704846527429594e+17,1.9704846097634317e+17,84.81643828771695,43.878009411579626,84.81945048464368,43.87470038356488,25.43415530518496,25.432793827472185,146.5813436179619,-356.5727902659476,146.22331002456156,-360.9164780137999,4.358418440770154,0.003436055504725335,15.310096,17.274933
9.611597360739136e+16,9.611827570823744e+16,23.23932299057476,19.899599416917745,23.23273901486401,19.923669118252324,23.01854944412021,23.155888878849535,196.24247269696824,41.30594871064528,200.5090758027536,39.16472763898678,4.773754260538744,0.25834933318662323,12.175385,16.303133
2.2113698820803702e+18,2.2113699808590653e+18,340.03321570246027,64.381397892475,340.0031262159421,64.38675874820699,20.58042763133372,20.54179934079153,144.63980619490883,-38.12733902345016,144.621320201881,-38.85110349733557,0.7240005149147684,0.09214915557072535,15.444336,12.076139
5.437416613809919e+17,5.437016666454866e+17,55.93348485176501,72.8950451227419,56.36951661528114,72.99032045720507,39.14560709665791,39.08779766750784,206.7106532169046,-442.363488110485,203.3079798166473,-442.8517306667762,3.4375233908429386,0.08056787240451815,13.558603,10.64924
9.289370746305074e+17,9.28937177709722e+17,121.93944506832612,44.5182745868027,121.9463796098444,44.51729236352265,22.335650792088245,22.328825666376343,-39.99464166532134,-99.49118370742488,-43.76558786605764,-99.50346917139824,3.770966213249942,0.014240877292197387,17.514034,14.175076
4.515990178688563e+16,3.311671955631827e+18,61.755680961496566,15.334941426173367,62.67061787500594,14.733449906069524,22.22862392233613,21.984717040334814,124.62563850797356,-19.785723427617143,123.82931616882924,-14.954702514184063,4.896212039306311,0.9804512287107627,10.051599,16.090776
4.754110037501197e+16,4.781350438162509e+16,65.38496942725972,18.41744025238449,64.35533003429076,19.029775860591062,20.885733460424145,20.89852976070232,110.44900990966732,-31.91854784127326,112.7095032886203,-29.841473775204143,3.0698643279837494,0.9623588306813063,6.7013855,10.348098
6.774363959348355e+18,6.774363993708094e+18,315.72498853410144,-38.65652158012553,315.74130302245226,-38.63193162460388,28.36776628132276,28.37326601636044,-29.23630646796082,-106.95054921757612,-29.489319138797956,-109.63153582664262,2.692898923019206,0.018357005182681106,10.167957,5.206048
1.699331195373909e+18,1.6993311996700923e+18,212.6213207041372,72.58974383128349,212.62573741757345,72.58684434661049,20.614286498838563,20.600114335927746,-61.3433152808149,-95.3751217767669,-63.16030077421111,-92.45329087787296,3.44071679813141,0.03348217137996514,8.62324,11.090794
5.293116840892939e+18,5.293117047052814e+18,111.8931257137566,-59.98976218087154,111.86987338296778,-59.995645662237,23.735681261119154,23.47009295063792,-77.1470508731795,-215.11730603582797,-76.40769044564422,-214.93177398618317,0.7622834008756462,0.47684930491556043,12.348559,13.114071
5.318129699643963e+18,5.318129356046433e+18,129.41140950328304,-53.5754682573717,129.3757359403788,-53.59136114189668,20.7461377225111,20.682814242476447,-100.26788306654927,84.15201361810547,-101.12841402708098,86.40982153380037,2.4162388371616235,0.14925347181599352,13.3318,7.9670105
3.168265196643846e+18,3.168265196642972e+18,109.52303150106084,16.540225963939488,109.52463850270236,16.542489227187602,32.60681934596957,32.91778696868721,-46.156874360870574,-36.00696515721609,-44.52562316805091,-37.48686082563842,2.2025148452373173,0.2897220897504072,3.5799253,9.536596
3.312899491645516e+18,3.3128493264284247e+18,67.37958519537817,16.244692315734465,67.64062132435598,16.193900711881753,21.81806190139089,22.18747294665825,104.46346593636034,-21.071062521463688,104.88879350180169,-25.445976467323547,4.395540418606494,0.7896133847473132,9.932404,4.752029
4.529457014121372e+18,4.529456640466749e+18,276.5850202956684,22.83262037390383,276.5942346412647,22.83066824312075,23.141964047086013,23.03983700531921,-9.186195201273806,138.7793731284492,-11.173871035236544,139.93587885809376,2.299643607957577,0.19165393690093338,12.134004,16.04347
3.409875592581587e+18,3.4098272140701e+18,71.54064277007757,18.95760270811788,72.14622781644172,18.72890279706403,20.317514444224592,20.551587784263443,86.24019357197089,-37.73674519137691,87.27695408230191,-34.786222840829815,3.1273718194131956,0.769436408809803,17.659634,14.713162
3.310615565476268e+18,3.310640648085374e+18,65.22015770420096,13.864370841354328,64.44922468154691,13.661704892347966,21.09351261138683,21.139233734577186,106.88260714504528,-12.399521780388248,109.25947233228388,-16.777791608316285,4.981840503714642,0.649313184154233,6.0480075,11.770583
3.310702770492165e+18,3.3118838177788206e+18,64.83451345915711,14.316347980068391,65.15179237979066,15.095358731795551,20.85092023125928,21.089906328443732,107.93602845660207,-17.7577790655432,108.44328858667495,-21.17075959243724,3.4504708253395604,0.8837220658322923,11.98053,5.2019286
3.305871825637255e+18,3.3058609335989914e+18,67.73868055535941,10.751718973253958,67.8154958252843,10.703330766016288,21.50235325035909,21.61705731519776,102.86729657313283,-10.75874061348103,104.53162699235996,-9.981458849004817,1.836889404877714,0.25722348885774626,6.921069,17.599026
1.401760747118886e+18,1.4017723950701957e+18,232.94607868177368,47.05550924934558,232.88575032038463,47.03837054321906,30.811214913153925,30.81432745889596,154.87485771712062,-298.5190735363376,156.3098565609087,-300.0797503044078,2.120125858544072,0.025439440805043213,9.879249,13.370586
4.680991096827071e+17,4.681008620293545e+17,43.59795851357404,64.43146781723703,43.58111625168248,64.46061545039906,23.394429390580942,23.39873814372325,113.278553293697,-121.87368385674492,112.9300255319936,-120.6894849808592,1.2344223662616307,0.02375092480523646,14.101946,13.840381
7.990933756861896e+17,7.990925166927293e+17,144.01726733051368,37.552475544972296,144.06574510880858,37.528911016653055,25.83624508809858,25.740403972132523,-99.44971592479716,-90.30900489365308,-100.572169853618,-89.51677401896742,1.3738750238397068,0.14730944816282307,8.0693865,10.291597
2.309262151074393e+18,2.3092621510743936e+18,1.6887463452803968,-36.56006767785016,1.6883702865448682,-36.560613056743954,22.8123045575013,22.759984523608264,264.90320269371915,18.86036500268684,261.6791812959308,21.079405828039,3.9138799365817065,0.10077011858267211,13.865666,14.401943
3.550351397169573e+18,3.5503513928735314e+18,161.00820565461538,-21.906105646233,161.0105758271842,-21.90429719029713,24.72313852255199,24.5337492797588,137.0993559971586,-33.87440815910162,136.35374346669855,-32.409793799093414,1.6434820562212673,0.3122459759402972,16.842768,13.363624
4.473546439827211e+18,4.4735464355336223e+18,265.55312557492994,4.927262322426338,265.5549610299483,4.927316627759855,24.92163280671478,24.92210065287757,-274.54060418494225,-11.407872801013486,-275.2620248191056,-15.514969628043564,4.169975069229691,0.0014862436307495764,12.008183,9.387259
3.4011758442659907e+18,3.401175844265992e+18,82.23221521825252,19.731325417609504,82.23152668997552,19.72787760561836,22.08202260428383,22.16374624536099,-67.99775113973384,-331.1485688912274,-69.14337799718159,-332.47939432813394,1.7560060478321495,0.1670034094418183,14.172263,11.3687105
3.7806615623531965e+18,3.7806615623531965e+18,154.801167150973,-3.0977407040907083,154.8026227446846,-3.097771371334292,21.899370719980386,21.887789732351205,-144.2265359788518,2.242038976642381,-147.41641909169633,2.290177831877591,3.1902463263820167,0.024188621436076304,15.163207,14.213407
2.227081731438098e+18,2.227081731441517e+18,349.6414635209367,70.23949437304188,349.63986422240293,70.2385173942294,27.77090400415108,27.790836699909917,239.58507169665785,15.67612629345202,237.0254952487643,15.87081714403078,2.5669702218589343,0.025836551642982597,12.996276,14.838951
9.869261468134925e+16,9.869233980344333e+16,29.196526879292172,23.051061336826347,29.208498292586096,23.038840387121013,29.50992365312771,29.536575004917797,-83.53253202294093,-16.87487319507023,-85.78951695329468,-15.29022858166258,2.757730865520747,0.03208649858635795,7.675037,10.482594
3.223332136283271e+18,3.2233310067034604e+18,85.69070691293763,2.6925053640991123,85.69212113415315,2.676703758873905,30.91476367342304,30.853255720243222,252.6672648264609,-525.6333298681573,253.8982588454041,-526.5152160822269,1.514288469625229,0.06510609157569436,12.117303,8.296296
4.724849614880143e+18,4.724849614880143e+18,42.97208309219383,-61.61736607206369,42.98257175915212,-61.61294497818103,24.92099887953572,24.795254342420787,145.48955786218946,130.23223205703596,147.17237503526195,128.5387262187734,2.3874328602532575,0.20354942509085705,8.573582,16.042341
3.925951814826259e+18,3.9259518191218135e+18,181.23392514958647,17.468934449831885,181.2374799704581,17.475706766885192,26.616832575937494,26.569170383210736,27.78905295318586,-204.4344022392837,27.88151129206692,-209.3044392786116,4.870914627547289,0.06757991445598324,12.558277,8.452601
3.142446430241371e+18,3.1424465333205806e+18,111.2722321756888,6.622491288390484,111.26582639982804,6.645726325733453,22.60091785031952,22.61491371670739,153.79354273595516,-349.2870075765412,152.72977812359883,-348.86850329186046,1.1431277211220734,0.03310138163320963,13.14412,11.448259
6.460359347013521e+18,6.460359450092389e+18,322.466349232542,-55.01717312298692,322.4662858667003,-55.01542099778053,22.12110978265937,22.12843368423954,105.88975443772088,-28.153912404372047,107.64369290123032,-32.34851081931117,4.546532304557803,0.0150255714156419,10.945834,13.83968
6.044263568218537e+18,6.044263568218538e+18,247.6923953821284,-28.3376701678319,247.6889334490366,-28.33741600154363,22.279388800785625,22.25102462000249,-170.40232670349303,-182.45562614941292,-167.2182141400307,-180.1747475406861,3.91675631671747,0.05726611089708849,9.838133,9.798407
6.193279279612174e+18,6.193280031230266e+18,201.76045182061404,-24.290733388256825,201.6631734113942,-24.293678450411928,33.4795133756596,33.43269293180145,-339.24469232488553,-67.0082035955171,-338.1132325185431,-68.64828129592165,1.9924999765954137,0.06238255306646313,8.467946,8.515944
2.381844482740991e+18,2.38184448703636e+18,351.68177484740767,-24.43827394745812,351.6800164297236,-24.44013757184704,21.048300131201465,21.00231988501577,42.93774497277246,-38.78177370873789,46.24926958624941,-37.80176894251554,3.4534916544683036,0.10403284155282015,13.259263,13.78767
6.353376831270493e+18,6.377398274119547e+18,353.33191060714574,-77.38532854627742,352.9849865762502,-77.2069526744775,32.10233321735716,32.06692913481512,16.3058528949809,0.7362361744272473,14.928231282575815,-1.347099773886283,2.497624867849659,0.11099715254462053,5.655614,15.606471
5.100139557941304e+18,5.100139562237058e+18,49.31331260360764,-20.686401946637005,49.31463899113248,-20.685430604782702,26.206624566592385,26.20875693793453,286.27324766420577,-138.67339548516088,289.8226970910448,-140.1415046411276,3.841085227838773,0.003277174128090407,9.273924,13.733781
1.3717124687208256e+18,1.371712846677977e+18,238.07530283029945,34.24923832904142,238.08443174062188,34.25447823387954,21.95193693428133,21.957874703520503,-78.84697215981771,191.1770477066245,-74.4039766022488,191.34240104141168,4.44607144003583,0.014320651049722846,12.616126,13.0904875
4.527677600655635e+17,4.5276776006556454e+17,42.43594117050624,52.47032253266347,42.43110931811186,52.46987683059455,21.35289894613334,21.41590379238127,79.82826304472154,-78.37830009575967,75.6547553490401,-79.60391799316157,4.349747776175538,0.13779968537400616,11.81878,12.773905
2.698694665527377e+18,2.698694669823421e+18,325.064387129468,5.273582981510042,325.0660082607844,5.277401896024042,29.546153376314788,29.478470858258635,-4.253950388408146,-65.94375318023815,-3.6423149456656727,-65.18054566251102,0.9780509342227433,0.07774754624125096,12.604328,15.214147
4.845183942699113e+18,4.845183946994584e+18,60.5298784130187,-38.310746651660025,60.529862415092055,-38.31132588525845,22.2859970779509,22.1056144848855,159.26024131389417,15.547771247534492,160.55546170438635,14.43862776870273,1.7052258256846002,0.3661510643607924,15.702194,16.558678
6.05531152978279e+18,6.055311151825662e+18,192.63238338911475,-62.002966246029374,192.5955791213074,-62.00926496309717,22.3384035758857,22.3247083596548,71.57239199043218,17.368967613516475,70.52681339183059,18.606268751328116,1.6199224399592889,0.0309948181727094,13.70465,13.252248
4.754794126868074e+18,4.754788216993077e+18,43.57521926507984,-45.46430289764796,43.539414060392986,-45.488231433659706,22.467368826841685,22.49534889724037,-66.86647311770142,-217.09893261192772,-66.9798687983185,-216.5435117769755,0.5668781917499075,0.06156181058744607,14.771761,13.462132
9.675698931422719e+17,9.67569893142272e+17,96.59536145849472,48.8819670100408,96.59598963027456,48.8814924736548,24.47564599740208,24.48118134348324,-28.04234701747094,-171.82311811356806,-28.994282174083818,-172.11597784791763,0.995965544785002,0.009248891290509887,15.315936,15.2624445
1.4494674227757458e+18,1.449301838900763e+18,201.39856543603292,27.63581677565376,201.5112524657532,27.584352575106845,21.99619499932585,21.86766265620624,-0.562451320978413,71.20784079272315,-2.473842486020242,72.84885101592386,2.5191924774516936,0.2817733634941993,11.689168,12.409808
9.623792662494607e+17,9.623792705467999e+17,94.20809435094344,44.70424383092384,94.20975186890244,44.70907597177374,23.82759907017715,23.853766848058303,-256.1852757555281,-332.9982737463048,-255.1254680399577,-335.6566290728715,2.8618255425983268,0.04618315158683926,8.841721,13.683824
2.0840321032782085e+18,2.084032554258819e+18,306.7731406355923,49.37077858894596,306.7599174194148,49.38361485992797,25.64418223752521,25.60347503014155,72.1859275655058,53.67828445141865,68.77375186057708,56.818611087578105,4.637304650664913,0.06288630884368594,12.255698,5.6450872
1.9960346529505044e+18,1.9960346529505078e+18,349.1438642764373,54.463027186819154,349.1474052405547,54.46074895618109,31.27209481686665,31.314306084410724,60.54465710999876,-113.66590375407254,56.89737794415048,-112.49063265892843,3.831958697678275,0.04313909633934363,11.521072,13.005876
6.869965159659617e+17,6.869967564841297e+17,138.79147435074165,23.358418368864545,138.78856021717587,23.37485761512072,20.489272093681507,20.565812815516857,-126.03689253589404,-155.07177081689878,-127.01347428635518,-155.7027859301869,1.1627089010288718,0.18219479208981243,11.223753,7.898468
2.75095816834295e+18,2.7509581683429494e+18,5.890265383791955,9.791665578368368,5.889580711096705,9.792462046188335,25.57355121205969,25.592950825114865,-156.3018607402721,-366.48847599792606,-160.32507047799868,-369.1668195542729,4.83319157488739,0.029648789765488497,12.793385,12.509817
3.443237528467155e+17,3.443237872064534e+17,27.314123974829364,40.12570980506649,27.315174981845544,40.128787794577526,26.532676712755915,26.50196501548752,236.75934847290597,-30.018261139382457,237.1581764866707,-31.148937796873884,1.1989551652833002,0.043726341419961276,14.719937,13.363354
6.547042374158447e+17,6.547042374158455e+17,119.62868704371132,15.503512283269178,119.62641611731723,15.499385691827635,32.07892610281949,32.16424472890218,-81.089671362909,-114.0612893399409,-78.30504864150046,-112.06219550802554,3.4279002099516744,0.08272849759799517,12.929752,14.580774
4.2317951346009533e+18,4.231795134599897e+18,310.4567411820447,1.9340390795646416,310.45751064322843,1.929644617401518,25.4577768109962,25.480179167902666,113.54087859851198,48.06484316423024,113.25616754268626,46.07476318437478,2.0103429338127614,0.03467094855002359,12.85395,11.499823
6.879662263797807e+18,6.879764552737782e+18,303.0402691866871,-12.89402552155239,303.1086735704209,-12.618367150928863,35.43288781401768,35.41853396937967,192.65678581548505,-194.04027251536465,193.1113440824864,-195.66182778153407,1.684061964222533,0.1401975930078033,10.593347,5.721998
6.499440285231942e+18,6.499440285231943e+18,352.22386311376647,-54.47014470071307,352.2179799889016,-54.46734926927511,23.68358880891607,23.588673541707507,-60.670852464063714,-176.9247248359334,-61.738461909625485,-176.7910361705632,1.0759472977340399,0.1699280331151595,14.590622,13.082792
7.796895337793007e+17,7.796896067942191e+17,161.8056460342728,40.44686670322258,161.8007977173747,40.44533482262731,39.47483502401983,40.43178943451538,-301.66090762736576,-33.98160721206321,-298.2881337649763,-33.25809195263655,3.4495040016560035,0.5995836780021166,16.997046,15.159121
5.976041311254397e+18,5.976042887501445e+18,261.3913493197289,-34.250618231147016,261.41732307533954,-34.21885140774955,30.501132324832597,29.938203305038577,-160.32870514217328,-64.19595695513821,-159.85868438934216,-64.93000644937378,0.8716353412290127,0.616867660908826,16.18588,12.461701
3.0921448384198656e+18,3.092144838419194e+18,126.49554979535785,3.6721059235843887,126.49516848939726,3.6719829280207112,28.53056815675425,28.456930417020224,-80.94106554506124,-28.837971566912877,-82.39732333154205,-32.801857236323855,4.222922724943913,0.09069922190053094,13.479326,13.557993
3.0087544405968973e+18,3.008754646755327e+18,84.0361783835871,-13.045938133925794,84.03289655312338,-13.037440810579133,20.31328368910856,20.222279833062665,53.9423950622504,-184.048436342204,52.828524228553455,-184.8594596176944,1.3778486809326616,0.22167658076986774,11.798044,15.311821
6.412792824726831e+18,6.412792927806977e+18,330.89075244917376,-55.98856461923027,330.89493474340514,-55.97737708675474,20.172620556299947,20.122565857761412,-242.0707386834944,-90.46122683149726,-241.4337247344641,-94.02241450694288,3.617712596517994,0.1237071128118143,12.594749,6.748166
1.4010106053095708e+18,1.4010107771093281e+18,233.7101432311661,46.83119199139744,233.67716914074583,46.8235026756154,32.47346851508901,32.47185719959116,-469.9480459111364,220.1541039720127,-468.6771497354128,217.99503930690548,2.505341756643868,0.012901676421249578,17.769707,15.577727
6.723283462325198e+18,6.72328937651242e+18,277.09050024592483,-40.72275220272652,277.10697761324354,-40.70101056415342,27.300861255034786,27.27279703094725,-21.311741328629644,-100.98241923209416,-21.536529042383165,-100.96437385171863,0.2255108689341434,0.04096197061148667,13.418445,14.352937
4.4657084294533724e+18,4.465708433750398e+18,246.91577399307755,15.83578253434982,246.9151382027728,15.83556603561647,22.16150867666297,22.12326283382013,47.81225179870764,-12.228219692937897,44.30901948779986,-11.575315015913596,3.563554565524218,0.07800906431572724,14.168171,15.6358385
3.2504664039201434e+18,3.2504580545068605e+18,57.662585880583904,-1.353488875127619,57.56659003551471,-1.522831039495835,22.41383587994035,22.61843148945748,105.79927659273298,19.811647915968454,104.28357134139723,22.997714119657235,3.5282262205270514,0.4308505748410455,17.561731,10.080959
4.721870900441678e+18,4.724849614880143e+18,43.44678009100622,-61.58787854646964,42.98257175915212,-61.61294497818103,24.94969531030716,24.795254342420787,145.43250335592316,129.5073737458231,147.17237503526195,128.5387262187734,1.9913391203470716,0.2943406540258539,11.156621,16.042341
7.239447752876483e+17,7.239448139425518e+17,161.5387261418529,25.760991237171428,161.54278586079803,25.758595773136147,21.29553543836365,21.318752972569104,51.22523075433743,-7.528612725208099,49.99135636575197,-5.163388955746792,2.6677199040438824,0.05126577750070886,7.9008336,14.791688
2.8183779879759534e+18,2.8183779192564777e+18,348.1205116525782,17.163609852387058,348.1209583548542,17.156010867387046,21.53882673982506,21.505998752094865,10.742758176674808,-7.29733730921067,6.562187268598436,-7.188889001228457,4.1819773018225135,0.07113827706311823,15.875431,10.496971
6.307365499463905e+18,6.30737484531276e+18,227.5493943951268,-16.478656567541872,227.54990698061223,-16.395153824967906,34.02659807017683,34.01749515269914,-1000.8436329401763,-3540.080314753215,-998.0641037990116,-3542.267036821717,3.5365994474150377,0.04355350017588703,9.156363,8.827628
5.236623830410902e+18,5.23662386477065e+18,173.29031900848034,-67.06136685147915,173.30130442031728,-67.05464031813061,30.46810871713483,30.50928662893557,-280.72379672642074,-11.664763546521378,-284.1325223808456,-12.949456202887074,3.6427799560849414,0.04453282867490616,14.960382,7.538828
1.8526856870377354e+18,1.8526852360613704e+18,317.95944592751044,30.473358240622225,317.94885151279715,30.44953561171222,20.44288731179025,20.556962942152246,5.7246480088594005,70.57857492013241,4.954540468170633,70.35095956123783,0.803040706210097,0.27231883487341796,14.98528,17.989014
5.531642728763228e+18,5.531644957847167e+18,114.630965979224,-45.651731168568965,114.84198328899996,-45.639732367738944,23.942384099130543,23.994798844184988,-57.30040823194842,15.276187289266788,-57.10674632267968,15.202676772074131,0.20714422811061672,0.14120782185156133,15.835135,11.537094
4.3257388511915453e+18,4.325739091709722e+18,250.26210361995908,-16.509237896506733,250.25872062567237,-16.493591150109655,22.185963315675423,22.055746237304778,-87.94728140356005,-92.85124888582428,-88.84903702742066,-92.27324490868064,1.071098409464835,0.26641260250377413,14.950046,17.283415
1.1228116578547546e+18,1.1228102491054834e+18,122.04052824927246,71.92244115883769,121.99761963205604,71.91924605885433,21.17427428650173,21.127803122801645,-237.5955950227106,-447.8942578407891,-237.53575442564104,-447.8721752297637,0.06378509831725096,0.10449009417578506,8.025883,13.505116
7.681751087113836e+17,7.68175108710834e+17,176.537754278425,40.03052411635067,176.532819518252,40.02905304032647,22.785661857877127,23.30505378964412,42.787443006887095,-130.7410952266718,43.594393834670505,-135.44379225387272,4.77142839913842,0.9781052321552306,14.276165,11.7147
8.90346243721924e+17,8.904222131032445e+17,107.81075151514726,32.614986242700546,107.83059660024954,33.111831860841264,22.4036625020475,22.321181732192105,-110.82344360636382,-6.805099695271616,-110.47989875944324,-7.401131398955544,0.6879512000440512,0.42159508434810045,7.8833437,7.0590787
4.929839483427661e+16,4.9295199378608e+16,64.31506301993932,20.578332998961216,64.36204619335743,20.55460215644835,35.08043993927667,34.85878918491827,-40.3747229380494,-59.485643178719705,-40.677255630106906,-60.18463465221037,0.761652880107606,0.18296436177071954,4.864198,9.159104
2.826254713186397e+18,2.8262547174790333e+18,354.7359604756,21.02253401338251,354.7333170824856,21.02346582838847,25.36664854580148,25.401530455000312,273.4324726185702,176.13778332993863,275.845840337343,179.03888862869746,3.7736925816103835,0.05416525818603858,17.682983,12.907044
2.3331204538859633e+18,2.3331202820872724e+18,0.9277038532866956,-28.378740519489835,0.9242756184918812,-28.396824632432214,24.750718977103155,24.83139802074061,285.3793870974775,-144.10792017589267,281.146413626801,-142.10180672857436,4.68428816011166,0.13190492801947706,17.299837,8.083604
3.3088962385284403e+18,3.404798597640071e+18,71.89763218567602,14.888977576344391,72.76054145781335,14.971194428416442,20.93206028817838,21.09312454746806,87.22401539215304,-24.30559187988497,91.67669179018684,-24.423091655680118,4.454226453933296,0.7857190176274186,10.927766,10.98731
5.910949497034268e+18,5.91094950134211e+18,261.7769639779609,-60.927996455560034,261.7741961744966,-60.92757915668594,22.00989944986792,21.973597810566904,-5.759079946883226,-118.47294395375866,-9.263883043532896,-115.5583132629244,4.558367779176895,0.07506805080656372,10.896615,14.731455
4.41727721428786e+18,4.4172772142878597e+18,230.9139184452181,-0.0310765604024086,230.9136067108787,-0.0326037596559768,22.47974635233654,22.507163055657823,18.0171701628749,-43.69242166425197,19.851106531519783,-43.10510548065709,1.9256850479117367,0.05420148840068043,16.373753,11.334805
4.818744295824258e+18,4.818744300120318e+18,73.13586885341621,-36.53355777893728,73.13613605820154,-36.53479173194776,20.221718496834846,20.24025386632466,-44.30393237284255,-216.40562389655,-42.02196964790403,-219.31548688407207,3.697925970616468,0.04529922973457213,12.675794,12.246467
6.121189181263217e+18,6.121189181262915e+18,212.4155978432835,-35.69359943405429,212.41710955271145,-35.69341243365295,22.844528650651448,22.918886563806737,-93.0579105758776,-117.68715627029503,-93.39003701307512,-115.82283394434204,1.8936751847485118,0.14202380256503502,15.49853,10.240056
1.038076385510803e+18,1.0380763511510651e+18,134.92229651337527,60.27492319613459,134.89704427889473,60.26911541674556,24.05830509114779,24.03513683965129,-275.16354776739115,-457.370253700549,-276.6142702513193,-457.9708068473318,1.5701145841897552,0.04130010963535734,14.317583,16.283337
7.716122207204429e+16,7.71612177766702e+16,32.71598554183596,13.682211511860324,32.717524003731334,13.682958143895934,23.29865067501026,23.304385281112328,110.96007731610636,-73.41766271281988,114.00801687576995,-72.06303773027373,3.3354076816335976,0.010635625663781059,8.465173,8.025245
6.806301370519191e+18,6.806301370521783e+18,310.9218238583623,-24.56496231968201,310.9215414021194,-24.565272807533397,22.787926485429715,22.78911839807975,56.10055225376048,-71.93026712430498,57.06996351473492,-73.28895281864084,1.6690671073677577,0.0023158141683979868,12.214055,12.273086
5.701927904188247e+18,5.701928217724323e+18,128.1239179686033,-23.388806108675123,128.13826390702934,-23.38470194869825,35.55982776692622,35.56000130475175,-112.57267809900418,99.62100360408036,-113.68101940130134,103.51044365673226,4.044275505643827,0.006770772413076332,12.685078,9.615704
3.686261307923491e+18,3.686259727375525e+18,200.10449812912944,-1.658640842787398,200.0529065101865,-1.6791740181219577,44.3909202962868,44.46646486043769,129.2667478426666,-253.46568628231705,130.87321011635674,-253.2274334150012,1.6240337021053235,0.044047565959011874,10.741152,12.261845
9.614398022830337e+17,9.614281929894999e+17,91.05483657088146,44.27739743932607,91.12535302459682,44.2597643129915,29.45526423254315,29.429916317529717,94.2833316373404,-153.18731685871558,95.06577761161158,-152.65138971613712,0.9483878978590423,0.04313090443547997,8.798716,6.615367
4.634490340560896e+18,4.634490340559664e+18,0.4139034855229505,-80.3227877853305,0.4158416639389065,-80.3221563587967,25.33232080291362,25.372552655104613,312.1120616398624,91.03834373624323,316.13408896968303,90.05214258434518,4.141170915795316,0.06259564889736949,13.668658,12.345585
4.583221109793391e+18,4.583221144153132e+18,271.6898326825411,27.530047989903565,271.69116826600805,27.53558784538904,24.916474817321003,24.96521358913895,21.105581565982643,40.65956392385934,18.52868263408239,39.90608220428766,2.6847984667302986,0.07845269625645562,16.837482,15.158238
2.5043769190370176e+17,2.5043731394659136e+17,59.169680410084005,50.71279069405498,59.1528146624188,50.69479996042314,26.27525066324443,26.21702113860819,91.73935011903151,-130.21786456928527,92.33391255827756,-129.6550293924721,0.8187111397926121,0.08566780777222999,9.949776,5.167717
3.9752230654664735e+18,3.9751291946608835e+18,178.64404458470028,19.427757363695925,178.631492306701,19.41115461275357,25.37474468753704,25.375820295727877,-450.5390019800327,-15.48906906610873,-450.59793210637054,-16.568439740620367,1.08097817405621,0.014124211948441719,8.234547,8.039268
2.8293221831207276e+18,2.829322183120728e+18,344.0994841983558,17.45157031666033,344.0985655935472,17.450670861098175,28.15296735301561,28.143979278357698,211.3011588642501,-185.0640233558161,214.79732771882277,-183.54621068118524,3.8114238776281417,0.01137045029993072,8.789859,10.154077
3.554395813252626e+18,3.554395813252626e+18,161.40389543498608,-19.115192243295464,161.40408369491047,-19.117032177080187,53.1904439406096,53.171778575826686,-1867.2807612606252,-604.0672241542925,-1869.9161738902608,-599.8437302428117,4.978282891596024,0.006627485701431043,15.440838,10.290991
3.575396313545477e+18,3.5753963135454766e+18,179.55982706156482,-11.33556708983872,179.56092679316367,-11.337643221207204,22.53902911407138,22.58909579631745,-135.3106590522066,-128.10418850811195,-135.61230000495527,-126.00326873599624,2.1224634633467354,0.09835315139175735,16.097385,14.381111
2.2818936573940214e+18,2.2818938635524495e+18,359.517364380636,78.60781411675364,359.4786888783718,78.61216251255135,39.03652716582513,39.01580239628564,474.6402196332784,-136.9682576568396,476.4132050205063,-137.73314437875894,1.9309398956705899,0.014163805784428562,12.463663,12.769293
3.678639905636817e+18,3.6786399056368174e+18,192.30696273302223,-4.847632937236464,192.31162391627845,-4.847407617447922,21.707979571814104,21.719485555243804,25.830423141002715,-233.11954609548184,26.020834927764145,-236.5949797895456,3.480645918557546,0.024688213161970472,10.396975,14.326352
2.336585186823503e+18,2.336585182527625e+18,0.859058098712697,-24.48738595344997,0.8578169412383067,-24.486488901302184,21.13978516355029,21.174400042640404,263.8921011817993,-86.9866025718391,265.78054492635886,-91.54749772119136,4.936393859868867,0.07733971048890247,14.2888155,12.083125
4.966285394629706e+18,4.966285394629706e+18,37.85730238466622,-35.01152198242828,37.85950512162586,-35.01443122303918,28.404303494563795,28.400923328137235,33.741859751821536,27.842625240346813,33.77921175117679,26.86714979306467,0.9761903093690963,0.004688458375038349,14.65579,14.498238
5.890800160508208e+18,5.890800160508204e+18,215.5634682568603,-59.65071962514432,215.56582326295435,-59.65193792534243,24.22291639123525,24.25565951157673,-39.23019930106761,-86.3543343578137,-39.38441278571818,-86.76421516686608,0.43793158880983746,0.055742398252668766,15.475297,15.38606
3.973504219554185e+18,3.973497278887031e+18,173.98938211213883,17.018595731889,173.99673217190215,16.96808913777896,31.327189052075624,31.32633056063754,38.44107845879208,-35.45442923405949,36.11482054621839,-36.191567628549485,2.440255906343222,0.028423756199819267,14.389803,9.199025
4.6446075698993114e+17,4.6446075698993126e+17,42.8941888075774,59.374363805535815,42.89706633711536,59.37366824985839,27.53082588858385,27.54374576414841,396.93443471296536,-455.8598590712993,395.8271184264557,-457.5490152615608,2.019751963352992,0.017068908611691018,13.86588,13.6265
6.113245033659187e+18,6.113271494953274e+18,206.1051104172304,-40.33639324824518,206.11574996178857,-40.3107987427307,44.55249478139315,44.49798892649339,150.40659740027337,71.66126420292855,151.99121861941444,71.79768157881723,1.5904823509226644,0.02943909392680932,12.434232,13.259574
3.307650109600736e+18,3.307844864893938e+18,67.20948986265694,13.04753577613368,67.01894114867126,13.867854184261594,20.7158275616805,20.87561036886644,104.0662360049054,-14.900380463272183,102.26882886369415,-18.99106792317413,4.468153570086444,0.7966773042145286,4.974638,8.839648
3.568052370452024e+17,3.5680523704802e+17,30.791671210727845,48.619601342229,30.791265757885885,48.62017958289793,22.15703943122196,22.19159320554788,194.82126242609627,-44.93055738849361,195.68695584569232,-47.45195352571422,2.6658701351571694,0.07027588833077618,11.06447,7.582341
5.159136122072204e+18,5.159135847194297e+18,45.92079526841149,-12.842684271196314,45.95043389389092,-12.855834514595063,42.85049382630496,42.71715126201497,229.81715387242156,-112.35020101849476,233.6505964673634,-113.21812979787848,3.930468482865251,0.07398917557124578,12.251289,12.116814
1.0911604633044128e+18,1.0911614940965677e+18,123.5804926764486,63.07819179340877,123.44209372935848,63.10445290588818,22.548592489295523,22.4818160425374,144.95087440421585,111.4995765590128,143.63041217326213,112.23198336340708,1.5099802086445817,0.14185790290648503,12.295054,8.257529
3.026564158149724e+18,3.026564153851505e+18,113.10810463915028,-18.74415354010479,113.1070974079822,-18.74318971694616,21.13081633840183,21.07557482631661,6.185470724272201,-41.14770536618656,7.583344216117527,-43.41227508304391,2.6612640420881264,0.12404738189099881,9.238346,13.545031
3.361677950624312e+18,3.361271509279682e+18,105.90261200387918,17.854893204774605,105.97062315272856,17.414251256338396,26.341708015706438,26.28855499881368,-39.27049700696541,-53.66895140838511,-41.478763039223935,-54.10850890854995,2.251588253917218,0.3052057215590448,12.347296,15.446744
1.2289503327814252e+18,1.228950332781425e+18,216.6161260356638,14.974177239288265,216.614793478494,14.973269826955155,21.81177540882028,21.765508150760557,138.12239516656723,-348.95941611950747,140.32300875401768,-349.4228584298314,2.2488839312578888,0.09746536658506308,14.694498,13.270214
4.576954662448474e+16,3.3122816348297114e+18,64.05691179600716,16.796588846576263,64.55462493665708,16.098024004388698,20.590147840419927,20.725496302360657,109.61404156684677,-21.737954101547505,107.2614855943022,-23.893462096674515,3.190726299921628,0.7820329316597393,15.543332,14.750199
4.87839637934045e+18,4.878230146926103e+18,72.01320522233094,-29.61670331580272,72.15971940549584,-29.660004492797903,26.613129065970075,26.575336473371014,78.29360782569046,-76.808529243408,77.36180258928846,-76.79012618930487,0.9319869478627414,0.10318704219701531,10.162765,14.484471
3.8687650811944996e+18,3.868812020892719e+18,160.86751285107886,8.247431557487497,160.85816059453643,8.251534189499097,20.70642633985583,20.72518445518325,-37.90057187550698,-50.83089577287763,-35.1106600527332,-51.226649976736354,2.8178412603843985,0.04453493684688861,11.972707,12.264805
4.236276194243977e+18,4.23589593501995e+18,302.00810615195473,-0.6784855636592437,301.78874114649545,-0.8745533913132567,21.535668345288148,21.4360068681754,115.43545096801256,-67.71155502719736,115.29187207794315,-68.02023157464203,0.3404351753504909,0.3220572183552295,5.6894164,8.08785
3.314063908819076e+18,3.314212068010812e+18,66.35479242496689,17.91521008711174,67.37695672528574,17.863022648846673,21.447339313427232,21.438554423234333,109.61815254023466,-31.353316361727813,106.1192327332723,-32.02855957789507,3.5634804919535386,0.7931156203520483,10.60706,6.797135
3.3078448648922593e+18,3.307645131734449e+18,67.01839738870764,13.868048854275552,66.7269036563752,13.138103140203471,21.02113488986537,20.856250700610264,100.60360410082912,-14.953317279596014,104.6549179420714,-16.500474218532617,4.336685189628253,0.7532971478755236,12.487943,10.08551
6.668403989418902e+18,6.66840117191906e+18,308.0390033578336,-47.70250873104232,308.14112417426185,-47.72792737268475,31.889047501698837,31.89680150973612,99.30978377636843,-150.99335370287417,98.13693587159378,-147.97154840730502,3.24143169788661,0.04080938477420045,10.118611,12.85453
2.2948038824085222e+18,2.2948036032335375e+18,290.9435893135861,79.74377504394947,291.06524780906966,79.72702995582567,27.87048183764212,27.876307999012734,81.23875843219894,33.219755144097576,82.11003931957342,32.192188869019546,1.3472278331380338,0.018720043859733616,11.113997,10.895015
6.477350546874616e+18,6.47735054687497e+18,313.7852018163744,-52.12034558519428,313.7851766022099,-52.11924786466661,23.032311358235045,23.04276018098517,105.07883193975036,-110.67451935394092,104.16454189851906,-115.14305943090434,4.561115729612984,0.019705276522622127,6.9388075,10.203531
1.05848996564896e+16,1.0584899657116672e+16,49.36045108722939,7.655137630235867,49.3606888568276,7.655782956901497,21.351315962028497,21.272281275292496,168.61135321157906,-6.511926875699346,166.35672958126955,-6.3048898334079615,2.264109549299856,0.17401283878944052,12.036097,7.2656646
3.7785691917255434e+18,3.778570737913769e+18,155.212101334883,-6.577916905077849,155.20264464795292,-6.555554762851363,31.780807064228267,31.838775933637365,-182.45543612849903,-25.2098303752223,-183.9452901083285,-25.159383493693305,1.4907078080796679,0.058814771956189386,13.601314,13.560667
4.699498669328064e+16,4.699498669328051e+16,62.32291191813896,18.56467844753016,62.32362671471745,18.56519103703514,20.855021464612484,20.864354331736003,155.48553896326223,-112.747525795355,153.18677849745347,-112.0777796324158,2.39433907413655,0.02146040450449734,15.417392,15.743759
6.12461570617151e+18,6.12461570617151e+18,213.05697900702603,-31.97684430226232,213.0587305796618,-31.976639684498267,22.753589013910418,22.63825743865901,-89.86383040377754,-257.3520633100003,-88.39472020095943,-260.5894251536868,3.5551085067803094,0.223903602993441,14.128093,16.217957
1.651646445525996e+18,1.6516455178130565e+18,266.959339799897,73.17586889926459,266.9098890236321,73.13237674091611,24.263462777946422,24.266096451289663,52.74411570155921,-66.57085650808651,53.22067192423095,-68.15808961510615,1.65723105491853,0.03324008607402962,14.337989,7.617218
4.2190876664043786e+18,4.219087700764116e+18,304.5415674470679,-4.728759642640448,304.5559070178759,-4.724565115477229,25.104027582611064,25.01511712022501,-27.61375479715629,-21.32864898517797,-29.237598536187065,-20.46525881585502,1.8391060527530658,0.14196111923449456,7.1477184,16.642736
5.684984503019405e+18,5.684984503019405e+18,144.08900304484433,-17.035726127542947,144.08721348265496,-17.034500804719894,24.710315218935435,24.711799692449123,-8.105507836756189,-116.34207899696064,-11.32059542061987,-116.81096398782452,3.249098537528807,0.0028494484990754755,13.901385,14.032018
9.033485871944513e+17,9.033482736633364e+17,125.359916078974,34.30643525011245,125.33689011665022,34.310539920817135,22.23200219912183,22.135751625073134,-117.34956318069813,-105.90222264645564,-117.31201873989642,-106.33819052496015,0.43758150797633033,0.19618090842863395,11.345388,12.372727
3.5844831930328924e+18,3.584483193032871e+18,186.593073797624,-6.135202113669498,186.5924871672214,-6.134579967649028,26.244149474337743,26.080136436263206,59.37223462267888,-26.069953681853207,58.546071282763705,-21.30917356499829,4.8319326552903155,0.2396278193546476,14.944877,12.8814745
5.546512524016835e+18,5.546512524028888e+18,123.63212256006008,-34.19497536179612,123.63237723321063,-34.194922711466326,24.08265645872383,24.194023221391483,-91.00461024173002,94.8132430100499,-89.61448371533933,98.0545070684398,3.5267895394515985,0.19113633673195396,14.785928,14.876556
5.286733213822498e+18,5.286733316901715e+18,106.71898907646064,-62.35343604948742,106.74525448096122,-62.353155400276925,21.67964426483801,21.594430963685053,-2.5457336130897588,-39.79374145761074,-4.703715569939357,-39.09089739129815,2.2695541208878987,0.1822830796951708,14.127222,13.787326
3.4850986462370033e+18,3.4850986462370033e+18,173.17110191966316,-26.86930398042864,173.1714897627468,-26.86566666910962,21.62853815609958,21.75850443711053,-91.04280302104688,-24.160059961208447,-90.60589402728536,-27.382026806180413,3.2514550310481476,0.27618436212501807,13.326248,11.233751
5.1570892524318656e+17,5.157089252431871e+17,41.08321725783182,64.17697320518192,41.07931380089984,64.17469820057684,24.18495991307828,24.19787145445145,72.22523967211214,-17.07155092885151,73.67241403694327,-17.44168340156295,1.493757573898744,0.02215749840837831,9.220262,10.502589
1.3916304998149565e+18,1.391630499814956e+18,227.6735766823961,38.94412708256779,227.6774662994822,38.94518611638834,20.484131616813087,20.43570268081611,-114.13481923249574,-17.41096089974056,-112.5591752810771,-16.289145335086673,1.9341985479112185,0.11572283019393573,16.973177,9.215146
4.377596526839033e+18,4.377597351472761e+18,252.79873298867489,-4.093945321603983,252.7696820264931,-4.073616060783196,20.66296831876479,20.692545852755565,-60.2926296251128,-0.0556216676516779,-61.00934622812319,0.2097046737275915,0.7642517624843671,0.07535232318843013,14.678359,16.616438
3.65987838897531e+18,3.6598783889753103e+18,213.04732112159016,-0.5868352211180526,213.0425896249644,-0.5834042132610258,37.27961462392607,37.02980973853863,-716.123306004056,232.4671063893169,-713.8217094145562,233.04980805874905,2.374213153100655,0.18097892651316405,17.209795,12.2737665
5.65271816607327e+18,5.652718097353105e+18,133.48779424613866,-24.78164536824982,133.493382531735,-24.781594568082955,38.82200060117443,38.84366554322278,611.5039629895712,157.30396714753647,613.5243984833189,155.62161020406546,2.6291604115460205,0.014546643532472812,15.796214,17.92861
1.8093594657171425e+18,1.809360187275433e+18,302.8033158829933,16.187328928219863,302.7733874124184,16.189769110792366,48.928187148304985,48.92621072992387,-417.297549637186,399.6076805682804,-415.0623232904305,398.486934374468,2.500461727796473,0.01032271489922732,12.614017,7.1130667
6.167520539672728e+18,6.167520539672728e+18,199.09129014708043,-33.79686845666522,199.0863434414862,-33.789365608446005,25.900797736357447,25.84213494963438,14.35261064768596,-205.82915537260203,14.863191780448023,-207.00967997894207,1.2862081632873061,0.08783361994554957,11.084197,14.587656
4.077007090305058e+18,4.0770070515768556e+18,276.82639445629934,-25.068307660594744,276.8271430659885,-25.074138370090388,23.69973528948616,23.714005389993687,-78.74868601614055,-191.43642401190328,-81.9826981494216,-190.76784996656272,3.3023969677057354,0.025756073935374584,11.541073,10.482788
4.905653753628237e+18,4.905653684908761e+18,1.4900189512915247,-61.06514037832574,1.4852587511827535,-61.07017344053435,28.72973037508595,28.74006372115146,503.26542814728606,40.08231972631231,505.5227486752916,41.2875930699076,2.5589411480017707,0.012958416070892204,15.290899,13.348015
1.5328479937149778e+18,1.5328472678648148e+18,183.7624331856537,39.23993681907864,183.771195564589,39.24587199388009,23.075512133489045,22.98829302429993,-175.32124703072844,-115.58550223916944,-175.48276800290247,-115.25997481550552,0.3633966538224021,0.16456146922490741,13.558558,17.09881
1.4460610670333711e+18,1.4460610670333714e+18,198.86178800159468,23.570783202146018,198.8619847551817,23.57155514108268,22.717831236983564,22.64997454770058,-168.18834783033495,66.80239313353611,-165.60907899209053,65.56055872023796,2.862652694615654,0.13187507647091753,12.921474,14.523581
2.9986434691061437e+18,2.998643469106143e+18,87.42425517039321,-12.056914971126906,87.42810743464118,-12.056663848018458,20.972076080887145,20.688794090105063,2.9454670112917185,64.95125100074247,2.655743136398842,66.5148443096545,1.5902087785436927,0.6529011932610623,16.488422,14.01742
4.941694920153721e+18,4.941706632527782e+18,27.19960802308655,-48.5212250327193,27.171105374709903,-48.51465935419393,25.63074195733733,25.61879187581069,110.6249675764784,-53.59268964836723,110.88407651109566,-54.04572860286462,0.5219020351470027,0.022728087798880272,13.544778,11.678178
1.5723660221659822e+18,1.5723660221659822e+18,187.3009296583455,53.546401642821486,187.29983334526224,53.55230849598321,39.90782525036715,39.95085404095616,-1221.3944090088185,134.7766729409008,-1222.9789085613538,136.7423468656601,2.524779754842667,0.027112984445099374,12.862367,15.945536
6.458951765971501e+18,6.458952345790198e+18,325.99500210330194,-57.32548219576969,326.00061675321734,-57.28328960332869,22.54260342602801,22.59447066207429,-116.54140853320824,-52.78002623541838,-115.25347158813142,-53.05738550913176,1.3174633737636243,0.10695824229972438,6.3742285,6.747615
3.3111488286158433e+18,3.312025001943976e+18,65.88522390284595,14.67039844789645,65.80253436758252,15.712784182546748,21.47606756520902,21.566208065928656,109.24196419712032,-17.947133876529186,112.2485024763629,-21.56015783535826,4.700341961136853,0.8698728892911387,8.887173,14.3163395
5.644704148191872e+16,5.644703718487782e+16,54.38973925500236,17.8539074324156,54.39205181371235,17.84999849974355,25.82853478298892,25.775210655900946,170.32935900982085,-30.08346549240269,170.3039669922194,-28.090225505997005,1.9934017151503647,0.08015547879769959,11.686154,12.079176
1.4844033395982003e+18,1.4844048857859128e+18,214.33147380920732,37.86264187952823,214.36598893731167,37.88710610410432,20.300905286760557,20.429177942402102,49.17443692118347,82.44948624011346,48.96015614497949,79.765124388085,2.6929008157888474,0.3108792896369283,12.856521,14.01361
5.236196498362395e+18,5.236197322996128e+18,178.8149560951789,-66.4093622718791,178.6861453945264,-66.37649141251462,22.742132116789872,22.71108224132612,12.645406849013336,-63.2469312576652,13.790112216723855,-65.68960139505192,2.6975892531936987,0.07629230519760385,8.246061,6.2925906
3.407257105639932e+18,3.4073951931331615e+18,75.3132526482542,17.6938536002409,75.23049513019481,18.80722002439394,23.275160966406222,23.192571884782797,86.07502432452249,-39.84303362723646,85.91398749326216,-42.78104192789036,2.9424183311918064,0.852275732111419,15.517889,15.499721
4.2674221932645837e+18,4.267422193264247e+18,287.6578963651,1.5385233847124058,287.6599001305665,1.5353478259946074,29.058173493250592,29.01760159619796,-162.43762477017975,-196.71570953644624,-163.23312595396786,-196.66386683427095,0.7971886848024824,0.04816955100872514,15.8585825,11.316006
6.377601683771008e+18,6.377601683771009e+18,352.680882244766,-76.0555203370207,352.67739426651764,-76.06267318582236,21.154873376692645,21.193099964938916,173.65347733212803,-32.726158081666725,174.12454863179104,-34.974193273773395,2.2968609871553545,0.0854694192266434,15.492831,13.956857
4.173976731543941e+18,4.1739767315439416e+18,271.9620159075284,-4.512021202273498,271.95990567691484,-4.512358269293595,30.300229860472008,30.314645528859785,-192.9934442892182,-60.52578863112508,-192.904504553008,-60.01815946517723,0.5153616660152877,0.015741983287232243,13.684974,12.816434
2.0375249604442245e+18,2.0375222846880369e+18,287.961562949686,28.83544352028713,288.04743261052226,28.854397160581456,21.10954944664024,20.933712817014168,-23.76933352717236,0.053872494840973,-23.679132680070044,3.0164031132340003,2.963903483201528,0.4030872238390178,12.372563,13.22925
3.103325050611099e+18,3.103325046315851e+18,98.0963703164778,-5.8690025705088775,98.0976516804146,-5.869045184187807,22.686128659372493,22.64917064166228,-0.3564121475841354,-41.327879213980495,3.2369693431515767,-38.72301444173525,4.438210339725492,0.07193436997935822,5.5445447,11.952565
4.0359986394814177e+18,4.0359984333229783e+18,272.41766868565963,-38.39204600746062,272.42012610775765,-38.395509311148366,21.17494438480834,21.17287428920042,29.224323287918395,16.707575206952612,27.138504412068237,20.39673459861177,4.237987423284758,0.005655925267022515,10.604401,10.804051
1.4567457473995187e+17,1.452931816430382e+17,66.34285323849276,22.29367359328652,66.58045411387285,21.468743547714656,20.91185281250576,20.73851328551254,104.35453085558618,-44.435815183648266,105.14685435985736,-40.66028703373777,3.857769996537788,0.8196832918034113,4.167236,15.070739
6.018950572865688e+18,6.018950542798498e+18,247.6113878147762,-36.56624345628772,247.6107360949348,-36.56646928213,59.47430335553116,59.6604773879605,-425.2841446898214,-166.11222494027044,-423.10950482866406,-167.69554978670817,2.6899769692474154,0.052469293716071654,13.68547,14.135478
4.674216245427965e+18,4.674216245427964e+18,55.46312766709702,-62.765402426775736,55.45900041524187,-62.76727286183441,25.52214370479875,25.58174404360941,-102.7001947871905,-42.88531021885115,-102.3927185063219,-44.06580891146139,1.219884759537253,0.091303477217833,15.816505,9.3899145
1.1839804102847862e+18,1.1839803716306616e+18,227.2957240388243,15.222800881999106,227.28905859605788,15.218723047585678,21.89270636523098,21.933077750126515,-569.8955936399311,58.631465652984986,-571.5629944369132,55.78076525576535,3.302532085004565,0.08429501026536203,15.446187,12.445346
5.846206030463663e+18,5.846206202262356e+18,211.5339792183295,-69.95755326218992,211.55287100163025,-69.95496776009925,27.916679168210628,27.844459749248543,-147.47834403336932,-36.794557548130825,-148.80076128478714,-38.56766987152473,2.2119481680678645,0.09301010156385207,16.246998,16.961794
4.39862338105108e+18,4.3986233810466596e+18,239.9257450522445,-5.07664536352076,239.9313373243902,-5.08283016574749,28.49776778104807,28.406143195906477,-106.37969912204848,-91.12658344708416,-107.99483632869716,-87.72367957198527,3.766752311934503,0.11330011471485042,8.764801,12.822207
3.562026355230595e+18,3.562026355228972e+18,171.81600441024474,-13.14257538329087,171.81578505951012,-13.142971889087177,24.31031953847752,24.20406526434553,-287.42778071676935,-113.32490577454855,-283.9676701644949,-113.99611409622524,3.524611417596128,0.18057936664325314,15.397015,15.1163645
5.81441605691614e+18,5.814416056916141e+18,255.53882365063396,-67.57953277783221,255.5409032192,-67.57608083031414,24.193002746963117,24.18295313147023,-20.36059426103717,-99.5267269669558,-20.378758914422527,-99.32987835109766,0.1976849316409253,0.01736620846474237,12.744769,13.665405
3.264445830979264e+18,3.264445830979881e+18,52.30958241010141,0.4166242592605669,52.308381864188746,0.4177075834908939,23.132629846179363,23.170052729080226,52.01350658687082,98.81592475674206,50.839911917841,98.16571396418368,1.3416775029546437,0.06983150395112993,8.920615,14.4551115
6.296316300957155e+18,6.296317052576778e+18,213.0987889910754,-18.719054237187272,213.08541806996297,-18.712081769044417,29.91044261759594,30.05643854888609,121.03185805342156,-113.6998680703822,120.95347079389724,-116.00343098208194,2.3048962342401293,0.16261577477095898,14.779885,16.949068
5.46763926355383e+18,5.467640122547291e+18,157.97403871737723,-28.275120114921968,157.9524138203198,-28.23711795902511,23.23429461901694,23.2553112679793,-81.33496427306527,-3.943484524232265,-81.40986502008063,-3.711967319677144,0.24333174455561105,0.050315781310506166,12.920866,5.920658
3.312613000147192e+18,3.3126525138462444e+18,67.93658293586253,15.630149907181586,68.20929931916466,16.00568312875324,21.928109289904448,21.986514300716408,104.99937028732845,-31.718638053931382,101.05427327696728,-29.529461832054025,4.511793762085523,0.3837677576813748,13.436778,8.728549
3.7958634444786913e+18,3.795863646341436e+18,175.70326301826157,0.4905864523254736,175.6974485674961,0.4949497693599893,32.37473394337615,32.49432946737848,62.48122744421143,-23.03949546524719,65.18688051704535,-19.35816134979508,4.568673704712039,0.11375174764551625,12.908972,12.592569
6.217578868840937e+17,6.217579513086538e+17,152.66447740852,16.036971193629416,152.65995641196233,16.03971622781324,21.065613462832207,21.04122170187714,-225.0658580819482,-105.00075582797731,-227.1788850284485,-106.2205316763156,2.439822943745255,0.05519451250902954,8.233876,13.303153
6.189865983202922e+18,6.189864123481469e+18,202.73116490750084,-25.980489823606383,202.7367722404777,-26.03440174092337,24.5886814043799,24.590387074053098,1.1410520505790591,125.43325347694956,0.2744883957863244,125.37105173808,0.8687931998618192,0.038536098215563676,10.621855,11.845734
3.1149500453199084e+18,3.1149500496135455e+18,109.01552263315168,1.9986470694482652,109.01520354587518,1.996415684995916,21.80486261716168,21.78406811510357,50.60449633906592,-136.987548292479,47.185838562351,-135.9372203951974,3.576368225742618,0.04381522508973512,12.047176,15.509581
6.042368388128986e+18,6.042369178401572e+18,243.81273615243293,-27.26228514411875,243.82924260790395,-27.210861966488896,28.090906956289277,28.083076853081597,-59.62594219016573,-136.75347811185395,-62.6861467148818,-135.190784155719,3.43611177548598,0.0346810471350456,10.669107,7.385673
3.2771756029452365e+18,3.2771756029452365e+18,57.89443718332552,7.373644697552412,57.89330364782346,7.373053725634998,27.653129103681408,27.63615539801244,172.28023367599246,3.0935216521011792,173.3812932370915,3.3579536391559106,1.1323676226673671,0.02222478611594238,13.711104,15.030052
3.313751441358252e+18,3.3127835618880686e+18,66.57982992496277,17.05047474838996,66.40598637273915,15.94090753969732,21.204050746536424,21.10764322783181,101.85154123967044,-28.253993605040456,102.95013743101792,-26.0262116770142,2.483933555971975,0.9503697679987282,16.338469,6.341617
4.742040513540707e+18,4.742040410461492e+18,40.44779659754213,-52.991897281837694,40.445863483694914,-52.99795055090574,23.07511711604478,22.93705092275966,93.85213904962418,-11.789632775803083,97.93998446483556,-14.129332860952957,4.7100612126717625,0.2609009318341792,11.0818,9.750537
3.629711603840863e+18,3.629711603840863e+18,195.6866104147548,-5.9545804828481534,195.6935847654086,-5.954474363604094,26.888873128250903,26.81051465754113,-91.22748796584682,-146.12375968839305,-92.34036115133192,-146.25343724171265,1.1204030501594995,0.10878816842512562,14.806694,11.592988
3.3136063401832433e+18,3.3128420421629937e+18,65.98260314349544,16.354077059105514,67.2190620079301,15.981472635522984,22.088260260658192,22.15827839888896,114.60982694374128,-27.79161336804319,110.42404683449864,-27.23903776948722,4.222096033376176,0.9922551570190004,14.329463,11.251079
6.495283551480467e+17,6.49528355148046e+17,125.02536280260055,12.396093164684505,125.02939251559832,12.39732961591512,20.105275927880157,20.08780828109332,28.50291321830307,-21.20731267126148,29.97574117283777,-21.601632087659457,1.5246999658317373,0.043398710456864796,13.20112,9.851887
8.423611854633377e+17,8.423611854633379e+17,169.01800050871583,52.77341787189391,169.01640866432612,52.77671130333957,25.746869125645485,25.743043246945746,162.0097006439717,57.51269436036077,161.19818518410835,52.80159508812632,4.780482579661304,0.0062233719959968485,6.392658,7.8890667
6.637022793692833e+18,6.637022759333089e+18,283.2160475423583,-57.13046822135004,283.23868893100126,-57.14063936003063,39.06583074216613,39.04122793954832,-246.1014172018675,-771.7713576383443,-250.73592624881655,-772.8967097180368,4.769181419229204,0.017635883044026357,11.094665,15.794403
8.11947108994207e+17,8.119470789311793e+17,139.82794371964084,38.52314527833168,139.82759580927464,38.52107982875901,51.72688058788411,51.736767906469005,-238.97412138863396,-1.2417359063752853,-234.5492213294861,-0.9612695841710568,4.43377963946535,0.0037608256022703917,13.169245,13.049586
