WARNING: NoResultsWarning: No objects were found with the query constraints. [astroquery.imcce.core]
Candidate discovery at RA=187.2, Dec=4.6, Night=55626
  MJD=55626.21626 RA=187.35810 Dec=4.59529 Mag=16.22
  MJD=55626.30525 RA=187.35130 Dec=4.57613 Mag=16.98
  MJD=55626.44482 RA=187.34163 Dec=4.54640 Mag=20.76
WARNING: NoResultsWarning: No objects were found with the query constraints. [astroquery.imcce.core]
Candidate discovery at RA=187.2, Dec=4.6, Night=55626
  MJD=55626.21948 RA=187.06703 Dec=4.45089 Mag=20.07
  MJD=55626.26398 RA=187.06678 Dec=4.44582 Mag=17.45
  MJD=55626.30799 RA=187.06667 Dec=4.44153 Mag=17.41
WARNING: NoResultsWarning: No objects were found with the query constraints. [astroquery.imcce.core]
Candidate discovery at RA=187.2, Dec=4.6, Night=55626
  MJD=55626.21948 RA=187.07537 Dec=4.44480 Mag=19.42
  MJD=55626.26398 RA=187.05973 Dec=4.44610 Mag=18.49
  MJD=55626.39684 RA=187.01358 Dec=4.45076 Mag=20.53
WARNING: NoResultsWarning: No objects were found with the query constraints. [astroquery.imcce.core]
Candidate discovery at RA=187.2, Dec=4.6, Night=55626
  MJD=55626.21948 RA=187.06703 Dec=4.45089 Mag=20.07
  MJD=55626.30799 RA=187.06646 Dec=4.45111 Mag=20.83
  MJD=55626.35174 RA=187.06665 Dec=4.45025 Mag=20.93
WARNING: NoResultsWarning: No objects were found with the query constraints. [astroquery.imcce.core]
Candidate discovery at RA=187.2, Dec=4.6, Night=55626
  MJD=55626.21948 RA=187.05846 Dec=4.45006 Mag=20.13
  MJD=55626.39684 RA=187.13475 Dec=4.44853 Mag=17.93
  MJD=55626.44643 RA=187.15513 Dec=4.44812 Mag=17.85
WARNING: NoResultsWarning: No objects were found with the query constraints. [astroquery.imcce.core]
Candidate discovery at RA=187.2, Dec=4.6, Night=55626
  MJD=55626.26073 RA=187.34829 Dec=4.58545 Mag=16.44
  MJD=55626.30525 RA=187.35130 Dec=4.57613 Mag=16.98
  MJD=55626.39527 RA=187.35649 Dec=4.55694 Mag=19.83
WARNING: NoResultsWarning: No objects were found with the query constraints. [astroquery.imcce.core]
Candidate discovery at RA=187.2, Dec=4.6, Night=55626
  MJD=55626.26073 RA=187.35220 Dec=4.59044 Mag=19.68
  MJD=55626.39684 RA=187.36521 Dec=4.54035 Mag=20.21
  MJD=55626.44643 RA=187.36999 Dec=4.52163 Mag=20.31
WARNING: NoResultsWarning: No objects were found with the query constraints. [astroquery.imcce.core]
Candidate discovery at RA=187.2, Dec=4.6, Night=55626
  MJD=55626.26398 RA=187.31038 Dec=4.44574 Mag=17.50
  MJD=55626.35174 RA=187.33659 Dec=4.50677 Mag=21.02
  MJD=55626.44482 RA=187.36490 Dec=4.57102 Mag=20.35
WARNING: NoResultsWarning: No objects were found with the query constraints. [astroquery.imcce.core]
Candidate discovery at RA=187.2, Dec=4.6, Night=55626
  MJD=55626.26398 RA=187.37021 Dec=4.44599 Mag=19.00
  MJD=55626.39684 RA=187.34539 Dec=4.44822 Mag=17.60
  MJD=55626.44643 RA=187.33617 Dec=4.44809 Mag=20.23
WARNING: NoResultsWarning: No objects were found with the query constraints. [astroquery.imcce.core]
Candidate discovery at RA=187.2, Dec=4.6, Night=55626
  MJD=55626.26398 RA=187.37162 Dec=4.44605 Mag=18.92
  MJD=55626.39684 RA=187.34539 Dec=4.44822 Mag=17.60
  MJD=55626.44643 RA=187.33617 Dec=4.44809 Mag=20.23
WARNING: NoResultsWarning: No objects were found with the query constraints. [astroquery.imcce.core]
Candidate discovery at RA=187.2, Dec=4.6, Night=55626
  MJD=55626.30525 RA=187.23561 Dec=4.61377 Mag=20.38
  MJD=55626.39684 RA=187.20225 Dec=4.62156 Mag=20.73
  MJD=55626.44643 RA=187.18462 Dec=4.62524 Mag=21.08
WARNING: NoResultsWarning: No objects were found with the query constraints. [astroquery.imcce.core]
Candidate discovery at RA=189.2, Dec=7.9, Night=55336
  MJD=55336.24479 RA=189.26386 Dec=7.92572 Mag=20.61
  MJD=55336.27331 RA=189.26401 Dec=7.92250 Mag=20.56
  MJD=55336.36269 RA=189.26389 Dec=7.91210 Mag=19.24
WARNING: NoResultsWarning: No objects were found with the query constraints. [astroquery.imcce.core]
Candidate discovery at RA=189.2, Dec=7.9, Night=55336
  MJD=55336.24479 RA=189.30614 Dec=8.05630 Mag=20.95
  MJD=55336.33491 RA=189.30571 Dec=8.06227 Mag=19.22
  MJD=55336.36269 RA=189.30569 Dec=8.06366 Mag=18.70
WARNING: NoResultsWarning: No objects were found with the query constraints. [astroquery.imcce.core]
Candidate discovery at RA=189.2, Dec=7.9, Night=55336
  MJD=55336.25264 RA=189.36543 Dec=8.07811 Mag=20.42
  MJD=55336.29073 RA=189.36566 Dec=8.08126 Mag=19.45
  MJD=55336.31981 RA=189.36583 Dec=8.08468 Mag=20.21
WARNING: NoResultsWarning: No objects were found with the query constraints. [astroquery.imcce.core]
Candidate discovery at RA=189.2, Dec=7.9, Night=55336
  MJD=55336.25264 RA=189.36544 Dec=8.08601 Mag=19.79
  MJD=55336.29073 RA=189.36552 Dec=8.09237 Mag=20.73
  MJD=55336.31981 RA=189.36578 Dec=8.09826 Mag=20.08
WARNING: NoResultsWarning: No objects were found with the query constraints. [astroquery.imcce.core]
Candidate discovery at RA=189.2, Dec=7.9, Night=55336
  MJD=55336.25264 RA=189.36544 Dec=8.08601 Mag=19.79
  MJD=55336.29073 RA=189.36566 Dec=8.08126 Mag=19.45
  MJD=55336.31981 RA=189.36585 Dec=8.07761 Mag=20.98
WARNING: NoResultsWarning: No objects were found with the query constraints. [astroquery.imcce.core]
Candidate discovery at RA=189.2, Dec=7.9, Night=55336
  MJD=55336.25264 RA=189.36601 Dec=7.96102 Mag=19.95
  MJD=55336.29073 RA=189.36611 Dec=7.98283 Mag=20.59
  MJD=55336.31981 RA=189.36617 Dec=7.99923 Mag=19.94
WARNING: NoResultsWarning: No objects were found with the query constraints. [astroquery.imcce.core]
Candidate discovery at RA=189.2, Dec=7.9, Night=55336
  MJD=55336.25264 RA=189.08081 Dec=7.86357 Mag=20.54
  MJD=55336.29073 RA=189.08091 Dec=7.86714 Mag=19.91
  MJD=55336.31981 RA=189.08062 Dec=7.86995 Mag=19.10
WARNING: NoResultsWarning: No objects were found with the query constraints. [astroquery.imcce.core]
Candidate discovery at RA=189.2, Dec=7.9, Night=55336
  MJD=55336.25264 RA=189.28730 Dec=8.00174 Mag=20.16
  MJD=55336.29073 RA=189.28744 Dec=7.99853 Mag=19.79
  MJD=55336.34829 RA=189.28758 Dec=7.99389 Mag=19.55
WARNING: NoResultsWarning: No objects were found with the query constraints. [astroquery.imcce.core]
Candidate discovery at RA=189.2, Dec=7.9, Night=55336
  MJD=55336.25264 RA=189.36613 Dec=7.94218 Mag=20.27
  MJD=55336.29073 RA=189.36633 Dec=7.93272 Mag=21.04
  MJD=55336.34829 RA=189.36641 Dec=7.91834 Mag=20.91
WARNING: NoResultsWarning: No objects were found with the query constraints. [astroquery.imcce.core]
Candidate discovery at RA=189.2, Dec=7.9, Night=55336
  MJD=55336.25264 RA=189.08081 Dec=7.86357 Mag=20.54
  MJD=55336.29073 RA=189.08091 Dec=7.86714 Mag=19.91
  MJD=55336.34829 RA=189.08078 Dec=7.87190 Mag=19.77
WARNING: NoResultsWarning: No objects were found with the query constraints. [astroquery.imcce.core]
Candidate discovery at RA=189.2, Dec=7.9, Night=55336
  MJD=55336.25264 RA=189.36565 Dec=8.03495 Mag=20.05
  MJD=55336.30282 RA=189.36661 Dec=8.06679 Mag=19.56
  MJD=55336.31981 RA=189.36585 Dec=8.07761 Mag=20.98
WARNING: NoResultsWarning: No objects were found with the query constraints. [astroquery.imcce.core]
Candidate discovery at RA=189.2, Dec=7.9, Night=55336
  MJD=55336.25264 RA=189.34160 Dec=7.92209 Mag=20.02
  MJD=55336.31981 RA=189.34159 Dec=7.93576 Mag=18.63
  MJD=55336.34829 RA=189.34174 Dec=7.94228 Mag=20.15
WARNING: NoResultsWarning: No objects were found with the query constraints. [astroquery.imcce.core]
Candidate discovery at RA=189.2, Dec=7.9, Night=55336
  MJD=55336.25264 RA=189.36565 Dec=8.03495 Mag=20.05
  MJD=55336.31981 RA=189.36585 Dec=8.07761 Mag=20.98
  MJD=55336.34829 RA=189.36569 Dec=8.09500 Mag=20.50
WARNING: NoResultsWarning: No objects were found with the query constraints. [astroquery.imcce.core]
Candidate discovery at RA=189.2, Dec=7.9, Night=55336
  MJD=55336.25264 RA=189.36601 Dec=7.96102 Mag=19.95
  MJD=55336.31981 RA=189.36651 Dec=7.93048 Mag=20.91
  MJD=55336.34829 RA=189.36641 Dec=7.91834 Mag=20.91
WARNING: NoResultsWarning: No objects were found with the query constraints. [astroquery.imcce.core]
Candidate discovery at RA=189.2, Dec=7.9, Night=55336
  MJD=55336.25264 RA=189.36601 Dec=7.96102 Mag=19.95
  MJD=55336.31981 RA=189.36664 Dec=7.91412 Mag=20.43
  MJD=55336.34829 RA=189.36662 Dec=7.89329 Mag=20.56
WARNING: NoResultsWarning: No objects were found with the query constraints. [astroquery.imcce.core]
Candidate discovery at RA=189.2, Dec=7.9, Night=55336
  MJD=55336.25264 RA=189.36612 Dec=7.95058 Mag=20.11
  MJD=55336.31981 RA=189.36616 Dec=7.99252 Mag=19.61
  MJD=55336.34829 RA=189.36617 Dec=8.01117 Mag=20.46
WARNING: NoResultsWarning: No objects were found with the query constraints. [astroquery.imcce.core]
Candidate discovery at RA=189.2, Dec=7.9, Night=55336
  MJD=55336.25264 RA=189.08081 Dec=7.86357 Mag=20.54
  MJD=55336.31981 RA=189.08062 Dec=7.86995 Mag=19.10
  MJD=55336.34829 RA=189.08078 Dec=7.87190 Mag=19.77
WARNING: NoResultsWarning: No objects were found with the query constraints. [astroquery.imcce.core]
Candidate discovery at RA=189.2, Dec=7.9, Night=55336
  MJD=55336.25264 RA=189.27541 Dec=7.85908 Mag=20.32
  MJD=55336.31981 RA=189.29136 Dec=7.85117 Mag=17.11
  MJD=55336.34829 RA=189.29773 Dec=7.84709 Mag=19.85
WARNING: NoResultsWarning: No objects were found with the query constraints. [astroquery.imcce.core]
Candidate discovery at RA=189.2, Dec=7.9, Night=55336
  MJD=55336.27331 RA=189.20342 Dec=7.96942 Mag=18.86
  MJD=55336.30282 RA=189.20345 Dec=7.97743 Mag=19.21
  MJD=55336.33491 RA=189.20347 Dec=7.98674 Mag=19.07
WARNING: NoResultsWarning: No objects were found with the query constraints. [astroquery.imcce.core]
Candidate discovery at RA=189.2, Dec=7.9, Night=55336
  MJD=55336.27331 RA=189.30513 Dec=8.06094 Mag=19.82
  MJD=55336.33491 RA=189.30571 Dec=8.06227 Mag=19.22
  MJD=55336.36269 RA=189.30569 Dec=8.06366 Mag=18.70
WARNING: NoResultsWarning: No objects were found with the query constraints. [astroquery.imcce.core]
Candidate discovery at RA=189.2, Dec=7.9, Night=55336
  MJD=55336.29073 RA=189.36586 Dec=8.03674 Mag=20.73
  MJD=55336.31981 RA=189.36617 Dec=8.02420 Mag=20.20
  MJD=55336.34829 RA=189.36617 Dec=8.01117 Mag=20.46
WARNING: NoResultsWarning: No objects were found with the query constraints. [astroquery.imcce.core]
Candidate discovery at RA=189.2, Dec=7.9, Night=55336
  MJD=55336.29073 RA=189.36612 Dec=7.97722 Mag=20.14
  MJD=55336.31981 RA=189.36633 Dec=7.95836 Mag=20.30
  MJD=55336.34829 RA=189.36643 Dec=7.93899 Mag=20.32
WARNING: NoResultsWarning: No objects were found with the query constraints. [astroquery.imcce.core]
Candidate discovery at RA=189.2, Dec=7.9, Night=55336
  MJD=55336.29073 RA=189.36633 Dec=7.93272 Mag=21.04
  MJD=55336.31981 RA=189.36651 Dec=7.93048 Mag=20.91
  MJD=55336.34829 RA=189.36651 Dec=7.92840 Mag=20.56
WARNING: NoResultsWarning: No objects were found with the query constraints. [astroquery.imcce.core]
Candidate discovery at RA=189.2, Dec=7.9, Night=55336
  MJD=55336.29073 RA=189.36639 Dec=7.92179 Mag=20.63
  MJD=55336.31981 RA=189.36651 Dec=7.93048 Mag=20.91
  MJD=55336.34829 RA=189.36643 Dec=7.93899 Mag=20.32
WARNING: NoResultsWarning: No objects were found with the query constraints. [astroquery.imcce.core]
Querying for image metadata...
Found 55508 images.
Starting systematic search across 100 regions...

*** POSSIBLE NEW DISCOVERY! ***
Region: RA=187.2, Dec=4.6, Night=55626
  MJD=55626.21626 RA=187.35810 Dec=4.59529 Mag=16.22
  MJD=55626.30525 RA=187.35130 Dec=4.57613 Mag=16.98
  MJD=55626.44482 RA=187.34163 Dec=4.54640 Mag=20.76

*** POSSIBLE NEW DISCOVERY! ***
Region: RA=187.2, Dec=4.6, Night=55626
  MJD=55626.21948 RA=187.06703 Dec=4.45089 Mag=20.07
  MJD=55626.26398 RA=187.06678 Dec=4.44582 Mag=17.45
  MJD=55626.30799 RA=187.06667 Dec=4.44153 Mag=17.41

*** POSSIBLE NEW DISCOVERY! ***
Region: RA=187.2, Dec=4.6, Night=55626
  MJD=55626.21948 RA=187.07537 Dec=4.44480 Mag=19.42
  MJD=55626.26398 RA=187.05973 Dec=4.44610 Mag=18.49
  MJD=55626.39684 RA=187.01358 Dec=4.45076 Mag=20.53

*** POSSIBLE NEW DISCOVERY! ***
Region: RA=187.2, Dec=4.6, Night=55626
  MJD=55626.21948 RA=187.06703 Dec=4.45089 Mag=20.07
  MJD=55626.30799 RA=187.06646 Dec=4.45111 Mag=20.83
  MJD=55626.35174 RA=187.06665 Dec=4.45025 Mag=20.93

*** POSSIBLE NEW DISCOVERY! ***
Region: RA=187.2, Dec=4.6, Night=55626
  MJD=55626.21948 RA=187.05846 Dec=4.45006 Mag=20.13
  MJD=55626.39684 RA=187.13475 Dec=4.44853 Mag=17.93
  MJD=55626.44643 RA=187.15513 Dec=4.44812 Mag=17.85

*** POSSIBLE NEW DISCOVERY! ***
Region: RA=187.2, Dec=4.6, Night=55626
  MJD=55626.26073 RA=187.34829 Dec=4.58545 Mag=16.44
  MJD=55626.30525 RA=187.35130 Dec=4.57613 Mag=16.98
  MJD=55626.39527 RA=187.35649 Dec=4.55694 Mag=19.83

*** POSSIBLE NEW DISCOVERY! ***
Region: RA=187.2, Dec=4.6, Night=55626
  MJD=55626.26073 RA=187.35220 Dec=4.59044 Mag=19.68
  MJD=55626.39684 RA=187.36521 Dec=4.54035 Mag=20.21
  MJD=55626.44643 RA=187.36999 Dec=4.52163 Mag=20.31

*** POSSIBLE NEW DISCOVERY! ***
Region: RA=187.2, Dec=4.6, Night=55626
  MJD=55626.26398 RA=187.31038 Dec=4.44574 Mag=17.50
  MJD=55626.35174 RA=187.33659 Dec=4.50677 Mag=21.02
  MJD=55626.44482 RA=187.36490 Dec=4.57102 Mag=20.35

*** POSSIBLE NEW DISCOVERY! ***
Region: RA=187.2, Dec=4.6, Night=55626
  MJD=55626.26398 RA=187.37021 Dec=4.44599 Mag=19.00
  MJD=55626.39684 RA=187.34539 Dec=4.44822 Mag=17.60
  MJD=55626.44643 RA=187.33617 Dec=4.44809 Mag=20.23

*** POSSIBLE NEW DISCOVERY! ***
Region: RA=187.2, Dec=4.6, Night=55626
  MJD=55626.26398 RA=187.37162 Dec=4.44605 Mag=18.92
  MJD=55626.39684 RA=187.34539 Dec=4.44822 Mag=17.60
  MJD=55626.44643 RA=187.33617 Dec=4.44809 Mag=20.23

*** POSSIBLE NEW DISCOVERY! ***
Region: RA=187.2, Dec=4.6, Night=55626
  MJD=55626.30525 RA=187.23561 Dec=4.61377 Mag=20.38
  MJD=55626.39684 RA=187.20225 Dec=4.62156 Mag=20.73
  MJD=55626.44643 RA=187.18462 Dec=4.62524 Mag=21.08

*** POSSIBLE NEW DISCOVERY! ***
Region: RA=189.2, Dec=7.9, Night=55336
  MJD=55336.24479 RA=189.26386 Dec=7.92572 Mag=20.61
  MJD=55336.27331 RA=189.26401 Dec=7.92250 Mag=20.56
  MJD=55336.36269 RA=189.26389 Dec=7.91210 Mag=19.24

*** POSSIBLE NEW DISCOVERY! ***
Region: RA=189.2, Dec=7.9, Night=55336
  MJD=55336.24479 RA=189.30614 Dec=8.05630 Mag=20.95
  MJD=55336.33491 RA=189.30571 Dec=8.06227 Mag=19.22
  MJD=55336.36269 RA=189.30569 Dec=8.06366 Mag=18.70

*** POSSIBLE NEW DISCOVERY! ***
Region: RA=189.2, Dec=7.9, Night=55336
  MJD=55336.25264 RA=189.36543 Dec=8.07811 Mag=20.42
  MJD=55336.29073 RA=189.36566 Dec=8.08126 Mag=19.45
  MJD=55336.31981 RA=189.36583 Dec=8.08468 Mag=20.21

*** POSSIBLE NEW DISCOVERY! ***
Region: RA=189.2, Dec=7.9, Night=55336
  MJD=55336.25264 RA=189.36544 Dec=8.08601 Mag=19.79
  MJD=55336.29073 RA=189.36552 Dec=8.09237 Mag=20.73
  MJD=55336.31981 RA=189.36578 Dec=8.09826 Mag=20.08

*** POSSIBLE NEW DISCOVERY! ***
Region: RA=189.2, Dec=7.9, Night=55336
  MJD=55336.25264 RA=189.36544 Dec=8.08601 Mag=19.79
  MJD=55336.29073 RA=189.36566 Dec=8.08126 Mag=19.45
  MJD=55336.31981 RA=189.36585 Dec=8.07761 Mag=20.98

*** POSSIBLE NEW DISCOVERY! ***
Region: RA=189.2, Dec=7.9, Night=55336
  MJD=55336.25264 RA=189.36601 Dec=7.96102 Mag=19.95
  MJD=55336.29073 RA=189.36611 Dec=7.98283 Mag=20.59
  MJD=55336.31981 RA=189.36617 Dec=7.99923 Mag=19.94

*** POSSIBLE NEW DISCOVERY! ***
Region: RA=189.2, Dec=7.9, Night=55336
  MJD=55336.25264 RA=189.08081 Dec=7.86357 Mag=20.54
  MJD=55336.29073 RA=189.08091 Dec=7.86714 Mag=19.91
  MJD=55336.31981 RA=189.08062 Dec=7.86995 Mag=19.10

*** POSSIBLE NEW DISCOVERY! ***
Region: RA=189.2, Dec=7.9, Night=55336
  MJD=55336.25264 RA=189.28730 Dec=8.00174 Mag=20.16
  MJD=55336.29073 RA=189.28744 Dec=7.99853 Mag=19.79
  MJD=55336.34829 RA=189.28758 Dec=7.99389 Mag=19.55

*** POSSIBLE NEW DISCOVERY! ***
Region: RA=189.2, Dec=7.9, Night=55336
  MJD=55336.25264 RA=189.36613 Dec=7.94218 Mag=20.27
  MJD=55336.29073 RA=189.36633 Dec=7.93272 Mag=21.04
  MJD=55336.34829 RA=189.36641 Dec=7.91834 Mag=20.91

*** POSSIBLE NEW DISCOVERY! ***
Region: RA=189.2, Dec=7.9, Night=55336
  MJD=55336.25264 RA=189.08081 Dec=7.86357 Mag=20.54
  MJD=55336.29073 RA=189.08091 Dec=7.86714 Mag=19.91
  MJD=55336.34829 RA=189.08078 Dec=7.87190 Mag=19.77

*** POSSIBLE NEW DISCOVERY! ***
Region: RA=189.2, Dec=7.9, Night=55336
  MJD=55336.25264 RA=189.36565 Dec=8.03495 Mag=20.05
  MJD=55336.30282 RA=189.36661 Dec=8.06679 Mag=19.56
  MJD=55336.31981 RA=189.36585 Dec=8.07761 Mag=20.98

*** POSSIBLE NEW DISCOVERY! ***
Region: RA=189.2, Dec=7.9, Night=55336
  MJD=55336.25264 RA=189.34160 Dec=7.92209 Mag=20.02
  MJD=55336.31981 RA=189.34159 Dec=7.93576 Mag=18.63
  MJD=55336.34829 RA=189.34174 Dec=7.94228 Mag=20.15

*** POSSIBLE NEW DISCOVERY! ***
Region: RA=189.2, Dec=7.9, Night=55336
  MJD=55336.25264 RA=189.36565 Dec=8.03495 Mag=20.05
  MJD=55336.31981 RA=189.36585 Dec=8.07761 Mag=20.98
  MJD=55336.34829 RA=189.36569 Dec=8.09500 Mag=20.50

*** POSSIBLE NEW DISCOVERY! ***
Region: RA=189.2, Dec=7.9, Night=55336
  MJD=55336.25264 RA=189.36601 Dec=7.96102 Mag=19.95
  MJD=55336.31981 RA=189.36651 Dec=7.93048 Mag=20.91
  MJD=55336.34829 RA=189.36641 Dec=7.91834 Mag=20.91

*** POSSIBLE NEW DISCOVERY! ***
Region: RA=189.2, Dec=7.9, Night=55336
  MJD=55336.25264 RA=189.36601 Dec=7.96102 Mag=19.95
  MJD=55336.31981 RA=189.36664 Dec=7.91412 Mag=20.43
  MJD=55336.34829 RA=189.36662 Dec=7.89329 Mag=20.56

*** POSSIBLE NEW DISCOVERY! ***
Region: RA=189.2, Dec=7.9, Night=55336
  MJD=55336.25264 RA=189.36612 Dec=7.95058 Mag=20.11
  MJD=55336.31981 RA=189.36616 Dec=7.99252 Mag=19.61
  MJD=55336.34829 RA=189.36617 Dec=8.01117 Mag=20.46

*** POSSIBLE NEW DISCOVERY! ***
Region: RA=189.2, Dec=7.9, Night=55336
  MJD=55336.25264 RA=189.08081 Dec=7.86357 Mag=20.54
  MJD=55336.31981 RA=189.08062 Dec=7.86995 Mag=19.10
  MJD=55336.34829 RA=189.08078 Dec=7.87190 Mag=19.77

*** POSSIBLE NEW DISCOVERY! ***
Region: RA=189.2, Dec=7.9, Night=55336
  MJD=55336.25264 RA=189.27541 Dec=7.85908 Mag=20.32
  MJD=55336.31981 RA=189.29136 Dec=7.85117 Mag=17.11
  MJD=55336.34829 RA=189.29773 Dec=7.84709 Mag=19.85

*** POSSIBLE NEW DISCOVERY! ***
Region: RA=189.2, Dec=7.9, Night=55336
  MJD=55336.27331 RA=189.20342 Dec=7.96942 Mag=18.86
  MJD=55336.30282 RA=189.20345 Dec=7.97743 Mag=19.21
  MJD=55336.33491 RA=189.20347 Dec=7.98674 Mag=19.07

*** POSSIBLE NEW DISCOVERY! ***
Region: RA=189.2, Dec=7.9, Night=55336
  MJD=55336.27331 RA=189.30513 Dec=8.06094 Mag=19.82
  MJD=55336.33491 RA=189.30571 Dec=8.06227 Mag=19.22
  MJD=55336.36269 RA=189.30569 Dec=8.06366 Mag=18.70

*** POSSIBLE NEW DISCOVERY! ***
Region: RA=189.2, Dec=7.9, Night=55336
  MJD=55336.29073 RA=189.36586 Dec=8.03674 Mag=20.73
  MJD=55336.31981 RA=189.36617 Dec=8.02420 Mag=20.20
  MJD=55336.34829 RA=189.36617 Dec=8.01117 Mag=20.46

*** POSSIBLE NEW DISCOVERY! ***
Region: RA=189.2, Dec=7.9, Night=55336
  MJD=55336.29073 RA=189.36612 Dec=7.97722 Mag=20.14
  MJD=55336.31981 RA=189.36633 Dec=7.95836 Mag=20.30
  MJD=55336.34829 RA=189.36643 Dec=7.93899 Mag=20.32

*** POSSIBLE NEW DISCOVERY! ***
Region: RA=189.2, Dec=7.9, Night=55336
  MJD=55336.29073 RA=189.36633 Dec=7.93272 Mag=21.04
  MJD=55336.31981 RA=189.36651 Dec=7.93048 Mag=20.91
  MJD=55336.34829 RA=189.36651 Dec=7.92840 Mag=20.56

*** POSSIBLE NEW DISCOVERY! ***
Region: RA=189.2, Dec=7.9, Night=55336
  MJD=55336.29073 RA=189.36639 Dec=7.92179 Mag=20.63
  MJD=55336.31981 RA=189.36651 Dec=7.93048 Mag=20.91
  MJD=55336.34829 RA=189.36643 Dec=7.93899 Mag=20.32

*** POSSIBLE NEW DISCOVERY! ***Candidate discovery at RA=189.2, Dec=7.9, Night=55336
  MJD=55336.29073 RA=189.08091 Dec=7.86714 Mag=19.91
  MJD=55336.31981 RA=189.08062 Dec=7.86995 Mag=19.10
  MJD=55336.34829 RA=189.08078 Dec=7.87190 Mag=19.77
WARNING: NoResultsWarning: No objects were found with the query constraints. [astroquery.imcce.core]
Candidate discovery at RA=187.0, Dec=9.2, Night=55336
  MJD=55336.24479 RA=187.08269 Dec=9.11466 Mag=20.06
  MJD=55336.27331 RA=187.08372 Dec=9.11332 Mag=20.70
  MJD=55336.36269 RA=187.08789 Dec=9.10931 Mag=19.55
WARNING: NoResultsWarning: No objects were found with the query constraints. [astroquery.imcce.core]
Candidate discovery at RA=187.0, Dec=9.2, Night=55336
  MJD=55336.24479 RA=186.97730 Dec=9.08945 Mag=19.83
  MJD=55336.30282 RA=186.97362 Dec=9.08306 Mag=19.03
  MJD=55336.36269 RA=186.96951 Dec=9.07664 Mag=20.49
WARNING: NoResultsWarning: No objects were found with the query constraints. [astroquery.imcce.core]
Candidate discovery at RA=187.0, Dec=9.2, Night=55336
  MJD=55336.24479 RA=187.08242 Dec=9.11201 Mag=20.64
  MJD=55336.33491 RA=187.07699 Dec=9.10757 Mag=18.96
  MJD=55336.36269 RA=187.07562 Dec=9.10613 Mag=18.40
WARNING: NoResultsWarning: No objects were found with the query constraints. [astroquery.imcce.core]
Candidate discovery at RA=187.0, Dec=9.2, Night=55336
  MJD=55336.24479 RA=187.08269 Dec=9.11466 Mag=20.06
  MJD=55336.33491 RA=187.07699 Dec=9.10757 Mag=18.96
  MJD=55336.36269 RA=187.07562 Dec=9.10613 Mag=18.40
WARNING: NoResultsWarning: No objects were found with the query constraints. [astroquery.imcce.core]
Candidate discovery at RA=187.0, Dec=9.2, Night=55336
  MJD=55336.24479 RA=187.08612 Dec=9.10101 Mag=20.17
  MJD=55336.33491 RA=187.08893 Dec=9.09717 Mag=20.18
  MJD=55336.36269 RA=187.09049 Dec=9.09636 Mag=18.82
WARNING: NoResultsWarning: No objects were found with the query constraints. [astroquery.imcce.core]
Candidate discovery at RA=187.0, Dec=9.2, Night=55336
  MJD=55336.25040 RA=187.09411 Dec=9.06108 Mag=19.74
  MJD=55336.33491 RA=187.08893 Dec=9.09717 Mag=20.18
  MJD=55336.36269 RA=187.08789 Dec=9.10931 Mag=19.55
WARNING: NoResultsWarning: No objects were found with the query constraints. [astroquery.imcce.core]
Candidate discovery at RA=187.0, Dec=9.2, Night=55336
  MJD=55336.30991 RA=187.10391 Dec=9.11346 Mag=20.83
  MJD=55336.33491 RA=187.09475 Dec=9.10886 Mag=18.57
  MJD=55336.36269 RA=187.08413 Dec=9.10347 Mag=19.52
WARNING: NoResultsWarning: No objects were found with the query constraints. [astroquery.imcce.core]
Candidate discovery at RA=187.0, Dec=9.2, Night=55999
  MJD=55999.23331 RA=187.07938 Dec=9.24341 Mag=20.14
  MJD=55999.46353 RA=187.13234 Dec=9.17102 Mag=19.12
  MJD=55999.47196 RA=187.13387 Dec=9.16806 Mag=20.40
WARNING: NoResultsWarning: No objects were found with the query constraints. [astroquery.imcce.core]
Candidate discovery at RA=187.0, Dec=9.2, Night=55999
  MJD=55999.24258 RA=187.04210 Dec=9.32855 Mag=20.99
  MJD=55999.39341 RA=186.94826 Dec=9.36265 Mag=20.35
  MJD=55999.42512 RA=186.92905 Dec=9.36936 Mag=19.15
WARNING: NoResultsWarning: No objects were found with the query constraints. [astroquery.imcce.core]
Candidate discovery at RA=187.0, Dec=9.2, Night=55999
  MJD=55999.28113 RA=187.09426 Dec=9.22973 Mag=17.88
  MJD=55999.46353 RA=187.13234 Dec=9.17102 Mag=19.12
  MJD=55999.47196 RA=187.13387 Dec=9.16806 Mag=20.40
WARNING: NoResultsWarning: No objects were found with the query constraints. [astroquery.imcce.core]
Candidate discovery at RA=187.0, Dec=9.2, Night=55999
  MJD=55999.28113 RA=187.09676 Dec=9.22922 Mag=18.25
  MJD=55999.46353 RA=187.13234 Dec=9.17102 Mag=19.12
  MJD=55999.47196 RA=187.13387 Dec=9.16806 Mag=20.40
WARNING: NoResultsWarning: No objects were found with the query constraints. [astroquery.imcce.core]
Candidate discovery at RA=187.0, Dec=9.2, Night=55999
  MJD=55999.28582 RA=186.90402 Dec=9.32511 Mag=21.28
  MJD=55999.39341 RA=186.94826 Dec=9.36265 Mag=20.35
  MJD=55999.47196 RA=186.98044 Dec=9.39046 Mag=19.26
WARNING: NoResultsWarning: No objects were found with the query constraints. [astroquery.imcce.core]
Candidate discovery at RA=187.0, Dec=9.2, Night=55999
  MJD=55999.28582 RA=186.90402 Dec=9.32511 Mag=21.28
  MJD=55999.42512 RA=186.90763 Dec=9.30499 Mag=20.36
  MJD=55999.47196 RA=186.90828 Dec=9.29841 Mag=20.02
WARNING: NoResultsWarning: No objects were found with the query constraints. [astroquery.imcce.core]
Candidate discovery at RA=187.0, Dec=9.2, Night=55999
  MJD=55999.28582 RA=186.98228 Dec=9.39036 Mag=18.37
  MJD=55999.42512 RA=186.92905 Dec=9.36936 Mag=19.15
  MJD=55999.47196 RA=186.91154 Dec=9.36302 Mag=19.91
WARNING: NoResultsWarning: No objects were found with the query constraints. [astroquery.imcce.core]
Candidate discovery at RA=187.0, Dec=9.2, Night=55999
  MJD=55999.31630 RA=186.94004 Dec=9.21123 Mag=21.38
  MJD=55999.39341 RA=186.89681 Dec=9.16808 Mag=20.44
  MJD=55999.42512 RA=186.87922 Dec=9.15106 Mag=19.43
WARNING: NoResultsWarning: No objects were found with the query constraints. [astroquery.imcce.core]
Candidate discovery at RA=189.2, Dec=7.9, Night=55999
  MJD=55999.23331 RA=189.11447 Dec=8.03074 Mag=19.89
  MJD=55999.24141 RA=189.11294 Dec=8.03180 Mag=19.79
  MJD=55999.28113 RA=189.10458 Dec=8.03728 Mag=19.88
WARNING: NoResultsWarning: No objects were found with the query constraints. [astroquery.imcce.core]
Candidate discovery at RA=189.2, Dec=7.9, Night=55999
  MJD=55999.23331 RA=189.11447 Dec=8.03074 Mag=19.89
  MJD=55999.24141 RA=189.11294 Dec=8.03180 Mag=19.79
  MJD=55999.28461 RA=189.10387 Dec=8.03771 Mag=20.10
WARNING: NoResultsWarning: No objects were found with the query constraints. [astroquery.imcce.core]
Candidate discovery at RA=189.2, Dec=7.9, Night=55999
  MJD=55999.23331 RA=189.11447 Dec=8.03074 Mag=19.89
  MJD=55999.28113 RA=189.10458 Dec=8.03728 Mag=19.88
  MJD=55999.39106 RA=189.08156 Dec=8.05198 Mag=19.92
WARNING: NoResultsWarning: No objects were found with the query constraints. [astroquery.imcce.core]
Candidate discovery at RA=189.2, Dec=7.9, Night=55999
  MJD=55999.23331 RA=189.11447 Dec=8.03074 Mag=19.89
  MJD=55999.28113 RA=189.10458 Dec=8.03728 Mag=19.88
  MJD=55999.46481 RA=189.06618 Dec=8.06190 Mag=20.02
WARNING: NoResultsWarning: No objects were found with the query constraints. [astroquery.imcce.core]
Candidate discovery at RA=189.2, Dec=7.9, Night=55999
  MJD=55999.23331 RA=189.11447 Dec=8.03074 Mag=19.89
  MJD=55999.28113 RA=189.10458 Dec=8.03728 Mag=19.88
  MJD=55999.47082 RA=189.06489 Dec=8.06261 Mag=19.92
WARNING: NoResultsWarning: No objects were found with the query constraints. [astroquery.imcce.core]
Candidate discovery at RA=189.2, Dec=7.9, Night=55999
  MJD=55999.23331 RA=189.19063 Dec=7.87967 Mag=19.94
  MJD=55999.28113 RA=189.20949 Dec=7.90137 Mag=21.31
  MJD=55999.47082 RA=189.28469 Dec=7.98754 Mag=19.45
WARNING: NoResultsWarning: No objects were found with the query constraints. [astroquery.imcce.core]
Candidate discovery at RA=189.2, Dec=7.9, Night=55999
  MJD=55999.23331 RA=189.11447 Dec=8.03074 Mag=19.89
  MJD=55999.28461 RA=189.10387 Dec=8.03771 Mag=20.10
  MJD=55999.39106 RA=189.08156 Dec=8.05198 Mag=19.92
WARNING: NoResultsWarning: No objects were found with the query constraints. [astroquery.imcce.core]
Candidate discovery at RA=189.2, Dec=7.9, Night=55999
  MJD=55999.23331 RA=189.11447 Dec=8.03074 Mag=19.89
  MJD=55999.28461 RA=189.10387 Dec=8.03771 Mag=20.10
  MJD=55999.46481 RA=189.06618 Dec=8.06190 Mag=20.02
WARNING: NoResultsWarning: No objects were found with the query constraints. [astroquery.imcce.core]
Candidate discovery at RA=189.2, Dec=7.9, Night=55999
  MJD=55999.23331 RA=189.11447 Dec=8.03074 Mag=19.89
  MJD=55999.28461 RA=189.10387 Dec=8.03771 Mag=20.10
  MJD=55999.47082 RA=189.06489 Dec=8.06261 Mag=19.92
WARNING: NoResultsWarning: No objects were found with the query constraints. [astroquery.imcce.core]
Candidate discovery at RA=189.2, Dec=7.9, Night=55999
  MJD=55999.23331 RA=189.27671 Dec=7.88386 Mag=20.98
  MJD=55999.28461 RA=189.29533 Dec=7.90589 Mag=20.09
  MJD=55999.47082 RA=189.36320 Dec=7.98554 Mag=20.07
WARNING: NoResultsWarning: No objects were found with the query constraints. [astroquery.imcce.core]
Candidate discovery at RA=189.2, Dec=7.9, Night=55999
  MJD=55999.23331 RA=189.26405 Dec=7.92102 Mag=20.00
  MJD=55999.34763 RA=189.33907 Dec=7.92791 Mag=19.37
  MJD=55999.39106 RA=189.36748 Dec=7.93128 Mag=20.70
WARNING: NoResultsWarning: No objects were found with the query constraints. [astroquery.imcce.core]
Candidate discovery at RA=189.2, Dec=7.9, Night=55999
  MJD=55999.23331 RA=189.24672 Dec=7.90904 Mag=20.86
  MJD=55999.34763 RA=189.24149 Dec=7.84319 Mag=20.02
  MJD=55999.47082 RA=189.23611 Dec=7.77213 Mag=17.56
WARNING: NoResultsWarning: No objects were found with the query constraints. [astroquery.imcce.core]
Candidate discovery at RA=189.2, Dec=7.9, Night=55999
  MJD=55999.23331 RA=189.11447 Dec=8.03074 Mag=19.89
  MJD=55999.39106 RA=189.08156 Dec=8.05198 Mag=19.92
  MJD=55999.46481 RA=189.06618 Dec=8.06190 Mag=20.02
WARNING: NoResultsWarning: No objects were found with the query constraints. [astroquery.imcce.core]
Candidate discovery at RA=189.2, Dec=7.9, Night=55999
  MJD=55999.23331 RA=189.27671 Dec=7.88386 Mag=20.98
  MJD=55999.39106 RA=189.28913 Dec=7.86894 Mag=20.27
  MJD=55999.46481 RA=189.29496 Dec=7.86289 Mag=18.85
WARNING: NoResultsWarning: No objects were found with the query constraints. [astroquery.imcce.core]
Candidate discovery at RA=189.2, Dec=7.9, Night=55999
  MJD=55999.23331 RA=189.11447 Dec=8.03074 Mag=19.89
  MJD=55999.39106 RA=189.08156 Dec=8.05198 Mag=19.92
  MJD=55999.47082 RA=189.06489 Dec=8.06261 Mag=19.92
WARNING: NoResultsWarning: No objects were found with the query constraints. [astroquery.imcce.core]
Candidate discovery at RA=189.2, Dec=7.9, Night=55999
  MJD=55999.23331 RA=189.20347 Dec=7.97772 Mag=20.05
  MJD=55999.39106 RA=189.25794 Dec=7.95876 Mag=14.00
  MJD=55999.47082 RA=189.28488 Dec=7.94943 Mag=19.14
WARNING: NoResultsWarning: No objects were found with the query constraints. [astroquery.imcce.core]
Candidate discovery at RA=189.2, Dec=7.9, Night=55999
  MJD=55999.23331 RA=189.36625 Dec=8.06609 Mag=19.46
  MJD=55999.46481 RA=189.36303 Dec=7.98860 Mag=20.79
  MJD=55999.47082 RA=189.36320 Dec=7.98554 Mag=20.07
WARNING: NoResultsWarning: No objects were found with the query constraints. [astroquery.imcce.core]
Candidate discovery at RA=189.2, Dec=7.9, Night=55999
  MJD=55999.23331 RA=189.36625 Dec=8.06609 Mag=19.46
  MJD=55999.46481 RA=189.36327 Dec=7.93986 Mag=19.47
  MJD=55999.47082 RA=189.36349 Dec=7.93729 Mag=20.49
WARNING: NoResultsWarning: No objects were found with the query constraints. [astroquery.imcce.core]
Candidate discovery at RA=189.2, Dec=7.9, Night=55999
  MJD=55999.23331 RA=189.36625 Dec=8.06609 Mag=19.46
  MJD=55999.46481 RA=189.36339 Dec=7.90126 Mag=19.06
  MJD=55999.47082 RA=189.36355 Dec=7.89706 Mag=19.60
WARNING: NoResultsWarning: No objects were found with the query constraints. [astroquery.imcce.core]

Region: RA=189.2, Dec=7.9, Night=55336
  MJD=55336.29073 RA=189.08091 Dec=7.86714 Mag=19.91
  MJD=55336.31981 RA=189.08062 Dec=7.86995 Mag=19.10
  MJD=55336.34829 RA=189.08078 Dec=7.87190 Mag=19.77

*** POSSIBLE NEW DISCOVERY! ***
Region: RA=187.0, Dec=9.2, Night=55336
  MJD=55336.24479 RA=187.08269 Dec=9.11466 Mag=20.06
  MJD=55336.27331 RA=187.08372 Dec=9.11332 Mag=20.70
  MJD=55336.36269 RA=187.08789 Dec=9.10931 Mag=19.55

*** POSSIBLE NEW DISCOVERY! ***
Region: RA=187.0, Dec=9.2, Night=55336
  MJD=55336.24479 RA=186.97730 Dec=9.08945 Mag=19.83
  MJD=55336.30282 RA=186.97362 Dec=9.08306 Mag=19.03
  MJD=55336.36269 RA=186.96951 Dec=9.07664 Mag=20.49

*** POSSIBLE NEW DISCOVERY! ***
Region: RA=187.0, Dec=9.2, Night=55336
  MJD=55336.24479 RA=187.08242 Dec=9.11201 Mag=20.64
  MJD=55336.33491 RA=187.07699 Dec=9.10757 Mag=18.96
  MJD=55336.36269 RA=187.07562 Dec=9.10613 Mag=18.40

*** POSSIBLE NEW DISCOVERY! ***
Region: RA=187.0, Dec=9.2, Night=55336
  MJD=55336.24479 RA=187.08269 Dec=9.11466 Mag=20.06
  MJD=55336.33491 RA=187.07699 Dec=9.10757 Mag=18.96
  MJD=55336.36269 RA=187.07562 Dec=9.10613 Mag=18.40

*** POSSIBLE NEW DISCOVERY! ***
Region: RA=187.0, Dec=9.2, Night=55336
  MJD=55336.24479 RA=187.08612 Dec=9.10101 Mag=20.17
  MJD=55336.33491 RA=187.08893 Dec=9.09717 Mag=20.18
  MJD=55336.36269 RA=187.09049 Dec=9.09636 Mag=18.82

*** POSSIBLE NEW DISCOVERY! ***
Region: RA=187.0, Dec=9.2, Night=55336
  MJD=55336.25040 RA=187.09411 Dec=9.06108 Mag=19.74
  MJD=55336.33491 RA=187.08893 Dec=9.09717 Mag=20.18
  MJD=55336.36269 RA=187.08789 Dec=9.10931 Mag=19.55

*** POSSIBLE NEW DISCOVERY! ***
Region: RA=187.0, Dec=9.2, Night=55336
  MJD=55336.30991 RA=187.10391 Dec=9.11346 Mag=20.83
  MJD=55336.33491 RA=187.09475 Dec=9.10886 Mag=18.57
  MJD=55336.36269 RA=187.08413 Dec=9.10347 Mag=19.52

*** POSSIBLE NEW DISCOVERY! ***
Region: RA=187.0, Dec=9.2, Night=55999
  MJD=55999.23331 RA=187.07938 Dec=9.24341 Mag=20.14
  MJD=55999.46353 RA=187.13234 Dec=9.17102 Mag=19.12
  MJD=55999.47196 RA=187.13387 Dec=9.16806 Mag=20.40

*** POSSIBLE NEW DISCOVERY! ***
Region: RA=187.0, Dec=9.2, Night=55999
  MJD=55999.24258 RA=187.04210 Dec=9.32855 Mag=20.99
  MJD=55999.39341 RA=186.94826 Dec=9.36265 Mag=20.35
  MJD=55999.42512 RA=186.92905 Dec=9.36936 Mag=19.15

*** POSSIBLE NEW DISCOVERY! ***
Region: RA=187.0, Dec=9.2, Night=55999
  MJD=55999.28113 RA=187.09426 Dec=9.22973 Mag=17.88
  MJD=55999.46353 RA=187.13234 Dec=9.17102 Mag=19.12
  MJD=55999.47196 RA=187.13387 Dec=9.16806 Mag=20.40

*** POSSIBLE NEW DISCOVERY! ***
Region: RA=187.0, Dec=9.2, Night=55999
  MJD=55999.28113 RA=187.09676 Dec=9.22922 Mag=18.25
  MJD=55999.46353 RA=187.13234 Dec=9.17102 Mag=19.12
  MJD=55999.47196 RA=187.13387 Dec=9.16806 Mag=20.40

*** POSSIBLE NEW DISCOVERY! ***
Region: RA=187.0, Dec=9.2, Night=55999
  MJD=55999.28582 RA=186.90402 Dec=9.32511 Mag=21.28
  MJD=55999.39341 RA=186.94826 Dec=9.36265 Mag=20.35
  MJD=55999.47196 RA=186.98044 Dec=9.39046 Mag=19.26

*** POSSIBLE NEW DISCOVERY! ***
Region: RA=187.0, Dec=9.2, Night=55999
  MJD=55999.28582 RA=186.90402 Dec=9.32511 Mag=21.28
  MJD=55999.42512 RA=186.90763 Dec=9.30499 Mag=20.36
  MJD=55999.47196 RA=186.90828 Dec=9.29841 Mag=20.02

*** POSSIBLE NEW DISCOVERY! ***
Region: RA=187.0, Dec=9.2, Night=55999
  MJD=55999.28582 RA=186.98228 Dec=9.39036 Mag=18.37
  MJD=55999.42512 RA=186.92905 Dec=9.36936 Mag=19.15
  MJD=55999.47196 RA=186.91154 Dec=9.36302 Mag=19.91

*** POSSIBLE NEW DISCOVERY! ***
Region: RA=187.0, Dec=9.2, Night=55999
  MJD=55999.31630 RA=186.94004 Dec=9.21123 Mag=21.38
  MJD=55999.39341 RA=186.89681 Dec=9.16808 Mag=20.44
  MJD=55999.42512 RA=186.87922 Dec=9.15106 Mag=19.43

*** POSSIBLE NEW DISCOVERY! ***
Region: RA=189.2, Dec=7.9, Night=55999
  MJD=55999.23331 RA=189.11447 Dec=8.03074 Mag=19.89
  MJD=55999.24141 RA=189.11294 Dec=8.03180 Mag=19.79
  MJD=55999.28113 RA=189.10458 Dec=8.03728 Mag=19.88

*** POSSIBLE NEW DISCOVERY! ***
Region: RA=189.2, Dec=7.9, Night=55999
  MJD=55999.23331 RA=189.11447 Dec=8.03074 Mag=19.89
  MJD=55999.24141 RA=189.11294 Dec=8.03180 Mag=19.79
  MJD=55999.28461 RA=189.10387 Dec=8.03771 Mag=20.10

*** POSSIBLE NEW DISCOVERY! ***
Region: RA=189.2, Dec=7.9, Night=55999
  MJD=55999.23331 RA=189.11447 Dec=8.03074 Mag=19.89
  MJD=55999.28113 RA=189.10458 Dec=8.03728 Mag=19.88
  MJD=55999.39106 RA=189.08156 Dec=8.05198 Mag=19.92

*** POSSIBLE NEW DISCOVERY! ***
Region: RA=189.2, Dec=7.9, Night=55999
  MJD=55999.23331 RA=189.11447 Dec=8.03074 Mag=19.89
  MJD=55999.28113 RA=189.10458 Dec=8.03728 Mag=19.88
  MJD=55999.46481 RA=189.06618 Dec=8.06190 Mag=20.02

*** POSSIBLE NEW DISCOVERY! ***
Region: RA=189.2, Dec=7.9, Night=55999
  MJD=55999.23331 RA=189.11447 Dec=8.03074 Mag=19.89
  MJD=55999.28113 RA=189.10458 Dec=8.03728 Mag=19.88
  MJD=55999.47082 RA=189.06489 Dec=8.06261 Mag=19.92

*** POSSIBLE NEW DISCOVERY! ***
Region: RA=189.2, Dec=7.9, Night=55999
  MJD=55999.23331 RA=189.19063 Dec=7.87967 Mag=19.94
  MJD=55999.28113 RA=189.20949 Dec=7.90137 Mag=21.31
  MJD=55999.47082 RA=189.28469 Dec=7.98754 Mag=19.45

*** POSSIBLE NEW DISCOVERY! ***
Region: RA=189.2, Dec=7.9, Night=55999
  MJD=55999.23331 RA=189.11447 Dec=8.03074 Mag=19.89
  MJD=55999.28461 RA=189.10387 Dec=8.03771 Mag=20.10
  MJD=55999.39106 RA=189.08156 Dec=8.05198 Mag=19.92

*** POSSIBLE NEW DISCOVERY! ***
Region: RA=189.2, Dec=7.9, Night=55999
  MJD=55999.23331 RA=189.11447 Dec=8.03074 Mag=19.89
  MJD=55999.28461 RA=189.10387 Dec=8.03771 Mag=20.10
  MJD=55999.46481 RA=189.06618 Dec=8.06190 Mag=20.02

*** POSSIBLE NEW DISCOVERY! ***
Region: RA=189.2, Dec=7.9, Night=55999
  MJD=55999.23331 RA=189.11447 Dec=8.03074 Mag=19.89
  MJD=55999.28461 RA=189.10387 Dec=8.03771 Mag=20.10
  MJD=55999.47082 RA=189.06489 Dec=8.06261 Mag=19.92

*** POSSIBLE NEW DISCOVERY! ***
Region: RA=189.2, Dec=7.9, Night=55999
  MJD=55999.23331 RA=189.27671 Dec=7.88386 Mag=20.98
  MJD=55999.28461 RA=189.29533 Dec=7.90589 Mag=20.09
  MJD=55999.47082 RA=189.36320 Dec=7.98554 Mag=20.07

*** POSSIBLE NEW DISCOVERY! ***
Region: RA=189.2, Dec=7.9, Night=55999
  MJD=55999.23331 RA=189.26405 Dec=7.92102 Mag=20.00
  MJD=55999.34763 RA=189.33907 Dec=7.92791 Mag=19.37
  MJD=55999.39106 RA=189.36748 Dec=7.93128 Mag=20.70

*** POSSIBLE NEW DISCOVERY! ***
Region: RA=189.2, Dec=7.9, Night=55999
  MJD=55999.23331 RA=189.24672 Dec=7.90904 Mag=20.86
  MJD=55999.34763 RA=189.24149 Dec=7.84319 Mag=20.02
  MJD=55999.47082 RA=189.23611 Dec=7.77213 Mag=17.56

*** POSSIBLE NEW DISCOVERY! ***
Region: RA=189.2, Dec=7.9, Night=55999
  MJD=55999.23331 RA=189.11447 Dec=8.03074 Mag=19.89
  MJD=55999.39106 RA=189.08156 Dec=8.05198 Mag=19.92
  MJD=55999.46481 RA=189.06618 Dec=8.06190 Mag=20.02

*** POSSIBLE NEW DISCOVERY! ***
Region: RA=189.2, Dec=7.9, Night=55999
  MJD=55999.23331 RA=189.27671 Dec=7.88386 Mag=20.98
  MJD=55999.39106 RA=189.28913 Dec=7.86894 Mag=20.27
  MJD=55999.46481 RA=189.29496 Dec=7.86289 Mag=18.85

*** POSSIBLE NEW DISCOVERY! ***
Region: RA=189.2, Dec=7.9, Night=55999
  MJD=55999.23331 RA=189.11447 Dec=8.03074 Mag=19.89
  MJD=55999.39106 RA=189.08156 Dec=8.05198 Mag=19.92
  MJD=55999.47082 RA=189.06489 Dec=8.06261 Mag=19.92

*** POSSIBLE NEW DISCOVERY! ***
Region: RA=189.2, Dec=7.9, Night=55999
  MJD=55999.23331 RA=189.20347 Dec=7.97772 Mag=20.05
  MJD=55999.39106 RA=189.25794 Dec=7.95876 Mag=14.00
  MJD=55999.47082 RA=189.28488 Dec=7.94943 Mag=19.14

*** POSSIBLE NEW DISCOVERY! ***
Region: RA=189.2, Dec=7.9, Night=55999
  MJD=55999.23331 RA=189.36625 Dec=8.06609 Mag=19.46
  MJD=55999.46481 RA=189.36303 Dec=7.98860 Mag=20.79
  MJD=55999.47082 RA=189.36320 Dec=7.98554 Mag=20.07

*** POSSIBLE NEW DISCOVERY! ***
Region: RA=189.2, Dec=7.9, Night=55999
  MJD=55999.23331 RA=189.36625 Dec=8.06609 Mag=19.46
  MJD=55999.46481 RA=189.36327 Dec=7.93986 Mag=19.47
  MJD=55999.47082 RA=189.36349 Dec=7.93729 Mag=20.49

*** POSSIBLE NEW DISCOVERY! ***
Region: RA=189.2, Dec=7.9, Night=55999
  MJD=55999.23331 RA=189.36625 Dec=8.06609 Mag=19.46
  MJD=55999.46481 RA=189.36339 Dec=7.90126 Mag=19.06
  MJD=55999.47082 RA=189.36355 Dec=7.89706 Mag=19.60

*** POSSIBLE NEW DISCOVERY! ***
Region: RA=189.2, Dec=7.9, Night=55999
  MJD=55999.23331 RA=189.11447 Dec=8.03074 Mag=19.89
  MJD=55999.46481 RA=189.06618 Dec=8.06190 Mag=20.02Candidate discovery at RA=189.2, Dec=7.9, Night=55999
  MJD=55999.23331 RA=189.11447 Dec=8.03074 Mag=19.89
  MJD=55999.46481 RA=189.06618 Dec=8.06190 Mag=20.02
  MJD=55999.47082 RA=189.06489 Dec=8.06261 Mag=19.92
WARNING: NoResultsWarning: No objects were found with the query constraints. [astroquery.imcce.core]
Candidate discovery at RA=189.2, Dec=7.9, Night=55999
  MJD=55999.23331 RA=189.22008 Dec=7.93329 Mag=20.60
  MJD=55999.46481 RA=189.24153 Dec=7.96284 Mag=15.83
  MJD=55999.47082 RA=189.24229 Dec=7.96382 Mag=15.48
WARNING: NoResultsWarning: No objects were found with the query constraints. [astroquery.imcce.core]
Candidate discovery at RA=189.2, Dec=7.9, Night=55999
  MJD=55999.23331 RA=189.24672 Dec=7.90904 Mag=20.86
  MJD=55999.46481 RA=189.24153 Dec=7.96284 Mag=15.83
  MJD=55999.47082 RA=189.24229 Dec=7.96382 Mag=15.48
WARNING: NoResultsWarning: No objects were found with the query constraints. [astroquery.imcce.core]
Candidate discovery at RA=189.2, Dec=7.9, Night=55999
  MJD=55999.23331 RA=189.25777 Dec=7.84764 Mag=17.37
  MJD=55999.46481 RA=189.28360 Dec=8.01882 Mag=19.33
  MJD=55999.47082 RA=189.28439 Dec=8.02404 Mag=19.96
WARNING: NoResultsWarning: No objects were found with the query constraints. [astroquery.imcce.core]
Candidate discovery at RA=189.2, Dec=7.9, Night=55999
  MJD=55999.23331 RA=189.25777 Dec=7.84764 Mag=17.37
  MJD=55999.46481 RA=189.28433 Dec=8.01870 Mag=19.70
  MJD=55999.47082 RA=189.28439 Dec=8.02404 Mag=19.96
WARNING: NoResultsWarning: No objects were found with the query constraints. [astroquery.imcce.core]
Candidate discovery at RA=189.2, Dec=7.9, Night=55999
  MJD=55999.23331 RA=189.35039 Dec=7.85665 Mag=19.60
  MJD=55999.46481 RA=189.33869 Dec=7.92271 Mag=20.32
  MJD=55999.47082 RA=189.33886 Dec=7.92492 Mag=19.80
WARNING: NoResultsWarning: No objects were found with the query constraints. [astroquery.imcce.core]
Candidate discovery at RA=189.2, Dec=7.9, Night=55999
  MJD=55999.23331 RA=189.35039 Dec=7.85665 Mag=19.60
  MJD=55999.46481 RA=189.36303 Dec=7.98860 Mag=20.79
  MJD=55999.47082 RA=189.36319 Dec=7.99157 Mag=19.92
WARNING: NoResultsWarning: No objects were found with the query constraints. [astroquery.imcce.core]
Candidate discovery at RA=189.2, Dec=7.9, Night=55999
  MJD=55999.23331 RA=189.35039 Dec=7.85665 Mag=19.60
  MJD=55999.46481 RA=189.36303 Dec=7.99464 Mag=20.44
  MJD=55999.47082 RA=189.36313 Dec=7.99803 Mag=20.34
WARNING: NoResultsWarning: No objects were found with the query constraints. [astroquery.imcce.core]
Candidate discovery at RA=189.2, Dec=7.9, Night=55999
  MJD=55999.23331 RA=189.35039 Dec=7.85665 Mag=19.60
  MJD=55999.46481 RA=189.36327 Dec=7.93986 Mag=19.47
  MJD=55999.47082 RA=189.36344 Dec=7.94163 Mag=19.98
WARNING: NoResultsWarning: No objects were found with the query constraints. [astroquery.imcce.core]
Candidate discovery at RA=189.2, Dec=7.9, Night=55999
  MJD=55999.23331 RA=189.35039 Dec=7.85665 Mag=19.60
  MJD=55999.46481 RA=189.36351 Dec=7.89084 Mag=20.22
  MJD=55999.47082 RA=189.36360 Dec=7.89276 Mag=20.19
WARNING: NoResultsWarning: No objects were found with the query constraints. [astroquery.imcce.core]
Candidate discovery at RA=189.2, Dec=7.9, Night=55999
  MJD=55999.23331 RA=189.35239 Dec=7.85469 Mag=19.59
  MJD=55999.46481 RA=189.33869 Dec=7.92271 Mag=20.32
  MJD=55999.47082 RA=189.33886 Dec=7.92492 Mag=19.80
WARNING: NoResultsWarning: No objects were found with the query constraints. [astroquery.imcce.core]
Candidate discovery at RA=189.2, Dec=7.9, Night=55999
  MJD=55999.23331 RA=189.35239 Dec=7.85469 Mag=19.59
  MJD=55999.46481 RA=189.36303 Dec=7.98860 Mag=20.79
  MJD=55999.47082 RA=189.36319 Dec=7.99157 Mag=19.92
WARNING: NoResultsWarning: No objects were found with the query constraints. [astroquery.imcce.core]
Candidate discovery at RA=189.2, Dec=7.9, Night=55999
  MJD=55999.23331 RA=189.35239 Dec=7.85469 Mag=19.59
  MJD=55999.46481 RA=189.36303 Dec=7.99464 Mag=20.44
  MJD=55999.47082 RA=189.36313 Dec=7.99803 Mag=20.34
WARNING: NoResultsWarning: No objects were found with the query constraints. [astroquery.imcce.core]
Candidate discovery at RA=189.2, Dec=7.9, Night=55999
  MJD=55999.23331 RA=189.35239 Dec=7.85469 Mag=19.59
  MJD=55999.46481 RA=189.36327 Dec=7.93986 Mag=19.47
  MJD=55999.47082 RA=189.36344 Dec=7.94163 Mag=19.98
WARNING: NoResultsWarning: No objects were found with the query constraints. [astroquery.imcce.core]
Candidate discovery at RA=189.2, Dec=7.9, Night=55999
  MJD=55999.23331 RA=189.35239 Dec=7.85469 Mag=19.59
  MJD=55999.46481 RA=189.36351 Dec=7.89084 Mag=20.22
  MJD=55999.47082 RA=189.36360 Dec=7.89276 Mag=20.19
WARNING: NoResultsWarning: No objects were found with the query constraints. [astroquery.imcce.core]
Candidate discovery at RA=189.2, Dec=7.9, Night=55999
  MJD=55999.23331 RA=189.25455 Dec=7.93129 Mag=19.98
  MJD=55999.46481 RA=189.24153 Dec=7.96284 Mag=15.83
  MJD=55999.47082 RA=189.24229 Dec=7.96382 Mag=15.48
WARNING: NoResultsWarning: No objects were found with the query constraints. [astroquery.imcce.core]
Candidate discovery at RA=189.2, Dec=7.9, Night=55999
  MJD=55999.23331 RA=189.36959 Dec=7.84242 Mag=20.86
  MJD=55999.46481 RA=189.33869 Dec=7.92271 Mag=20.32
  MJD=55999.47082 RA=189.33886 Dec=7.92492 Mag=19.80
WARNING: NoResultsWarning: No objects were found with the query constraints. [astroquery.imcce.core]
Candidate discovery at RA=189.2, Dec=7.9, Night=55999
  MJD=55999.23331 RA=189.36959 Dec=7.84242 Mag=20.86
  MJD=55999.46481 RA=189.36303 Dec=7.98860 Mag=20.79
  MJD=55999.47082 RA=189.36319 Dec=7.99157 Mag=19.92
WARNING: NoResultsWarning: No objects were found with the query constraints. [astroquery.imcce.core]
Candidate discovery at RA=189.2, Dec=7.9, Night=55999
  MJD=55999.23331 RA=189.36959 Dec=7.84242 Mag=20.86
  MJD=55999.46481 RA=189.36303 Dec=7.99464 Mag=20.44
  MJD=55999.47082 RA=189.36313 Dec=7.99803 Mag=20.34
WARNING: NoResultsWarning: No objects were found with the query constraints. [astroquery.imcce.core]
Candidate discovery at RA=189.2, Dec=7.9, Night=55999
  MJD=55999.23331 RA=189.36959 Dec=7.84242 Mag=20.86
  MJD=55999.46481 RA=189.36327 Dec=7.93986 Mag=19.47
  MJD=55999.47082 RA=189.36344 Dec=7.94163 Mag=19.98
WARNING: NoResultsWarning: No objects were found with the query constraints. [astroquery.imcce.core]
Candidate discovery at RA=189.2, Dec=7.9, Night=55999
  MJD=55999.23331 RA=189.36959 Dec=7.84242 Mag=20.86
  MJD=55999.46481 RA=189.36351 Dec=7.89084 Mag=20.22
  MJD=55999.47082 RA=189.36360 Dec=7.89276 Mag=20.19
WARNING: NoResultsWarning: No objects were found with the query constraints. [astroquery.imcce.core]
Candidate discovery at RA=189.2, Dec=7.9, Night=55999
  MJD=55999.24141 RA=189.11294 Dec=8.03180 Mag=19.79
  MJD=55999.28113 RA=189.10458 Dec=8.03728 Mag=19.88
  MJD=55999.39106 RA=189.08156 Dec=8.05198 Mag=19.92
WARNING: NoResultsWarning: No objects were found with the query constraints. [astroquery.imcce.core]
Candidate discovery at RA=189.2, Dec=7.9, Night=55999
  MJD=55999.24141 RA=189.26383 Dec=7.95751 Mag=19.44
  MJD=55999.28113 RA=189.25285 Dec=7.93413 Mag=20.97
  MJD=55999.39106 RA=189.22330 Dec=7.86888 Mag=17.37
WARNING: NoResultsWarning: No objects were found with the query constraints. [astroquery.imcce.core]
Candidate discovery at RA=189.2, Dec=7.9, Night=55999
  MJD=55999.24141 RA=189.11294 Dec=8.03180 Mag=19.79
  MJD=55999.28113 RA=189.10458 Dec=8.03728 Mag=19.88
  MJD=55999.46481 RA=189.06618 Dec=8.06190 Mag=20.02
WARNING: NoResultsWarning: No objects were found with the query constraints. [astroquery.imcce.core]
Candidate discovery at RA=189.2, Dec=7.9, Night=55999
  MJD=55999.24141 RA=189.11294 Dec=8.03180 Mag=19.79
  MJD=55999.28113 RA=189.10458 Dec=8.03728 Mag=19.88
  MJD=55999.47082 RA=189.06489 Dec=8.06261 Mag=19.92
WARNING: NoResultsWarning: No objects were found with the query constraints. [astroquery.imcce.core]
Candidate discovery at RA=189.2, Dec=7.9, Night=55999
  MJD=55999.24141 RA=189.33940 Dec=7.99976 Mag=20.02
  MJD=55999.28461 RA=189.33900 Dec=7.97495 Mag=20.11
  MJD=55999.34763 RA=189.33901 Dec=7.93828 Mag=20.08
WARNING: NoResultsWarning: No objects were found with the query constraints. [astroquery.imcce.core]
Candidate discovery at RA=189.2, Dec=7.9, Night=55999
  MJD=55999.24141 RA=189.11294 Dec=8.03180 Mag=19.79
  MJD=55999.28461 RA=189.10387 Dec=8.03771 Mag=20.10
  MJD=55999.39106 RA=189.08156 Dec=8.05198 Mag=19.92
WARNING: NoResultsWarning: No objects were found with the query constraints. [astroquery.imcce.core]
Candidate discovery at RA=189.2, Dec=7.9, Night=55999
  MJD=55999.24141 RA=189.11294 Dec=8.03180 Mag=19.79
  MJD=55999.28461 RA=189.10387 Dec=8.03771 Mag=20.10
  MJD=55999.46481 RA=189.06618 Dec=8.06190 Mag=20.02
WARNING: NoResultsWarning: No objects were found with the query constraints. [astroquery.imcce.core]
Candidate discovery at RA=189.2, Dec=7.9, Night=55999
  MJD=55999.24141 RA=189.11294 Dec=8.03180 Mag=19.79
  MJD=55999.28461 RA=189.10387 Dec=8.03771 Mag=20.10
  MJD=55999.47082 RA=189.06489 Dec=8.06261 Mag=19.92
WARNING: NoResultsWarning: No objects were found with the query constraints. [astroquery.imcce.core]
Candidate discovery at RA=189.2, Dec=7.9, Night=55999
  MJD=55999.24141 RA=189.25337 Dec=8.05235 Mag=21.04
  MJD=55999.34763 RA=189.28458 Dec=8.03514 Mag=19.28
  MJD=55999.39106 RA=189.29791 Dec=8.02779 Mag=19.08
WARNING: NoResultsWarning: No objects were found with the query constraints. [astroquery.imcce.core]
Candidate discovery at RA=189.2, Dec=7.9, Night=55999
  MJD=55999.24141 RA=189.28524 Dec=8.03385 Mag=19.69
  MJD=55999.34763 RA=189.28527 Dec=7.97862 Mag=20.07
  MJD=55999.46481 RA=189.28481 Dec=7.91852 Mag=19.92
WARNING: NoResultsWarning: No objects were found with the query constraints. [astroquery.imcce.core]
Candidate discovery at RA=189.2, Dec=7.9, Night=55999
  MJD=55999.24141 RA=189.28591 Dec=7.89795 Mag=19.60
  MJD=55999.34763 RA=189.28527 Dec=7.97862 Mag=20.07
  MJD=55999.46481 RA=189.28412 Dec=8.06839 Mag=19.85
WARNING: NoResultsWarning: No objects were found with the query constraints. [astroquery.imcce.core]
Candidate discovery at RA=189.2, Dec=7.9, Night=55999
  MJD=55999.24141 RA=189.28524 Dec=8.03385 Mag=19.69
  MJD=55999.34763 RA=189.28458 Dec=8.03514 Mag=19.28
  MJD=55999.47082 RA=189.28432 Dec=8.03653 Mag=19.30
WARNING: NoResultsWarning: No objects were found with the query constraints. [astroquery.imcce.core]
Candidate discovery at RA=189.2, Dec=7.9, Night=55999
  MJD=55999.24141 RA=189.29466 Dec=8.05503 Mag=20.29
  MJD=55999.39106 RA=189.28844 Dec=8.03070 Mag=19.66
  MJD=55999.46481 RA=189.28433 Dec=8.01870 Mag=19.70
WARNING: NoResultsWarning: No objects were found with the query constraints. [astroquery.imcce.core]
Candidate discovery at RA=189.2, Dec=7.9, Night=55999
  MJD=55999.24141 RA=189.37689 Dec=7.89082 Mag=20.68
  MJD=55999.39106 RA=189.36759 Dec=7.88495 Mag=20.44
  MJD=55999.46481 RA=189.36335 Dec=7.88126 Mag=19.28
WARNING: NoResultsWarning: No objects were found with the query constraints. [astroquery.imcce.core]
Candidate discovery at RA=189.2, Dec=7.9, Night=55999
  MJD=55999.24141 RA=189.11294 Dec=8.03180 Mag=19.79
  MJD=55999.39106 RA=189.08156 Dec=8.05198 Mag=19.92
  MJD=55999.46481 RA=189.06618 Dec=8.06190 Mag=20.02
WARNING: NoResultsWarning: No objects were found with the query constraints. [astroquery.imcce.core]

  MJD=55999.47082 RA=189.06489 Dec=8.06261 Mag=19.92

*** POSSIBLE NEW DISCOVERY! ***
Region: RA=189.2, Dec=7.9, Night=55999
  MJD=55999.23331 RA=189.22008 Dec=7.93329 Mag=20.60
  MJD=55999.46481 RA=189.24153 Dec=7.96284 Mag=15.83
  MJD=55999.47082 RA=189.24229 Dec=7.96382 Mag=15.48

*** POSSIBLE NEW DISCOVERY! ***
Region: RA=189.2, Dec=7.9, Night=55999
  MJD=55999.23331 RA=189.24672 Dec=7.90904 Mag=20.86
  MJD=55999.46481 RA=189.24153 Dec=7.96284 Mag=15.83
  MJD=55999.47082 RA=189.24229 Dec=7.96382 Mag=15.48

*** POSSIBLE NEW DISCOVERY! ***
Region: RA=189.2, Dec=7.9, Night=55999
  MJD=55999.23331 RA=189.25777 Dec=7.84764 Mag=17.37
  MJD=55999.46481 RA=189.28360 Dec=8.01882 Mag=19.33
  MJD=55999.47082 RA=189.28439 Dec=8.02404 Mag=19.96

*** POSSIBLE NEW DISCOVERY! ***
Region: RA=189.2, Dec=7.9, Night=55999
  MJD=55999.23331 RA=189.25777 Dec=7.84764 Mag=17.37
  MJD=55999.46481 RA=189.28433 Dec=8.01870 Mag=19.70
  MJD=55999.47082 RA=189.28439 Dec=8.02404 Mag=19.96

*** POSSIBLE NEW DISCOVERY! ***
Region: RA=189.2, Dec=7.9, Night=55999
  MJD=55999.23331 RA=189.35039 Dec=7.85665 Mag=19.60
  MJD=55999.46481 RA=189.33869 Dec=7.92271 Mag=20.32
  MJD=55999.47082 RA=189.33886 Dec=7.92492 Mag=19.80

*** POSSIBLE NEW DISCOVERY! ***
Region: RA=189.2, Dec=7.9, Night=55999
  MJD=55999.23331 RA=189.35039 Dec=7.85665 Mag=19.60
  MJD=55999.46481 RA=189.36303 Dec=7.98860 Mag=20.79
  MJD=55999.47082 RA=189.36319 Dec=7.99157 Mag=19.92

*** POSSIBLE NEW DISCOVERY! ***
Region: RA=189.2, Dec=7.9, Night=55999
  MJD=55999.23331 RA=189.35039 Dec=7.85665 Mag=19.60
  MJD=55999.46481 RA=189.36303 Dec=7.99464 Mag=20.44
  MJD=55999.47082 RA=189.36313 Dec=7.99803 Mag=20.34

*** POSSIBLE NEW DISCOVERY! ***
Region: RA=189.2, Dec=7.9, Night=55999
  MJD=55999.23331 RA=189.35039 Dec=7.85665 Mag=19.60
  MJD=55999.46481 RA=189.36327 Dec=7.93986 Mag=19.47
  MJD=55999.47082 RA=189.36344 Dec=7.94163 Mag=19.98

*** POSSIBLE NEW DISCOVERY! ***
Region: RA=189.2, Dec=7.9, Night=55999
  MJD=55999.23331 RA=189.35039 Dec=7.85665 Mag=19.60
  MJD=55999.46481 RA=189.36351 Dec=7.89084 Mag=20.22
  MJD=55999.47082 RA=189.36360 Dec=7.89276 Mag=20.19

*** POSSIBLE NEW DISCOVERY! ***
Region: RA=189.2, Dec=7.9, Night=55999
  MJD=55999.23331 RA=189.35239 Dec=7.85469 Mag=19.59
  MJD=55999.46481 RA=189.33869 Dec=7.92271 Mag=20.32
  MJD=55999.47082 RA=189.33886 Dec=7.92492 Mag=19.80

*** POSSIBLE NEW DISCOVERY! ***
Region: RA=189.2, Dec=7.9, Night=55999
  MJD=55999.23331 RA=189.35239 Dec=7.85469 Mag=19.59
  MJD=55999.46481 RA=189.36303 Dec=7.98860 Mag=20.79
  MJD=55999.47082 RA=189.36319 Dec=7.99157 Mag=19.92

*** POSSIBLE NEW DISCOVERY! ***
Region: RA=189.2, Dec=7.9, Night=55999
  MJD=55999.23331 RA=189.35239 Dec=7.85469 Mag=19.59
  MJD=55999.46481 RA=189.36303 Dec=7.99464 Mag=20.44
  MJD=55999.47082 RA=189.36313 Dec=7.99803 Mag=20.34

*** POSSIBLE NEW DISCOVERY! ***
Region: RA=189.2, Dec=7.9, Night=55999
  MJD=55999.23331 RA=189.35239 Dec=7.85469 Mag=19.59
  MJD=55999.46481 RA=189.36327 Dec=7.93986 Mag=19.47
  MJD=55999.47082 RA=189.36344 Dec=7.94163 Mag=19.98

*** POSSIBLE NEW DISCOVERY! ***
Region: RA=189.2, Dec=7.9, Night=55999
  MJD=55999.23331 RA=189.35239 Dec=7.85469 Mag=19.59
  MJD=55999.46481 RA=189.36351 Dec=7.89084 Mag=20.22
  MJD=55999.47082 RA=189.36360 Dec=7.89276 Mag=20.19

*** POSSIBLE NEW DISCOVERY! ***
Region: RA=189.2, Dec=7.9, Night=55999
  MJD=55999.23331 RA=189.25455 Dec=7.93129 Mag=19.98
  MJD=55999.46481 RA=189.24153 Dec=7.96284 Mag=15.83
  MJD=55999.47082 RA=189.24229 Dec=7.96382 Mag=15.48

*** POSSIBLE NEW DISCOVERY! ***
Region: RA=189.2, Dec=7.9, Night=55999
  MJD=55999.23331 RA=189.36959 Dec=7.84242 Mag=20.86
  MJD=55999.46481 RA=189.33869 Dec=7.92271 Mag=20.32
  MJD=55999.47082 RA=189.33886 Dec=7.92492 Mag=19.80

*** POSSIBLE NEW DISCOVERY! ***
Region: RA=189.2, Dec=7.9, Night=55999
  MJD=55999.23331 RA=189.36959 Dec=7.84242 Mag=20.86
  MJD=55999.46481 RA=189.36303 Dec=7.98860 Mag=20.79
  MJD=55999.47082 RA=189.36319 Dec=7.99157 Mag=19.92

*** POSSIBLE NEW DISCOVERY! ***
Region: RA=189.2, Dec=7.9, Night=55999
  MJD=55999.23331 RA=189.36959 Dec=7.84242 Mag=20.86
  MJD=55999.46481 RA=189.36303 Dec=7.99464 Mag=20.44
  MJD=55999.47082 RA=189.36313 Dec=7.99803 Mag=20.34

*** POSSIBLE NEW DISCOVERY! ***
Region: RA=189.2, Dec=7.9, Night=55999
  MJD=55999.23331 RA=189.36959 Dec=7.84242 Mag=20.86
  MJD=55999.46481 RA=189.36327 Dec=7.93986 Mag=19.47
  MJD=55999.47082 RA=189.36344 Dec=7.94163 Mag=19.98

*** POSSIBLE NEW DISCOVERY! ***
Region: RA=189.2, Dec=7.9, Night=55999
  MJD=55999.23331 RA=189.36959 Dec=7.84242 Mag=20.86
  MJD=55999.46481 RA=189.36351 Dec=7.89084 Mag=20.22
  MJD=55999.47082 RA=189.36360 Dec=7.89276 Mag=20.19

*** POSSIBLE NEW DISCOVERY! ***
Region: RA=189.2, Dec=7.9, Night=55999
  MJD=55999.24141 RA=189.11294 Dec=8.03180 Mag=19.79
  MJD=55999.28113 RA=189.10458 Dec=8.03728 Mag=19.88
  MJD=55999.39106 RA=189.08156 Dec=8.05198 Mag=19.92

*** POSSIBLE NEW DISCOVERY! ***
Region: RA=189.2, Dec=7.9, Night=55999
  MJD=55999.24141 RA=189.26383 Dec=7.95751 Mag=19.44
  MJD=55999.28113 RA=189.25285 Dec=7.93413 Mag=20.97
  MJD=55999.39106 RA=189.22330 Dec=7.86888 Mag=17.37

*** POSSIBLE NEW DISCOVERY! ***
Region: RA=189.2, Dec=7.9, Night=55999
  MJD=55999.24141 RA=189.11294 Dec=8.03180 Mag=19.79
  MJD=55999.28113 RA=189.10458 Dec=8.03728 Mag=19.88
  MJD=55999.46481 RA=189.06618 Dec=8.06190 Mag=20.02

*** POSSIBLE NEW DISCOVERY! ***
Region: RA=189.2, Dec=7.9, Night=55999
  MJD=55999.24141 RA=189.11294 Dec=8.03180 Mag=19.79
  MJD=55999.28113 RA=189.10458 Dec=8.03728 Mag=19.88
  MJD=55999.47082 RA=189.06489 Dec=8.06261 Mag=19.92

*** POSSIBLE NEW DISCOVERY! ***
Region: RA=189.2, Dec=7.9, Night=55999
  MJD=55999.24141 RA=189.33940 Dec=7.99976 Mag=20.02
  MJD=55999.28461 RA=189.33900 Dec=7.97495 Mag=20.11
  MJD=55999.34763 RA=189.33901 Dec=7.93828 Mag=20.08

*** POSSIBLE NEW DISCOVERY! ***
Region: RA=189.2, Dec=7.9, Night=55999
  MJD=55999.24141 RA=189.11294 Dec=8.03180 Mag=19.79
  MJD=55999.28461 RA=189.10387 Dec=8.03771 Mag=20.10
  MJD=55999.39106 RA=189.08156 Dec=8.05198 Mag=19.92

*** POSSIBLE NEW DISCOVERY! ***
Region: RA=189.2, Dec=7.9, Night=55999
  MJD=55999.24141 RA=189.11294 Dec=8.03180 Mag=19.79
  MJD=55999.28461 RA=189.10387 Dec=8.03771 Mag=20.10
  MJD=55999.46481 RA=189.06618 Dec=8.06190 Mag=20.02

*** POSSIBLE NEW DISCOVERY! ***
Region: RA=189.2, Dec=7.9, Night=55999
  MJD=55999.24141 RA=189.11294 Dec=8.03180 Mag=19.79
  MJD=55999.28461 RA=189.10387 Dec=8.03771 Mag=20.10
  MJD=55999.47082 RA=189.06489 Dec=8.06261 Mag=19.92

*** POSSIBLE NEW DISCOVERY! ***
Region: RA=189.2, Dec=7.9, Night=55999
  MJD=55999.24141 RA=189.25337 Dec=8.05235 Mag=21.04
  MJD=55999.34763 RA=189.28458 Dec=8.03514 Mag=19.28
  MJD=55999.39106 RA=189.29791 Dec=8.02779 Mag=19.08

*** POSSIBLE NEW DISCOVERY! ***
Region: RA=189.2, Dec=7.9, Night=55999
  MJD=55999.24141 RA=189.28524 Dec=8.03385 Mag=19.69
  MJD=55999.34763 RA=189.28527 Dec=7.97862 Mag=20.07
  MJD=55999.46481 RA=189.28481 Dec=7.91852 Mag=19.92

*** POSSIBLE NEW DISCOVERY! ***
Region: RA=189.2, Dec=7.9, Night=55999
  MJD=55999.24141 RA=189.28591 Dec=7.89795 Mag=19.60
  MJD=55999.34763 RA=189.28527 Dec=7.97862 Mag=20.07
  MJD=55999.46481 RA=189.28412 Dec=8.06839 Mag=19.85

*** POSSIBLE NEW DISCOVERY! ***
Region: RA=189.2, Dec=7.9, Night=55999
  MJD=55999.24141 RA=189.28524 Dec=8.03385 Mag=19.69
  MJD=55999.34763 RA=189.28458 Dec=8.03514 Mag=19.28
  MJD=55999.47082 RA=189.28432 Dec=8.03653 Mag=19.30

*** POSSIBLE NEW DISCOVERY! ***
Region: RA=189.2, Dec=7.9, Night=55999
  MJD=55999.24141 RA=189.29466 Dec=8.05503 Mag=20.29
  MJD=55999.39106 RA=189.28844 Dec=8.03070 Mag=19.66
  MJD=55999.46481 RA=189.28433 Dec=8.01870 Mag=19.70

*** POSSIBLE NEW DISCOVERY! ***
Region: RA=189.2, Dec=7.9, Night=55999
  MJD=55999.24141 RA=189.37689 Dec=7.89082 Mag=20.68
  MJD=55999.39106 RA=189.36759 Dec=7.88495 Mag=20.44
  MJD=55999.46481 RA=189.36335 Dec=7.88126 Mag=19.28

*** POSSIBLE NEW DISCOVERY! ***
Region: RA=189.2, Dec=7.9, Night=55999
  MJD=55999.24141 RA=189.11294 Dec=8.03180 Mag=19.79
  MJD=55999.39106 RA=189.08156 Dec=8.05198 Mag=19.92
  MJD=55999.46481 RA=189.06618 Dec=8.06190 Mag=20.02

*** POSSIBLE NEW DISCOVERY! ***
Region: RA=189.2, Dec=7.9, Night=55999Candidate discovery at RA=189.2, Dec=7.9, Night=55999
  MJD=55999.24141 RA=189.32595 Dec=7.91816 Mag=20.82
  MJD=55999.39106 RA=189.29851 Dec=7.90369 Mag=18.63
  MJD=55999.46481 RA=189.28496 Dec=7.89602 Mag=19.23
WARNING: NoResultsWarning: No objects were found with the query constraints. [astroquery.imcce.core]
Candidate discovery at RA=189.2, Dec=7.9, Night=55999
  MJD=55999.24141 RA=189.39854 Dec=7.84831 Mag=20.27
  MJD=55999.39106 RA=189.37478 Dec=7.91035 Mag=19.61
  MJD=55999.46481 RA=189.36327 Dec=7.93986 Mag=19.47
WARNING: NoResultsWarning: No objects were found with the query constraints. [astroquery.imcce.core]
Candidate discovery at RA=189.2, Dec=7.9, Night=55999
  MJD=55999.24141 RA=189.29444 Dec=8.09596 Mag=19.96
  MJD=55999.39106 RA=189.28829 Dec=8.04863 Mag=19.65
  MJD=55999.47082 RA=189.28439 Dec=8.02404 Mag=19.96
WARNING: NoResultsWarning: No objects were found with the query constraints. [astroquery.imcce.core]
Candidate discovery at RA=189.2, Dec=7.9, Night=55999
  MJD=55999.24141 RA=189.29459 Dec=8.07018 Mag=20.15
  MJD=55999.39106 RA=189.28829 Dec=8.04863 Mag=19.65
  MJD=55999.47082 RA=189.28432 Dec=8.03653 Mag=19.30
WARNING: NoResultsWarning: No objects were found with the query constraints. [astroquery.imcce.core]
Candidate discovery at RA=189.2, Dec=7.9, Night=55999
  MJD=55999.24141 RA=189.29459 Dec=8.07018 Mag=20.15
  MJD=55999.39106 RA=189.28829 Dec=8.04863 Mag=19.65
  MJD=55999.47082 RA=189.28493 Dec=8.03789 Mag=19.36
WARNING: NoResultsWarning: No objects were found with the query constraints. [astroquery.imcce.core]
Candidate discovery at RA=189.2, Dec=7.9, Night=55999
  MJD=55999.24141 RA=189.29466 Dec=8.05503 Mag=20.29
  MJD=55999.39106 RA=189.28834 Dec=8.03515 Mag=19.79
  MJD=55999.47082 RA=189.28439 Dec=8.02404 Mag=19.96
WARNING: NoResultsWarning: No objects were found with the query constraints. [astroquery.imcce.core]
Candidate discovery at RA=189.2, Dec=7.9, Night=55999
  MJD=55999.24141 RA=189.33940 Dec=7.99976 Mag=20.02
  MJD=55999.39106 RA=189.28901 Dec=7.90249 Mag=20.02
  MJD=55999.47082 RA=189.26244 Dec=7.85043 Mag=19.77
WARNING: NoResultsWarning: No objects were found with the query constraints. [astroquery.imcce.core]
Candidate discovery at RA=189.2, Dec=7.9, Night=55999
  MJD=55999.24141 RA=189.11294 Dec=8.03180 Mag=19.79
  MJD=55999.39106 RA=189.08156 Dec=8.05198 Mag=19.92
  MJD=55999.47082 RA=189.06489 Dec=8.06261 Mag=19.92
WARNING: NoResultsWarning: No objects were found with the query constraints. [astroquery.imcce.core]
Candidate discovery at RA=189.2, Dec=7.9, Night=55999
  MJD=55999.24141 RA=189.28564 Dec=7.94892 Mag=19.38
  MJD=55999.39106 RA=189.25794 Dec=7.95876 Mag=14.00
  MJD=55999.47082 RA=189.24229 Dec=7.96382 Mag=15.48
WARNING: NoResultsWarning: No objects were found with the query constraints. [astroquery.imcce.core]
Candidate discovery at RA=189.2, Dec=7.9, Night=55999
  MJD=55999.24141 RA=189.08072 Dec=7.86784 Mag=20.28
  MJD=55999.39106 RA=189.08072 Dec=7.87507 Mag=19.79
  MJD=55999.47082 RA=189.08063 Dec=7.87809 Mag=19.84
WARNING: NoResultsWarning: No objects were found with the query constraints. [astroquery.imcce.core]
Candidate discovery at RA=189.2, Dec=7.9, Night=55999
  MJD=55999.24141 RA=189.08072 Dec=7.86784 Mag=20.28
  MJD=55999.39106 RA=189.08072 Dec=7.87507 Mag=19.79
  MJD=55999.47082 RA=189.08071 Dec=7.87965 Mag=20.34
WARNING: NoResultsWarning: No objects were found with the query constraints. [astroquery.imcce.core]
Candidate discovery at RA=189.2, Dec=7.9, Night=55999
  MJD=55999.24141 RA=189.28512 Dec=8.01834 Mag=19.78
  MJD=55999.46481 RA=189.29434 Dec=7.91307 Mag=19.68
  MJD=55999.47082 RA=189.29448 Dec=7.91047 Mag=19.48
WARNING: NoResultsWarning: No objects were found with the query constraints. [astroquery.imcce.core]
Candidate discovery at RA=189.2, Dec=7.9, Night=55999
  MJD=55999.24141 RA=189.28521 Dec=8.04319 Mag=20.70
  MJD=55999.46481 RA=189.29434 Dec=7.91307 Mag=19.68
  MJD=55999.47082 RA=189.29448 Dec=7.91047 Mag=19.48
WARNING: NoResultsWarning: No objects were found with the query constraints. [astroquery.imcce.core]
Candidate discovery at RA=189.2, Dec=7.9, Night=55999
  MJD=55999.24141 RA=189.28524 Dec=8.03385 Mag=19.69
  MJD=55999.46481 RA=189.29434 Dec=7.91307 Mag=19.68
  MJD=55999.47082 RA=189.29448 Dec=7.91047 Mag=19.48
WARNING: NoResultsWarning: No objects were found with the query constraints. [astroquery.imcce.core]
Candidate discovery at RA=189.2, Dec=7.9, Night=55999
  MJD=55999.24141 RA=189.33915 Dec=8.04402 Mag=19.99
  MJD=55999.46481 RA=189.36327 Dec=7.93986 Mag=19.47
  MJD=55999.47082 RA=189.36349 Dec=7.93729 Mag=20.49
WARNING: NoResultsWarning: No objects were found with the query constraints. [astroquery.imcce.core]
Candidate discovery at RA=189.2, Dec=7.9, Night=55999
  MJD=55999.24141 RA=189.33915 Dec=8.04402 Mag=19.99
  MJD=55999.46481 RA=189.36339 Dec=7.90126 Mag=19.06
  MJD=55999.47082 RA=189.36355 Dec=7.89706 Mag=19.60
WARNING: NoResultsWarning: No objects were found with the query constraints. [astroquery.imcce.core]
Candidate discovery at RA=189.2, Dec=7.9, Night=55999
  MJD=55999.24141 RA=189.33937 Dec=7.99155 Mag=20.48
  MJD=55999.46481 RA=189.36336 Dec=7.92074 Mag=20.05
  MJD=55999.47082 RA=189.36346 Dec=7.91974 Mag=20.10
WARNING: NoResultsWarning: No objects were found with the query constraints. [astroquery.imcce.core]
Candidate discovery at RA=189.2, Dec=7.9, Night=55999
  MJD=55999.24141 RA=189.33937 Dec=7.99155 Mag=20.48
  MJD=55999.46481 RA=189.36351 Dec=7.89084 Mag=20.22
  MJD=55999.47082 RA=189.36363 Dec=7.88789 Mag=19.89
WARNING: NoResultsWarning: No objects were found with the query constraints. [astroquery.imcce.core]
Candidate discovery at RA=189.2, Dec=7.9, Night=55999
  MJD=55999.24141 RA=189.33940 Dec=7.99976 Mag=20.02
  MJD=55999.46481 RA=189.36327 Dec=7.93986 Mag=19.47
  MJD=55999.47082 RA=189.36349 Dec=7.93729 Mag=20.49
WARNING: NoResultsWarning: No objects were found with the query constraints. [astroquery.imcce.core]
Candidate discovery at RA=189.2, Dec=7.9, Night=55999
  MJD=55999.24141 RA=189.33940 Dec=7.99976 Mag=20.02
  MJD=55999.46481 RA=189.36351 Dec=7.89084 Mag=20.22
  MJD=55999.47082 RA=189.36363 Dec=7.88789 Mag=19.89
WARNING: NoResultsWarning: No objects were found with the query constraints. [astroquery.imcce.core]
Candidate discovery at RA=189.2, Dec=7.9, Night=55999
  MJD=55999.24141 RA=189.36436 Dec=7.91403 Mag=20.74
  MJD=55999.46481 RA=189.33830 Dec=7.98748 Mag=19.61
  MJD=55999.47082 RA=189.33850 Dec=7.98910 Mag=19.70
WARNING: NoResultsWarning: No objects were found with the query constraints. [astroquery.imcce.core]
Candidate discovery at RA=189.2, Dec=7.9, Night=55999
  MJD=55999.24141 RA=189.36436 Dec=7.91403 Mag=20.74
  MJD=55999.46481 RA=189.36303 Dec=7.98860 Mag=20.79
  MJD=55999.47082 RA=189.36319 Dec=7.99157 Mag=19.92
WARNING: NoResultsWarning: No objects were found with the query constraints. [astroquery.imcce.core]
Candidate discovery at RA=189.2, Dec=7.9, Night=55999
  MJD=55999.24141 RA=189.36436 Dec=7.91403 Mag=20.74
  MJD=55999.46481 RA=189.36327 Dec=7.93986 Mag=19.47
  MJD=55999.47082 RA=189.36344 Dec=7.94163 Mag=19.98
WARNING: NoResultsWarning: No objects were found with the query constraints. [astroquery.imcce.core]
Candidate discovery at RA=189.2, Dec=7.9, Night=55999
  MJD=55999.24141 RA=189.36436 Dec=7.91403 Mag=20.74
  MJD=55999.46481 RA=189.36351 Dec=7.89084 Mag=20.22
  MJD=55999.47082 RA=189.36365 Dec=7.89013 Mag=19.91
WARNING: NoResultsWarning: No objects were found with the query constraints. [astroquery.imcce.core]
Candidate discovery at RA=189.2, Dec=7.9, Night=55999
  MJD=55999.24141 RA=189.36436 Dec=7.91403 Mag=20.74
  MJD=55999.46481 RA=189.36351 Dec=7.89084 Mag=20.22
  MJD=55999.47082 RA=189.36366 Dec=7.88916 Mag=19.93
WARNING: NoResultsWarning: No objects were found with the query constraints. [astroquery.imcce.core]
Candidate discovery at RA=189.2, Dec=7.9, Night=55999
  MJD=55999.24141 RA=189.37689 Dec=7.89082 Mag=20.68
  MJD=55999.46481 RA=189.36303 Dec=7.98860 Mag=20.79
  MJD=55999.47082 RA=189.36319 Dec=7.99157 Mag=19.92
WARNING: NoResultsWarning: No objects were found with the query constraints. [astroquery.imcce.core]
Candidate discovery at RA=189.2, Dec=7.9, Night=55999
  MJD=55999.24141 RA=189.37689 Dec=7.89082 Mag=20.68
  MJD=55999.46481 RA=189.36303 Dec=7.99464 Mag=20.44
  MJD=55999.47082 RA=189.36313 Dec=7.99803 Mag=20.34
WARNING: NoResultsWarning: No objects were found with the query constraints. [astroquery.imcce.core]
Candidate discovery at RA=189.2, Dec=7.9, Night=55999
  MJD=55999.24141 RA=189.37689 Dec=7.89082 Mag=20.68
  MJD=55999.46481 RA=189.36327 Dec=7.93986 Mag=19.47
  MJD=55999.47082 RA=189.36344 Dec=7.94163 Mag=19.98
WARNING: NoResultsWarning: No objects were found with the query constraints. [astroquery.imcce.core]
Candidate discovery at RA=189.2, Dec=7.9, Night=55999
  MJD=55999.24141 RA=189.37689 Dec=7.89082 Mag=20.68
  MJD=55999.46481 RA=189.36351 Dec=7.89084 Mag=20.22
  MJD=55999.47082 RA=189.36365 Dec=7.89013 Mag=19.91
WARNING: NoResultsWarning: No objects were found with the query constraints. [astroquery.imcce.core]
Candidate discovery at RA=189.2, Dec=7.9, Night=55999
  MJD=55999.24141 RA=189.11294 Dec=8.03180 Mag=19.79
  MJD=55999.46481 RA=189.06618 Dec=8.06190 Mag=20.02
  MJD=55999.47082 RA=189.06489 Dec=8.06261 Mag=19.92
WARNING: NoResultsWarning: No objects were found with the query constraints. [astroquery.imcce.core]
Candidate discovery at RA=189.2, Dec=7.9, Night=55999
  MJD=55999.24141 RA=189.19248 Dec=7.93337 Mag=21.42
  MJD=55999.46481 RA=189.24153 Dec=7.96284 Mag=15.83
  MJD=55999.47082 RA=189.24229 Dec=7.96382 Mag=15.48
WARNING: NoResultsWarning: No objects were found with the query constraints. [astroquery.imcce.core]
Candidate discovery at RA=189.2, Dec=7.9, Night=55999
  MJD=55999.24141 RA=189.25279 Dec=7.93168 Mag=20.01
  MJD=55999.46481 RA=189.24153 Dec=7.96284 Mag=15.83
  MJD=55999.47082 RA=189.24229 Dec=7.96382 Mag=15.48
WARNING: NoResultsWarning: No objects were found with the query constraints. [astroquery.imcce.core]
Candidate discovery at RA=189.2, Dec=7.9, Night=55999
  MJD=55999.24141 RA=189.32595 Dec=7.91816 Mag=20.82
  MJD=55999.46481 RA=189.33830 Dec=7.98748 Mag=19.61
  MJD=55999.47082 RA=189.33850 Dec=7.98910 Mag=19.70
WARNING: NoResultsWarning: No objects were found with the query constraints. [astroquery.imcce.core]
Candidate discovery at RA=189.2, Dec=7.9, Night=55999
  MJD=55999.24141 RA=189.32595 Dec=7.91816 Mag=20.82
  MJD=55999.46481 RA=189.36351 Dec=7.89084 Mag=20.22
  MJD=55999.47082 RA=189.36365 Dec=7.89013 Mag=19.91
WARNING: NoResultsWarning: No objects were found with the query constraints. [astroquery.imcce.core]
Candidate discovery at RA=189.2, Dec=7.9, Night=55999
  MJD=55999.24141 RA=189.25602 Dec=7.84847 Mag=16.73
  MJD=55999.46481 RA=189.28360 Dec=8.01882 Mag=19.33
  MJD=55999.47082 RA=189.28439 Dec=8.02404 Mag=19.96
WARNING: NoResultsWarning: No objects were found with the query constraints. [astroquery.imcce.core]

  MJD=55999.24141 RA=189.32595 Dec=7.91816 Mag=20.82
  MJD=55999.39106 RA=189.29851 Dec=7.90369 Mag=18.63
  MJD=55999.46481 RA=189.28496 Dec=7.89602 Mag=19.23

*** POSSIBLE NEW DISCOVERY! ***
Region: RA=189.2, Dec=7.9, Night=55999
  MJD=55999.24141 RA=189.39854 Dec=7.84831 Mag=20.27
  MJD=55999.39106 RA=189.37478 Dec=7.91035 Mag=19.61
  MJD=55999.46481 RA=189.36327 Dec=7.93986 Mag=19.47

*** POSSIBLE NEW DISCOVERY! ***
Region: RA=189.2, Dec=7.9, Night=55999
  MJD=55999.24141 RA=189.29444 Dec=8.09596 Mag=19.96
  MJD=55999.39106 RA=189.28829 Dec=8.04863 Mag=19.65
  MJD=55999.47082 RA=189.28439 Dec=8.02404 Mag=19.96

*** POSSIBLE NEW DISCOVERY! ***
Region: RA=189.2, Dec=7.9, Night=55999
  MJD=55999.24141 RA=189.29459 Dec=8.07018 Mag=20.15
  MJD=55999.39106 RA=189.28829 Dec=8.04863 Mag=19.65
  MJD=55999.47082 RA=189.28432 Dec=8.03653 Mag=19.30

*** POSSIBLE NEW DISCOVERY! ***
Region: RA=189.2, Dec=7.9, Night=55999
  MJD=55999.24141 RA=189.29459 Dec=8.07018 Mag=20.15
  MJD=55999.39106 RA=189.28829 Dec=8.04863 Mag=19.65
  MJD=55999.47082 RA=189.28493 Dec=8.03789 Mag=19.36

*** POSSIBLE NEW DISCOVERY! ***
Region: RA=189.2, Dec=7.9, Night=55999
  MJD=55999.24141 RA=189.29466 Dec=8.05503 Mag=20.29
  MJD=55999.39106 RA=189.28834 Dec=8.03515 Mag=19.79
  MJD=55999.47082 RA=189.28439 Dec=8.02404 Mag=19.96

*** POSSIBLE NEW DISCOVERY! ***
Region: RA=189.2, Dec=7.9, Night=55999
  MJD=55999.24141 RA=189.33940 Dec=7.99976 Mag=20.02
  MJD=55999.39106 RA=189.28901 Dec=7.90249 Mag=20.02
  MJD=55999.47082 RA=189.26244 Dec=7.85043 Mag=19.77

*** POSSIBLE NEW DISCOVERY! ***
Region: RA=189.2, Dec=7.9, Night=55999
  MJD=55999.24141 RA=189.11294 Dec=8.03180 Mag=19.79
  MJD=55999.39106 RA=189.08156 Dec=8.05198 Mag=19.92
  MJD=55999.47082 RA=189.06489 Dec=8.06261 Mag=19.92

*** POSSIBLE NEW DISCOVERY! ***
Region: RA=189.2, Dec=7.9, Night=55999
  MJD=55999.24141 RA=189.28564 Dec=7.94892 Mag=19.38
  MJD=55999.39106 RA=189.25794 Dec=7.95876 Mag=14.00
  MJD=55999.47082 RA=189.24229 Dec=7.96382 Mag=15.48

*** POSSIBLE NEW DISCOVERY! ***
Region: RA=189.2, Dec=7.9, Night=55999
  MJD=55999.24141 RA=189.08072 Dec=7.86784 Mag=20.28
  MJD=55999.39106 RA=189.08072 Dec=7.87507 Mag=19.79
  MJD=55999.47082 RA=189.08063 Dec=7.87809 Mag=19.84

*** POSSIBLE NEW DISCOVERY! ***
Region: RA=189.2, Dec=7.9, Night=55999
  MJD=55999.24141 RA=189.08072 Dec=7.86784 Mag=20.28
  MJD=55999.39106 RA=189.08072 Dec=7.87507 Mag=19.79
  MJD=55999.47082 RA=189.08071 Dec=7.87965 Mag=20.34

*** POSSIBLE NEW DISCOVERY! ***
Region: RA=189.2, Dec=7.9, Night=55999
  MJD=55999.24141 RA=189.28512 Dec=8.01834 Mag=19.78
  MJD=55999.46481 RA=189.29434 Dec=7.91307 Mag=19.68
  MJD=55999.47082 RA=189.29448 Dec=7.91047 Mag=19.48

*** POSSIBLE NEW DISCOVERY! ***
Region: RA=189.2, Dec=7.9, Night=55999
  MJD=55999.24141 RA=189.28521 Dec=8.04319 Mag=20.70
  MJD=55999.46481 RA=189.29434 Dec=7.91307 Mag=19.68
  MJD=55999.47082 RA=189.29448 Dec=7.91047 Mag=19.48

*** POSSIBLE NEW DISCOVERY! ***
Region: RA=189.2, Dec=7.9, Night=55999
  MJD=55999.24141 RA=189.28524 Dec=8.03385 Mag=19.69
  MJD=55999.46481 RA=189.29434 Dec=7.91307 Mag=19.68
  MJD=55999.47082 RA=189.29448 Dec=7.91047 Mag=19.48

*** POSSIBLE NEW DISCOVERY! ***
Region: RA=189.2, Dec=7.9, Night=55999
  MJD=55999.24141 RA=189.33915 Dec=8.04402 Mag=19.99
  MJD=55999.46481 RA=189.36327 Dec=7.93986 Mag=19.47
  MJD=55999.47082 RA=189.36349 Dec=7.93729 Mag=20.49

*** POSSIBLE NEW DISCOVERY! ***
Region: RA=189.2, Dec=7.9, Night=55999
  MJD=55999.24141 RA=189.33915 Dec=8.04402 Mag=19.99
  MJD=55999.46481 RA=189.36339 Dec=7.90126 Mag=19.06
  MJD=55999.47082 RA=189.36355 Dec=7.89706 Mag=19.60

*** POSSIBLE NEW DISCOVERY! ***
Region: RA=189.2, Dec=7.9, Night=55999
  MJD=55999.24141 RA=189.33937 Dec=7.99155 Mag=20.48
  MJD=55999.46481 RA=189.36336 Dec=7.92074 Mag=20.05
  MJD=55999.47082 RA=189.36346 Dec=7.91974 Mag=20.10

*** POSSIBLE NEW DISCOVERY! ***
Region: RA=189.2, Dec=7.9, Night=55999
  MJD=55999.24141 RA=189.33937 Dec=7.99155 Mag=20.48
  MJD=55999.46481 RA=189.36351 Dec=7.89084 Mag=20.22
  MJD=55999.47082 RA=189.36363 Dec=7.88789 Mag=19.89

*** POSSIBLE NEW DISCOVERY! ***
Region: RA=189.2, Dec=7.9, Night=55999
  MJD=55999.24141 RA=189.33940 Dec=7.99976 Mag=20.02
  MJD=55999.46481 RA=189.36327 Dec=7.93986 Mag=19.47
  MJD=55999.47082 RA=189.36349 Dec=7.93729 Mag=20.49

*** POSSIBLE NEW DISCOVERY! ***
Region: RA=189.2, Dec=7.9, Night=55999
  MJD=55999.24141 RA=189.33940 Dec=7.99976 Mag=20.02
  MJD=55999.46481 RA=189.36351 Dec=7.89084 Mag=20.22
  MJD=55999.47082 RA=189.36363 Dec=7.88789 Mag=19.89

*** POSSIBLE NEW DISCOVERY! ***
Region: RA=189.2, Dec=7.9, Night=55999
  MJD=55999.24141 RA=189.36436 Dec=7.91403 Mag=20.74
  MJD=55999.46481 RA=189.33830 Dec=7.98748 Mag=19.61
  MJD=55999.47082 RA=189.33850 Dec=7.98910 Mag=19.70

*** POSSIBLE NEW DISCOVERY! ***
Region: RA=189.2, Dec=7.9, Night=55999
  MJD=55999.24141 RA=189.36436 Dec=7.91403 Mag=20.74
  MJD=55999.46481 RA=189.36303 Dec=7.98860 Mag=20.79
  MJD=55999.47082 RA=189.36319 Dec=7.99157 Mag=19.92

*** POSSIBLE NEW DISCOVERY! ***
Region: RA=189.2, Dec=7.9, Night=55999
  MJD=55999.24141 RA=189.36436 Dec=7.91403 Mag=20.74
  MJD=55999.46481 RA=189.36327 Dec=7.93986 Mag=19.47
  MJD=55999.47082 RA=189.36344 Dec=7.94163 Mag=19.98

*** POSSIBLE NEW DISCOVERY! ***
Region: RA=189.2, Dec=7.9, Night=55999
  MJD=55999.24141 RA=189.36436 Dec=7.91403 Mag=20.74
  MJD=55999.46481 RA=189.36351 Dec=7.89084 Mag=20.22
  MJD=55999.47082 RA=189.36365 Dec=7.89013 Mag=19.91

*** POSSIBLE NEW DISCOVERY! ***
Region: RA=189.2, Dec=7.9, Night=55999
  MJD=55999.24141 RA=189.36436 Dec=7.91403 Mag=20.74
  MJD=55999.46481 RA=189.36351 Dec=7.89084 Mag=20.22
  MJD=55999.47082 RA=189.36366 Dec=7.88916 Mag=19.93

*** POSSIBLE NEW DISCOVERY! ***
Region: RA=189.2, Dec=7.9, Night=55999
  MJD=55999.24141 RA=189.37689 Dec=7.89082 Mag=20.68
  MJD=55999.46481 RA=189.36303 Dec=7.98860 Mag=20.79
  MJD=55999.47082 RA=189.36319 Dec=7.99157 Mag=19.92

*** POSSIBLE NEW DISCOVERY! ***
Region: RA=189.2, Dec=7.9, Night=55999
  MJD=55999.24141 RA=189.37689 Dec=7.89082 Mag=20.68
  MJD=55999.46481 RA=189.36303 Dec=7.99464 Mag=20.44
  MJD=55999.47082 RA=189.36313 Dec=7.99803 Mag=20.34

*** POSSIBLE NEW DISCOVERY! ***
Region: RA=189.2, Dec=7.9, Night=55999
  MJD=55999.24141 RA=189.37689 Dec=7.89082 Mag=20.68
  MJD=55999.46481 RA=189.36327 Dec=7.93986 Mag=19.47
  MJD=55999.47082 RA=189.36344 Dec=7.94163 Mag=19.98

*** POSSIBLE NEW DISCOVERY! ***
Region: RA=189.2, Dec=7.9, Night=55999
  MJD=55999.24141 RA=189.37689 Dec=7.89082 Mag=20.68
  MJD=55999.46481 RA=189.36351 Dec=7.89084 Mag=20.22
  MJD=55999.47082 RA=189.36365 Dec=7.89013 Mag=19.91

*** POSSIBLE NEW DISCOVERY! ***
Region: RA=189.2, Dec=7.9, Night=55999
  MJD=55999.24141 RA=189.11294 Dec=8.03180 Mag=19.79
  MJD=55999.46481 RA=189.06618 Dec=8.06190 Mag=20.02
  MJD=55999.47082 RA=189.06489 Dec=8.06261 Mag=19.92

*** POSSIBLE NEW DISCOVERY! ***
Region: RA=189.2, Dec=7.9, Night=55999
  MJD=55999.24141 RA=189.19248 Dec=7.93337 Mag=21.42
  MJD=55999.46481 RA=189.24153 Dec=7.96284 Mag=15.83
  MJD=55999.47082 RA=189.24229 Dec=7.96382 Mag=15.48

*** POSSIBLE NEW DISCOVERY! ***
Region: RA=189.2, Dec=7.9, Night=55999
  MJD=55999.24141 RA=189.25279 Dec=7.93168 Mag=20.01
  MJD=55999.46481 RA=189.24153 Dec=7.96284 Mag=15.83
  MJD=55999.47082 RA=189.24229 Dec=7.96382 Mag=15.48

*** POSSIBLE NEW DISCOVERY! ***
Region: RA=189.2, Dec=7.9, Night=55999
  MJD=55999.24141 RA=189.32595 Dec=7.91816 Mag=20.82
  MJD=55999.46481 RA=189.33830 Dec=7.98748 Mag=19.61
  MJD=55999.47082 RA=189.33850 Dec=7.98910 Mag=19.70

*** POSSIBLE NEW DISCOVERY! ***
Region: RA=189.2, Dec=7.9, Night=55999
  MJD=55999.24141 RA=189.32595 Dec=7.91816 Mag=20.82
  MJD=55999.46481 RA=189.36351 Dec=7.89084 Mag=20.22
  MJD=55999.47082 RA=189.36365 Dec=7.89013 Mag=19.91

*** POSSIBLE NEW DISCOVERY! ***
Region: RA=189.2, Dec=7.9, Night=55999
  MJD=55999.24141 RA=189.25602 Dec=7.84847 Mag=16.73
  MJD=55999.46481 RA=189.28360 Dec=8.01882 Mag=19.33
  MJD=55999.47082 RA=189.28439 Dec=8.02404 Mag=19.96

*** POSSIBLE NEW DISCOVERY! ***
Region: RA=189.2, Dec=7.9, Night=55999
  MJD=55999.24141 RA=189.25602 Dec=7.84847 Mag=16.73
  MJD=55999.46481 RA=189.28433 Dec=8.01870 Mag=19.70
Candidate discovery at RA=189.2, Dec=7.9, Night=55999
  MJD=55999.24141 RA=189.25602 Dec=7.84847 Mag=16.73
  MJD=55999.46481 RA=189.28433 Dec=8.01870 Mag=19.70
  MJD=55999.47082 RA=189.28439 Dec=8.02404 Mag=19.96
WARNING: NoResultsWarning: No objects were found with the query constraints. [astroquery.imcce.core]
Candidate discovery at RA=189.2, Dec=7.9, Night=55999
  MJD=55999.24141 RA=189.28643 Dec=7.84791 Mag=17.87
  MJD=55999.46481 RA=189.28360 Dec=8.01882 Mag=19.33
  MJD=55999.47082 RA=189.28439 Dec=8.02404 Mag=19.96
WARNING: NoResultsWarning: No objects were found with the query constraints. [astroquery.imcce.core]
Candidate discovery at RA=189.2, Dec=7.9, Night=55999
  MJD=55999.24141 RA=189.28643 Dec=7.84791 Mag=17.87
  MJD=55999.46481 RA=189.28433 Dec=8.01870 Mag=19.70
  MJD=55999.47082 RA=189.28439 Dec=8.02404 Mag=19.96
WARNING: NoResultsWarning: No objects were found with the query constraints. [astroquery.imcce.core]
Candidate discovery at RA=189.2, Dec=7.9, Night=55999
  MJD=55999.24141 RA=189.30216 Dec=7.86260 Mag=20.69
  MJD=55999.46481 RA=189.33869 Dec=7.92271 Mag=20.32
  MJD=55999.47082 RA=189.33886 Dec=7.92492 Mag=19.80
WARNING: NoResultsWarning: No objects were found with the query constraints. [astroquery.imcce.core]
Candidate discovery at RA=189.2, Dec=7.9, Night=55999
  MJD=55999.24141 RA=189.30613 Dec=7.81412 Mag=19.49
  MJD=55999.46481 RA=189.33869 Dec=7.92271 Mag=20.32
  MJD=55999.47082 RA=189.33886 Dec=7.92492 Mag=19.80
WARNING: NoResultsWarning: No objects were found with the query constraints. [astroquery.imcce.core]
Candidate discovery at RA=189.2, Dec=7.9, Night=55999
  MJD=55999.24141 RA=189.31393 Dec=7.84796 Mag=20.04
  MJD=55999.46481 RA=189.33869 Dec=7.92271 Mag=20.32
  MJD=55999.47082 RA=189.33886 Dec=7.92492 Mag=19.80
WARNING: NoResultsWarning: No objects were found with the query constraints. [astroquery.imcce.core]
Candidate discovery at RA=189.2, Dec=7.9, Night=55999
  MJD=55999.24141 RA=189.36295 Dec=7.80355 Mag=20.38
  MJD=55999.46481 RA=189.36351 Dec=7.89084 Mag=20.22
  MJD=55999.47082 RA=189.36360 Dec=7.89276 Mag=20.19
WARNING: NoResultsWarning: No objects were found with the query constraints. [astroquery.imcce.core]
Candidate discovery at RA=189.2, Dec=7.9, Night=55999
  MJD=55999.24141 RA=189.38631 Dec=7.83635 Mag=20.58
  MJD=55999.46481 RA=189.36351 Dec=7.89084 Mag=20.22
  MJD=55999.47082 RA=189.36360 Dec=7.89276 Mag=20.19
WARNING: NoResultsWarning: No objects were found with the query constraints. [astroquery.imcce.core]
Candidate discovery at RA=189.2, Dec=7.9, Night=55999
  MJD=55999.24141 RA=189.39054 Dec=7.84824 Mag=19.21
  MJD=55999.46481 RA=189.36303 Dec=7.99464 Mag=20.44
  MJD=55999.47082 RA=189.36313 Dec=7.99803 Mag=20.34
WARNING: NoResultsWarning: No objects were found with the query constraints. [astroquery.imcce.core]
Candidate discovery at RA=189.2, Dec=7.9, Night=55999
  MJD=55999.28113 RA=189.37044 Dec=7.90956 Mag=20.78
  MJD=55999.34763 RA=189.33901 Dec=7.93828 Mag=20.08
  MJD=55999.47082 RA=189.28140 Dec=7.99200 Mag=19.31
WARNING: NoResultsWarning: No objects were found with the query constraints. [astroquery.imcce.core]
Candidate discovery at RA=189.2, Dec=7.9, Night=55999
  MJD=55999.28113 RA=189.10458 Dec=8.03728 Mag=19.88
  MJD=55999.39106 RA=189.08156 Dec=8.05198 Mag=19.92
  MJD=55999.46481 RA=189.06618 Dec=8.06190 Mag=20.02
WARNING: NoResultsWarning: No objects were found with the query constraints. [astroquery.imcce.core]
Candidate discovery at RA=189.2, Dec=7.9, Night=55999
  MJD=55999.28113 RA=189.20344 Dec=7.99143 Mag=18.83
  MJD=55999.39106 RA=189.25794 Dec=7.95876 Mag=14.00
  MJD=55999.46481 RA=189.29427 Dec=7.93740 Mag=19.23
WARNING: NoResultsWarning: No objects were found with the query constraints. [astroquery.imcce.core]
Candidate discovery at RA=189.2, Dec=7.9, Night=55999
  MJD=55999.28113 RA=189.29316 Dec=8.02076 Mag=20.84
  MJD=55999.39106 RA=189.28844 Dec=8.03070 Mag=19.66
  MJD=55999.47082 RA=189.28493 Dec=8.03789 Mag=19.36
WARNING: NoResultsWarning: No objects were found with the query constraints. [astroquery.imcce.core]
Candidate discovery at RA=189.2, Dec=7.9, Night=55999
  MJD=55999.28113 RA=189.10458 Dec=8.03728 Mag=19.88
  MJD=55999.39106 RA=189.08156 Dec=8.05198 Mag=19.92
  MJD=55999.47082 RA=189.06489 Dec=8.06261 Mag=19.92
WARNING: NoResultsWarning: No objects were found with the query constraints. [astroquery.imcce.core]
Candidate discovery at RA=189.2, Dec=7.9, Night=55999
  MJD=55999.28113 RA=189.21972 Dec=7.87249 Mag=21.08
  MJD=55999.39106 RA=189.28901 Dec=7.90249 Mag=20.02
  MJD=55999.47082 RA=189.33886 Dec=7.92492 Mag=19.80
WARNING: NoResultsWarning: No objects were found with the query constraints. [astroquery.imcce.core]
Candidate discovery at RA=189.2, Dec=7.9, Night=55999
  MJD=55999.28113 RA=189.22089 Dec=7.98840 Mag=20.98
  MJD=55999.39106 RA=189.28844 Dec=8.03070 Mag=19.66
  MJD=55999.47082 RA=189.33777 Dec=8.06058 Mag=19.50
WARNING: NoResultsWarning: No objects were found with the query constraints. [astroquery.imcce.core]
Candidate discovery at RA=189.2, Dec=7.9, Night=55999
  MJD=55999.28113 RA=189.29295 Dec=7.96219 Mag=21.30
  MJD=55999.39106 RA=189.28824 Dec=8.00635 Mag=19.52
  MJD=55999.47082 RA=189.28493 Dec=8.03789 Mag=19.36
WARNING: NoResultsWarning: No objects were found with the query constraints. [astroquery.imcce.core]
Candidate discovery at RA=189.2, Dec=7.9, Night=55999
  MJD=55999.28113 RA=189.27445 Dec=8.00362 Mag=21.41
  MJD=55999.46481 RA=189.29434 Dec=7.91307 Mag=19.68
  MJD=55999.47082 RA=189.29448 Dec=7.91047 Mag=19.48
WARNING: NoResultsWarning: No objects were found with the query constraints. [astroquery.imcce.core]
Candidate discovery at RA=189.2, Dec=7.9, Night=55999
  MJD=55999.28113 RA=189.27865 Dec=7.99499 Mag=20.72
  MJD=55999.46481 RA=189.29434 Dec=7.91307 Mag=19.68
  MJD=55999.47082 RA=189.29448 Dec=7.91047 Mag=19.48
WARNING: NoResultsWarning: No objects were found with the query constraints. [astroquery.imcce.core]
Candidate discovery at RA=189.2, Dec=7.9, Night=55999
  MJD=55999.28113 RA=189.29316 Dec=8.02076 Mag=20.84
  MJD=55999.46481 RA=189.29434 Dec=7.91307 Mag=19.68
  MJD=55999.47082 RA=189.29448 Dec=7.91047 Mag=19.48
WARNING: NoResultsWarning: No objects were found with the query constraints. [astroquery.imcce.core]
Candidate discovery at RA=189.2, Dec=7.9, Night=55999
  MJD=55999.28113 RA=189.30956 Dec=8.00789 Mag=21.07
  MJD=55999.46481 RA=189.29434 Dec=7.91307 Mag=19.68
  MJD=55999.47082 RA=189.29448 Dec=7.91047 Mag=19.48
WARNING: NoResultsWarning: No objects were found with the query constraints. [astroquery.imcce.core]
Candidate discovery at RA=189.2, Dec=7.9, Night=55999
  MJD=55999.28113 RA=189.34023 Dec=7.92550 Mag=21.25
  MJD=55999.46481 RA=189.33830 Dec=7.98748 Mag=19.61
  MJD=55999.47082 RA=189.33850 Dec=7.98910 Mag=19.70
WARNING: NoResultsWarning: No objects were found with the query constraints. [astroquery.imcce.core]
Candidate discovery at RA=189.2, Dec=7.9, Night=55999
  MJD=55999.28113 RA=189.34023 Dec=7.92550 Mag=21.25
  MJD=55999.46481 RA=189.36303 Dec=7.98860 Mag=20.79
  MJD=55999.47082 RA=189.36319 Dec=7.99157 Mag=19.92
WARNING: NoResultsWarning: No objects were found with the query constraints. [astroquery.imcce.core]
Candidate discovery at RA=189.2, Dec=7.9, Night=55999
  MJD=55999.28113 RA=189.34023 Dec=7.92550 Mag=21.25
  MJD=55999.46481 RA=189.36336 Dec=7.92074 Mag=20.05
  MJD=55999.47082 RA=189.36346 Dec=7.91974 Mag=20.10
WARNING: NoResultsWarning: No objects were found with the query constraints. [astroquery.imcce.core]
Candidate discovery at RA=189.2, Dec=7.9, Night=55999
  MJD=55999.28113 RA=189.34023 Dec=7.92550 Mag=21.25
  MJD=55999.46481 RA=189.36351 Dec=7.89084 Mag=20.22
  MJD=55999.47082 RA=189.36365 Dec=7.89013 Mag=19.91
WARNING: NoResultsWarning: No objects were found with the query constraints. [astroquery.imcce.core]
Candidate discovery at RA=189.2, Dec=7.9, Night=55999
  MJD=55999.28113 RA=189.34023 Dec=7.92550 Mag=21.25
  MJD=55999.46481 RA=189.36351 Dec=7.89084 Mag=20.22
  MJD=55999.47082 RA=189.36366 Dec=7.88916 Mag=19.93
WARNING: NoResultsWarning: No objects were found with the query constraints. [astroquery.imcce.core]
Candidate discovery at RA=189.2, Dec=7.9, Night=55999
  MJD=55999.28113 RA=189.34042 Dec=8.06978 Mag=20.92
  MJD=55999.46481 RA=189.36303 Dec=7.98860 Mag=20.79
  MJD=55999.47082 RA=189.36320 Dec=7.98554 Mag=20.07
WARNING: NoResultsWarning: No objects were found with the query constraints. [astroquery.imcce.core]
Candidate discovery at RA=189.2, Dec=7.9, Night=55999
  MJD=55999.28113 RA=189.34042 Dec=8.06978 Mag=20.92
  MJD=55999.46481 RA=189.36303 Dec=7.99464 Mag=20.44
  MJD=55999.47082 RA=189.36319 Dec=7.99157 Mag=19.92
WARNING: NoResultsWarning: No objects were found with the query constraints. [astroquery.imcce.core]
Candidate discovery at RA=189.2, Dec=7.9, Night=55999
  MJD=55999.28113 RA=189.34355 Dec=8.02239 Mag=20.45
  MJD=55999.46481 RA=189.36327 Dec=7.93986 Mag=19.47
  MJD=55999.47082 RA=189.36349 Dec=7.93729 Mag=20.49
WARNING: NoResultsWarning: No objects were found with the query constraints. [astroquery.imcce.core]
Candidate discovery at RA=189.2, Dec=7.9, Night=55999
  MJD=55999.28113 RA=189.34355 Dec=8.02239 Mag=20.45
  MJD=55999.46481 RA=189.36339 Dec=7.90126 Mag=19.06
  MJD=55999.47082 RA=189.36355 Dec=7.89706 Mag=19.60
WARNING: NoResultsWarning: No objects were found with the query constraints. [astroquery.imcce.core]
Candidate discovery at RA=189.2, Dec=7.9, Night=55999
  MJD=55999.28113 RA=189.35476 Dec=8.07948 Mag=20.66
  MJD=55999.46481 RA=189.36303 Dec=7.98860 Mag=20.79
  MJD=55999.47082 RA=189.36320 Dec=7.98554 Mag=20.07
WARNING: NoResultsWarning: No objects were found with the query constraints. [astroquery.imcce.core]
Candidate discovery at RA=189.2, Dec=7.9, Night=55999
  MJD=55999.28113 RA=189.35476 Dec=8.07948 Mag=20.66
  MJD=55999.46481 RA=189.36303 Dec=7.99464 Mag=20.44
  MJD=55999.47082 RA=189.36319 Dec=7.99157 Mag=19.92
WARNING: NoResultsWarning: No objects were found with the query constraints. [astroquery.imcce.core]
Candidate discovery at RA=189.2, Dec=7.9, Night=55999
  MJD=55999.28113 RA=189.36041 Dec=8.08756 Mag=20.65
  MJD=55999.46481 RA=189.36285 Dec=8.03470 Mag=19.76
  MJD=55999.47082 RA=189.36295 Dec=8.03193 Mag=19.69
WARNING: NoResultsWarning: No objects were found with the query constraints. [astroquery.imcce.core]
Candidate discovery at RA=189.2, Dec=7.9, Night=55999
  MJD=55999.28113 RA=189.36041 Dec=8.08756 Mag=20.65
  MJD=55999.46481 RA=189.36303 Dec=7.98860 Mag=20.79
  MJD=55999.47082 RA=189.36320 Dec=7.98554 Mag=20.07
WARNING: NoResultsWarning: No objects were found with the query constraints. [astroquery.imcce.core]
Candidate discovery at RA=189.2, Dec=7.9, Night=55999
  MJD=55999.28113 RA=189.36041 Dec=8.08756 Mag=20.65
  MJD=55999.46481 RA=189.36303 Dec=7.99464 Mag=20.44
  MJD=55999.47082 RA=189.36319 Dec=7.99157 Mag=19.92
WARNING: NoResultsWarning: No objects were found with the query constraints. [astroquery.imcce.core]
Candidate discovery at RA=189.2, Dec=7.9, Night=55999
  MJD=55999.28113 RA=189.36650 Dec=8.07330 Mag=20.64
  MJD=55999.46481 RA=189.36303 Dec=7.98860 Mag=20.79
  MJD=55999.47082 RA=189.36320 Dec=7.98554 Mag=20.07
WARNING: NoResultsWarning: No objects were found with the query constraints. [astroquery.imcce.core]
  MJD=55999.47082 RA=189.28439 Dec=8.02404 Mag=19.96

*** POSSIBLE NEW DISCOVERY! ***
Region: RA=189.2, Dec=7.9, Night=55999
  MJD=55999.24141 RA=189.28643 Dec=7.84791 Mag=17.87
  MJD=55999.46481 RA=189.28360 Dec=8.01882 Mag=19.33
  MJD=55999.47082 RA=189.28439 Dec=8.02404 Mag=19.96

*** POSSIBLE NEW DISCOVERY! ***
Region: RA=189.2, Dec=7.9, Night=55999
  MJD=55999.24141 RA=189.28643 Dec=7.84791 Mag=17.87
  MJD=55999.46481 RA=189.28433 Dec=8.01870 Mag=19.70
  MJD=55999.47082 RA=189.28439 Dec=8.02404 Mag=19.96

*** POSSIBLE NEW DISCOVERY! ***
Region: RA=189.2, Dec=7.9, Night=55999
  MJD=55999.24141 RA=189.30216 Dec=7.86260 Mag=20.69
  MJD=55999.46481 RA=189.33869 Dec=7.92271 Mag=20.32
  MJD=55999.47082 RA=189.33886 Dec=7.92492 Mag=19.80

*** POSSIBLE NEW DISCOVERY! ***
Region: RA=189.2, Dec=7.9, Night=55999
  MJD=55999.24141 RA=189.30613 Dec=7.81412 Mag=19.49
  MJD=55999.46481 RA=189.33869 Dec=7.92271 Mag=20.32
  MJD=55999.47082 RA=189.33886 Dec=7.92492 Mag=19.80

*** POSSIBLE NEW DISCOVERY! ***
Region: RA=189.2, Dec=7.9, Night=55999
  MJD=55999.24141 RA=189.31393 Dec=7.84796 Mag=20.04
  MJD=55999.46481 RA=189.33869 Dec=7.92271 Mag=20.32
  MJD=55999.47082 RA=189.33886 Dec=7.92492 Mag=19.80

*** POSSIBLE NEW DISCOVERY! ***
Region: RA=189.2, Dec=7.9, Night=55999
  MJD=55999.24141 RA=189.36295 Dec=7.80355 Mag=20.38
  MJD=55999.46481 RA=189.36351 Dec=7.89084 Mag=20.22
  MJD=55999.47082 RA=189.36360 Dec=7.89276 Mag=20.19

*** POSSIBLE NEW DISCOVERY! ***
Region: RA=189.2, Dec=7.9, Night=55999
  MJD=55999.24141 RA=189.38631 Dec=7.83635 Mag=20.58
  MJD=55999.46481 RA=189.36351 Dec=7.89084 Mag=20.22
  MJD=55999.47082 RA=189.36360 Dec=7.89276 Mag=20.19

*** POSSIBLE NEW DISCOVERY! ***
Region: RA=189.2, Dec=7.9, Night=55999
  MJD=55999.24141 RA=189.39054 Dec=7.84824 Mag=19.21
  MJD=55999.46481 RA=189.36303 Dec=7.99464 Mag=20.44
  MJD=55999.47082 RA=189.36313 Dec=7.99803 Mag=20.34

*** POSSIBLE NEW DISCOVERY! ***
Region: RA=189.2, Dec=7.9, Night=55999
  MJD=55999.28113 RA=189.37044 Dec=7.90956 Mag=20.78
  MJD=55999.34763 RA=189.33901 Dec=7.93828 Mag=20.08
  MJD=55999.47082 RA=189.28140 Dec=7.99200 Mag=19.31

*** POSSIBLE NEW DISCOVERY! ***
Region: RA=189.2, Dec=7.9, Night=55999
  MJD=55999.28113 RA=189.10458 Dec=8.03728 Mag=19.88
  MJD=55999.39106 RA=189.08156 Dec=8.05198 Mag=19.92
  MJD=55999.46481 RA=189.06618 Dec=8.06190 Mag=20.02

*** POSSIBLE NEW DISCOVERY! ***
Region: RA=189.2, Dec=7.9, Night=55999
  MJD=55999.28113 RA=189.20344 Dec=7.99143 Mag=18.83
  MJD=55999.39106 RA=189.25794 Dec=7.95876 Mag=14.00
  MJD=55999.46481 RA=189.29427 Dec=7.93740 Mag=19.23

*** POSSIBLE NEW DISCOVERY! ***
Region: RA=189.2, Dec=7.9, Night=55999
  MJD=55999.28113 RA=189.29316 Dec=8.02076 Mag=20.84
  MJD=55999.39106 RA=189.28844 Dec=8.03070 Mag=19.66
  MJD=55999.47082 RA=189.28493 Dec=8.03789 Mag=19.36

*** POSSIBLE NEW DISCOVERY! ***
Region: RA=189.2, Dec=7.9, Night=55999
  MJD=55999.28113 RA=189.10458 Dec=8.03728 Mag=19.88
  MJD=55999.39106 RA=189.08156 Dec=8.05198 Mag=19.92
  MJD=55999.47082 RA=189.06489 Dec=8.06261 Mag=19.92

*** POSSIBLE NEW DISCOVERY! ***
Region: RA=189.2, Dec=7.9, Night=55999
  MJD=55999.28113 RA=189.21972 Dec=7.87249 Mag=21.08
  MJD=55999.39106 RA=189.28901 Dec=7.90249 Mag=20.02
  MJD=55999.47082 RA=189.33886 Dec=7.92492 Mag=19.80

*** POSSIBLE NEW DISCOVERY! ***
Region: RA=189.2, Dec=7.9, Night=55999
  MJD=55999.28113 RA=189.22089 Dec=7.98840 Mag=20.98
  MJD=55999.39106 RA=189.28844 Dec=8.03070 Mag=19.66
  MJD=55999.47082 RA=189.33777 Dec=8.06058 Mag=19.50

*** POSSIBLE NEW DISCOVERY! ***
Region: RA=189.2, Dec=7.9, Night=55999
  MJD=55999.28113 RA=189.29295 Dec=7.96219 Mag=21.30
  MJD=55999.39106 RA=189.28824 Dec=8.00635 Mag=19.52
  MJD=55999.47082 RA=189.28493 Dec=8.03789 Mag=19.36

*** POSSIBLE NEW DISCOVERY! ***
Region: RA=189.2, Dec=7.9, Night=55999
  MJD=55999.28113 RA=189.27445 Dec=8.00362 Mag=21.41
  MJD=55999.46481 RA=189.29434 Dec=7.91307 Mag=19.68
  MJD=55999.47082 RA=189.29448 Dec=7.91047 Mag=19.48

*** POSSIBLE NEW DISCOVERY! ***
Region: RA=189.2, Dec=7.9, Night=55999
  MJD=55999.28113 RA=189.27865 Dec=7.99499 Mag=20.72
  MJD=55999.46481 RA=189.29434 Dec=7.91307 Mag=19.68
  MJD=55999.47082 RA=189.29448 Dec=7.91047 Mag=19.48

*** POSSIBLE NEW DISCOVERY! ***
Region: RA=189.2, Dec=7.9, Night=55999
  MJD=55999.28113 RA=189.29316 Dec=8.02076 Mag=20.84
  MJD=55999.46481 RA=189.29434 Dec=7.91307 Mag=19.68
  MJD=55999.47082 RA=189.29448 Dec=7.91047 Mag=19.48

*** POSSIBLE NEW DISCOVERY! ***
Region: RA=189.2, Dec=7.9, Night=55999
  MJD=55999.28113 RA=189.30956 Dec=8.00789 Mag=21.07
  MJD=55999.46481 RA=189.29434 Dec=7.91307 Mag=19.68
  MJD=55999.47082 RA=189.29448 Dec=7.91047 Mag=19.48

*** POSSIBLE NEW DISCOVERY! ***
Region: RA=189.2, Dec=7.9, Night=55999
  MJD=55999.28113 RA=189.34023 Dec=7.92550 Mag=21.25
  MJD=55999.46481 RA=189.33830 Dec=7.98748 Mag=19.61
  MJD=55999.47082 RA=189.33850 Dec=7.98910 Mag=19.70

*** POSSIBLE NEW DISCOVERY! ***
Region: RA=189.2, Dec=7.9, Night=55999
  MJD=55999.28113 RA=189.34023 Dec=7.92550 Mag=21.25
  MJD=55999.46481 RA=189.36303 Dec=7.98860 Mag=20.79
  MJD=55999.47082 RA=189.36319 Dec=7.99157 Mag=19.92

*** POSSIBLE NEW DISCOVERY! ***
Region: RA=189.2, Dec=7.9, Night=55999
  MJD=55999.28113 RA=189.34023 Dec=7.92550 Mag=21.25
  MJD=55999.46481 RA=189.36336 Dec=7.92074 Mag=20.05
  MJD=55999.47082 RA=189.36346 Dec=7.91974 Mag=20.10

*** POSSIBLE NEW DISCOVERY! ***
Region: RA=189.2, Dec=7.9, Night=55999
  MJD=55999.28113 RA=189.34023 Dec=7.92550 Mag=21.25
  MJD=55999.46481 RA=189.36351 Dec=7.89084 Mag=20.22
  MJD=55999.47082 RA=189.36365 Dec=7.89013 Mag=19.91

*** POSSIBLE NEW DISCOVERY! ***
Region: RA=189.2, Dec=7.9, Night=55999
  MJD=55999.28113 RA=189.34023 Dec=7.92550 Mag=21.25
  MJD=55999.46481 RA=189.36351 Dec=7.89084 Mag=20.22
  MJD=55999.47082 RA=189.36366 Dec=7.88916 Mag=19.93

*** POSSIBLE NEW DISCOVERY! ***
Region: RA=189.2, Dec=7.9, Night=55999
  MJD=55999.28113 RA=189.34042 Dec=8.06978 Mag=20.92
  MJD=55999.46481 RA=189.36303 Dec=7.98860 Mag=20.79
  MJD=55999.47082 RA=189.36320 Dec=7.98554 Mag=20.07

*** POSSIBLE NEW DISCOVERY! ***
Region: RA=189.2, Dec=7.9, Night=55999
  MJD=55999.28113 RA=189.34042 Dec=8.06978 Mag=20.92
  MJD=55999.46481 RA=189.36303 Dec=7.99464 Mag=20.44
  MJD=55999.47082 RA=189.36319 Dec=7.99157 Mag=19.92

*** POSSIBLE NEW DISCOVERY! ***
Region: RA=189.2, Dec=7.9, Night=55999
  MJD=55999.28113 RA=189.34355 Dec=8.02239 Mag=20.45
  MJD=55999.46481 RA=189.36327 Dec=7.93986 Mag=19.47
  MJD=55999.47082 RA=189.36349 Dec=7.93729 Mag=20.49

*** POSSIBLE NEW DISCOVERY! ***
Region: RA=189.2, Dec=7.9, Night=55999
  MJD=55999.28113 RA=189.34355 Dec=8.02239 Mag=20.45
  MJD=55999.46481 RA=189.36339 Dec=7.90126 Mag=19.06
  MJD=55999.47082 RA=189.36355 Dec=7.89706 Mag=19.60

*** POSSIBLE NEW DISCOVERY! ***
Region: RA=189.2, Dec=7.9, Night=55999
  MJD=55999.28113 RA=189.35476 Dec=8.07948 Mag=20.66
  MJD=55999.46481 RA=189.36303 Dec=7.98860 Mag=20.79
  MJD=55999.47082 RA=189.36320 Dec=7.98554 Mag=20.07

*** POSSIBLE NEW DISCOVERY! ***
Region: RA=189.2, Dec=7.9, Night=55999
  MJD=55999.28113 RA=189.35476 Dec=8.07948 Mag=20.66
  MJD=55999.46481 RA=189.36303 Dec=7.99464 Mag=20.44
  MJD=55999.47082 RA=189.36319 Dec=7.99157 Mag=19.92

*** POSSIBLE NEW DISCOVERY! ***
Region: RA=189.2, Dec=7.9, Night=55999
  MJD=55999.28113 RA=189.36041 Dec=8.08756 Mag=20.65
  MJD=55999.46481 RA=189.36285 Dec=8.03470 Mag=19.76
  MJD=55999.47082 RA=189.36295 Dec=8.03193 Mag=19.69

*** POSSIBLE NEW DISCOVERY! ***
Region: RA=189.2, Dec=7.9, Night=55999
  MJD=55999.28113 RA=189.36041 Dec=8.08756 Mag=20.65
  MJD=55999.46481 RA=189.36303 Dec=7.98860 Mag=20.79
  MJD=55999.47082 RA=189.36320 Dec=7.98554 Mag=20.07

*** POSSIBLE NEW DISCOVERY! ***
Region: RA=189.2, Dec=7.9, Night=55999
  MJD=55999.28113 RA=189.36041 Dec=8.08756 Mag=20.65
  MJD=55999.46481 RA=189.36303 Dec=7.99464 Mag=20.44
  MJD=55999.47082 RA=189.36319 Dec=7.99157 Mag=19.92

*** POSSIBLE NEW DISCOVERY! ***
Region: RA=189.2, Dec=7.9, Night=55999
  MJD=55999.28113 RA=189.36650 Dec=8.07330 Mag=20.64
  MJD=55999.46481 RA=189.36303 Dec=7.98860 Mag=20.79
  MJD=55999.47082 RA=189.36320 Dec=7.98554 Mag=20.07

*** POSSIBLE NEW DISCOVERY! ***
Region: RA=189.2, Dec=7.9, Night=55999Candidate discovery at RA=189.2, Dec=7.9, Night=55999
  MJD=55999.28113 RA=189.36650 Dec=8.07330 Mag=20.64
  MJD=55999.46481 RA=189.36303 Dec=7.99464 Mag=20.44
  MJD=55999.47082 RA=189.36319 Dec=7.99157 Mag=19.92
WARNING: NoResultsWarning: No objects were found with the query constraints. [astroquery.imcce.core]
Candidate discovery at RA=189.2, Dec=7.9, Night=55999
  MJD=55999.28113 RA=189.37016 Dec=8.07606 Mag=20.74
  MJD=55999.46481 RA=189.36303 Dec=7.98860 Mag=20.79
  MJD=55999.47082 RA=189.36320 Dec=7.98554 Mag=20.07
WARNING: NoResultsWarning: No objects were found with the query constraints. [astroquery.imcce.core]
Candidate discovery at RA=189.2, Dec=7.9, Night=55999
  MJD=55999.28113 RA=189.37016 Dec=8.07606 Mag=20.74
  MJD=55999.46481 RA=189.36303 Dec=7.99464 Mag=20.44
  MJD=55999.47082 RA=189.36319 Dec=7.99157 Mag=19.92
WARNING: NoResultsWarning: No objects were found with the query constraints. [astroquery.imcce.core]
Candidate discovery at RA=189.2, Dec=7.9, Night=55999
  MJD=55999.28113 RA=189.37044 Dec=7.90956 Mag=20.78
  MJD=55999.46481 RA=189.36303 Dec=7.98860 Mag=20.79
  MJD=55999.47082 RA=189.36319 Dec=7.99157 Mag=19.92
WARNING: NoResultsWarning: No objects were found with the query constraints. [astroquery.imcce.core]
Candidate discovery at RA=189.2, Dec=7.9, Night=55999
  MJD=55999.28113 RA=189.37044 Dec=7.90956 Mag=20.78
  MJD=55999.46481 RA=189.36303 Dec=7.99464 Mag=20.44
  MJD=55999.47082 RA=189.36313 Dec=7.99803 Mag=20.34
WARNING: NoResultsWarning: No objects were found with the query constraints. [astroquery.imcce.core]
Candidate discovery at RA=189.2, Dec=7.9, Night=55999
  MJD=55999.28113 RA=189.37044 Dec=7.90956 Mag=20.78
  MJD=55999.46481 RA=189.36327 Dec=7.93986 Mag=19.47
  MJD=55999.47082 RA=189.36344 Dec=7.94163 Mag=19.98
WARNING: NoResultsWarning: No objects were found with the query constraints. [astroquery.imcce.core]
Candidate discovery at RA=189.2, Dec=7.9, Night=55999
  MJD=55999.28113 RA=189.37044 Dec=7.90956 Mag=20.78
  MJD=55999.46481 RA=189.36351 Dec=7.89084 Mag=20.22
  MJD=55999.47082 RA=189.36365 Dec=7.89013 Mag=19.91
WARNING: NoResultsWarning: No objects were found with the query constraints. [astroquery.imcce.core]
Candidate discovery at RA=189.2, Dec=7.9, Night=55999
  MJD=55999.28113 RA=189.37576 Dec=7.95289 Mag=20.90
  MJD=55999.46481 RA=189.36336 Dec=7.92074 Mag=20.05
  MJD=55999.47082 RA=189.36346 Dec=7.91974 Mag=20.10
WARNING: NoResultsWarning: No objects were found with the query constraints. [astroquery.imcce.core]
Candidate discovery at RA=189.2, Dec=7.9, Night=55999
  MJD=55999.28113 RA=189.37576 Dec=7.95289 Mag=20.90
  MJD=55999.46481 RA=189.36351 Dec=7.89084 Mag=20.22
  MJD=55999.47082 RA=189.36363 Dec=7.88789 Mag=19.89
WARNING: NoResultsWarning: No objects were found with the query constraints. [astroquery.imcce.core]
Candidate discovery at RA=189.2, Dec=7.9, Night=55999
  MJD=55999.28113 RA=189.37576 Dec=7.95289 Mag=20.90
  MJD=55999.46481 RA=189.36351 Dec=7.89084 Mag=20.22
  MJD=55999.47082 RA=189.36366 Dec=7.88916 Mag=19.93
WARNING: NoResultsWarning: No objects were found with the query constraints. [astroquery.imcce.core]
Candidate discovery at RA=189.2, Dec=7.9, Night=55999
  MJD=55999.28113 RA=189.37756 Dec=8.02071 Mag=20.94
  MJD=55999.46481 RA=189.36327 Dec=7.93986 Mag=19.47
  MJD=55999.47082 RA=189.36349 Dec=7.93729 Mag=20.49
WARNING: NoResultsWarning: No objects were found with the query constraints. [astroquery.imcce.core]
Candidate discovery at RA=189.2, Dec=7.9, Night=55999
  MJD=55999.28113 RA=189.37756 Dec=8.02071 Mag=20.94
  MJD=55999.46481 RA=189.36339 Dec=7.90126 Mag=19.06
  MJD=55999.47082 RA=189.36355 Dec=7.89706 Mag=19.60
WARNING: NoResultsWarning: No objects were found with the query constraints. [astroquery.imcce.core]
Candidate discovery at RA=189.2, Dec=7.9, Night=55999
  MJD=55999.28113 RA=189.37772 Dec=8.04061 Mag=20.28
  MJD=55999.46481 RA=189.36327 Dec=7.93986 Mag=19.47
  MJD=55999.47082 RA=189.36349 Dec=7.93729 Mag=20.49
WARNING: NoResultsWarning: No objects were found with the query constraints. [astroquery.imcce.core]
Candidate discovery at RA=189.2, Dec=7.9, Night=55999
  MJD=55999.28113 RA=189.37772 Dec=8.04061 Mag=20.28
  MJD=55999.46481 RA=189.36339 Dec=7.90126 Mag=19.06
  MJD=55999.47082 RA=189.36355 Dec=7.89706 Mag=19.60
WARNING: NoResultsWarning: No objects were found with the query constraints. [astroquery.imcce.core]
Candidate discovery at RA=189.2, Dec=7.9, Night=55999
  MJD=55999.28113 RA=189.37951 Dec=8.08556 Mag=21.47
  MJD=55999.46481 RA=189.36303 Dec=7.98860 Mag=20.79
  MJD=55999.47082 RA=189.36320 Dec=7.98554 Mag=20.07
WARNING: NoResultsWarning: No objects were found with the query constraints. [astroquery.imcce.core]
Candidate discovery at RA=189.2, Dec=7.9, Night=55999
  MJD=55999.28113 RA=189.37951 Dec=8.08556 Mag=21.47
  MJD=55999.46481 RA=189.36303 Dec=7.99464 Mag=20.44
  MJD=55999.47082 RA=189.36319 Dec=7.99157 Mag=19.92
WARNING: NoResultsWarning: No objects were found with the query constraints. [astroquery.imcce.core]
Candidate discovery at RA=189.2, Dec=7.9, Night=55999
  MJD=55999.28113 RA=189.38136 Dec=7.94120 Mag=21.33
  MJD=55999.46481 RA=189.36336 Dec=7.92074 Mag=20.05
  MJD=55999.47082 RA=189.36346 Dec=7.91974 Mag=20.10
WARNING: NoResultsWarning: No objects were found with the query constraints. [astroquery.imcce.core]
Candidate discovery at RA=189.2, Dec=7.9, Night=55999
  MJD=55999.28113 RA=189.38136 Dec=7.94120 Mag=21.33
  MJD=55999.46481 RA=189.36351 Dec=7.89084 Mag=20.22
  MJD=55999.47082 RA=189.36366 Dec=7.88916 Mag=19.93
WARNING: NoResultsWarning: No objects were found with the query constraints. [astroquery.imcce.core]
Candidate discovery at RA=189.2, Dec=7.9, Night=55999
  MJD=55999.28113 RA=189.38136 Dec=7.94633 Mag=20.82
  MJD=55999.46481 RA=189.36336 Dec=7.92074 Mag=20.05
  MJD=55999.47082 RA=189.36346 Dec=7.91974 Mag=20.10
WARNING: NoResultsWarning: No objects were found with the query constraints. [astroquery.imcce.core]
Candidate discovery at RA=189.2, Dec=7.9, Night=55999
  MJD=55999.28113 RA=189.38136 Dec=7.94633 Mag=20.82
  MJD=55999.46481 RA=189.36351 Dec=7.89084 Mag=20.22
  MJD=55999.47082 RA=189.36366 Dec=7.88916 Mag=19.93
WARNING: NoResultsWarning: No objects were found with the query constraints. [astroquery.imcce.core]
Candidate discovery at RA=189.2, Dec=7.9, Night=55999
  MJD=55999.28113 RA=189.08943 Dec=8.01063 Mag=20.93
  MJD=55999.46481 RA=189.06618 Dec=8.06190 Mag=20.02
  MJD=55999.47082 RA=189.06489 Dec=8.06261 Mag=19.92
WARNING: NoResultsWarning: No objects were found with the query constraints. [astroquery.imcce.core]
Candidate discovery at RA=189.2, Dec=7.9, Night=55999
  MJD=55999.28113 RA=189.09197 Dec=8.04131 Mag=20.94
  MJD=55999.46481 RA=189.06618 Dec=8.06190 Mag=20.02
  MJD=55999.47082 RA=189.06489 Dec=8.06261 Mag=19.92
WARNING: NoResultsWarning: No objects were found with the query constraints. [astroquery.imcce.core]
Candidate discovery at RA=189.2, Dec=7.9, Night=55999
  MJD=55999.28113 RA=189.10458 Dec=8.03728 Mag=19.88
  MJD=55999.46481 RA=189.06618 Dec=8.06190 Mag=20.02
  MJD=55999.47082 RA=189.06489 Dec=8.06261 Mag=19.92
WARNING: NoResultsWarning: No objects were found with the query constraints. [astroquery.imcce.core]
Candidate discovery at RA=189.2, Dec=7.9, Night=55999
  MJD=55999.28113 RA=189.13850 Dec=8.04262 Mag=20.08
  MJD=55999.46481 RA=189.06618 Dec=8.06190 Mag=20.02
  MJD=55999.47082 RA=189.06489 Dec=8.06261 Mag=19.92
WARNING: NoResultsWarning: No objects were found with the query constraints. [astroquery.imcce.core]
Candidate discovery at RA=189.2, Dec=7.9, Night=55999
  MJD=55999.28113 RA=189.20949 Dec=7.90137 Mag=21.31
  MJD=55999.46481 RA=189.24153 Dec=7.96284 Mag=15.83
  MJD=55999.47082 RA=189.24229 Dec=7.96382 Mag=15.48
WARNING: NoResultsWarning: No objects were found with the query constraints. [astroquery.imcce.core]
Candidate discovery at RA=189.2, Dec=7.9, Night=55999
  MJD=55999.28113 RA=189.11612 Dec=7.75953 Mag=21.20
  MJD=55999.46481 RA=189.08285 Dec=7.87561 Mag=19.05
  MJD=55999.47082 RA=189.08071 Dec=7.87965 Mag=20.34
WARNING: NoResultsWarning: No objects were found with the query constraints. [astroquery.imcce.core]
Candidate discovery at RA=189.2, Dec=7.9, Night=55999
  MJD=55999.28113 RA=189.12062 Dec=7.75150 Mag=20.90
  MJD=55999.46481 RA=189.08285 Dec=7.87561 Mag=19.05
  MJD=55999.47082 RA=189.08071 Dec=7.87965 Mag=20.34
WARNING: NoResultsWarning: No objects were found with the query constraints. [astroquery.imcce.core]
Candidate discovery at RA=189.2, Dec=7.9, Night=55999
  MJD=55999.28113 RA=189.12531 Dec=7.79507 Mag=20.84
  MJD=55999.46481 RA=189.08285 Dec=7.87561 Mag=19.05
  MJD=55999.47082 RA=189.08063 Dec=7.87809 Mag=19.84
WARNING: NoResultsWarning: No objects were found with the query constraints. [astroquery.imcce.core]
Candidate discovery at RA=189.2, Dec=7.9, Night=55999
  MJD=55999.28113 RA=189.12776 Dec=7.77703 Mag=20.95
  MJD=55999.46481 RA=189.08285 Dec=7.87561 Mag=19.05
  MJD=55999.47082 RA=189.08063 Dec=7.87809 Mag=19.84
WARNING: NoResultsWarning: No objects were found with the query constraints. [astroquery.imcce.core]
Candidate discovery at RA=189.2, Dec=7.9, Night=55999
  MJD=55999.28113 RA=189.12776 Dec=7.77703 Mag=20.95
  MJD=55999.46481 RA=189.08285 Dec=7.87561 Mag=19.05
  MJD=55999.47082 RA=189.08071 Dec=7.87965 Mag=20.34
WARNING: NoResultsWarning: No objects were found with the query constraints. [astroquery.imcce.core]
Candidate discovery at RA=189.2, Dec=7.9, Night=55999
  MJD=55999.28113 RA=189.13915 Dec=7.80888 Mag=20.62
  MJD=55999.46481 RA=189.08285 Dec=7.87561 Mag=19.05
  MJD=55999.47082 RA=189.08063 Dec=7.87809 Mag=19.84
WARNING: NoResultsWarning: No objects were found with the query constraints. [astroquery.imcce.core]
Candidate discovery at RA=189.2, Dec=7.9, Night=55999
  MJD=55999.28113 RA=189.14976 Dec=7.77987 Mag=21.08
  MJD=55999.46481 RA=189.08285 Dec=7.87561 Mag=19.05
  MJD=55999.47082 RA=189.08063 Dec=7.87809 Mag=19.84
WARNING: NoResultsWarning: No objects were found with the query constraints. [astroquery.imcce.core]
Candidate discovery at RA=189.2, Dec=7.9, Night=55999
  MJD=55999.28113 RA=189.14976 Dec=7.77987 Mag=21.08
  MJD=55999.46481 RA=189.08285 Dec=7.87561 Mag=19.05
  MJD=55999.47082 RA=189.08071 Dec=7.87965 Mag=20.34
WARNING: NoResultsWarning: No objects were found with the query constraints. [astroquery.imcce.core]
Candidate discovery at RA=189.2, Dec=7.9, Night=55999
  MJD=55999.28113 RA=189.17122 Dec=7.77244 Mag=20.99
  MJD=55999.46481 RA=189.08285 Dec=7.87561 Mag=19.05
  MJD=55999.47082 RA=189.08071 Dec=7.87965 Mag=20.34
WARNING: NoResultsWarning: No objects were found with the query constraints. [astroquery.imcce.core]
Candidate discovery at RA=189.2, Dec=7.9, Night=55999
  MJD=55999.28113 RA=189.22428 Dec=7.91427 Mag=20.67
  MJD=55999.46481 RA=189.24153 Dec=7.96284 Mag=15.83
  MJD=55999.47082 RA=189.24229 Dec=7.96382 Mag=15.48
WARNING: NoResultsWarning: No objects were found with the query constraints. [astroquery.imcce.core]

  MJD=55999.28113 RA=189.36650 Dec=8.07330 Mag=20.64
  MJD=55999.46481 RA=189.36303 Dec=7.99464 Mag=20.44
  MJD=55999.47082 RA=189.36319 Dec=7.99157 Mag=19.92

*** POSSIBLE NEW DISCOVERY! ***
Region: RA=189.2, Dec=7.9, Night=55999
  MJD=55999.28113 RA=189.37016 Dec=8.07606 Mag=20.74
  MJD=55999.46481 RA=189.36303 Dec=7.98860 Mag=20.79
  MJD=55999.47082 RA=189.36320 Dec=7.98554 Mag=20.07

*** POSSIBLE NEW DISCOVERY! ***
Region: RA=189.2, Dec=7.9, Night=55999
  MJD=55999.28113 RA=189.37016 Dec=8.07606 Mag=20.74
  MJD=55999.46481 RA=189.36303 Dec=7.99464 Mag=20.44
  MJD=55999.47082 RA=189.36319 Dec=7.99157 Mag=19.92

*** POSSIBLE NEW DISCOVERY! ***
Region: RA=189.2, Dec=7.9, Night=55999
  MJD=55999.28113 RA=189.37044 Dec=7.90956 Mag=20.78
  MJD=55999.46481 RA=189.36303 Dec=7.98860 Mag=20.79
  MJD=55999.47082 RA=189.36319 Dec=7.99157 Mag=19.92

*** POSSIBLE NEW DISCOVERY! ***
Region: RA=189.2, Dec=7.9, Night=55999
  MJD=55999.28113 RA=189.37044 Dec=7.90956 Mag=20.78
  MJD=55999.46481 RA=189.36303 Dec=7.99464 Mag=20.44
  MJD=55999.47082 RA=189.36313 Dec=7.99803 Mag=20.34

*** POSSIBLE NEW DISCOVERY! ***
Region: RA=189.2, Dec=7.9, Night=55999
  MJD=55999.28113 RA=189.37044 Dec=7.90956 Mag=20.78
  MJD=55999.46481 RA=189.36327 Dec=7.93986 Mag=19.47
  MJD=55999.47082 RA=189.36344 Dec=7.94163 Mag=19.98

*** POSSIBLE NEW DISCOVERY! ***
Region: RA=189.2, Dec=7.9, Night=55999
  MJD=55999.28113 RA=189.37044 Dec=7.90956 Mag=20.78
  MJD=55999.46481 RA=189.36351 Dec=7.89084 Mag=20.22
  MJD=55999.47082 RA=189.36365 Dec=7.89013 Mag=19.91

*** POSSIBLE NEW DISCOVERY! ***
Region: RA=189.2, Dec=7.9, Night=55999
  MJD=55999.28113 RA=189.37576 Dec=7.95289 Mag=20.90
  MJD=55999.46481 RA=189.36336 Dec=7.92074 Mag=20.05
  MJD=55999.47082 RA=189.36346 Dec=7.91974 Mag=20.10

*** POSSIBLE NEW DISCOVERY! ***
Region: RA=189.2, Dec=7.9, Night=55999
  MJD=55999.28113 RA=189.37576 Dec=7.95289 Mag=20.90
  MJD=55999.46481 RA=189.36351 Dec=7.89084 Mag=20.22
  MJD=55999.47082 RA=189.36363 Dec=7.88789 Mag=19.89

*** POSSIBLE NEW DISCOVERY! ***
Region: RA=189.2, Dec=7.9, Night=55999
  MJD=55999.28113 RA=189.37576 Dec=7.95289 Mag=20.90
  MJD=55999.46481 RA=189.36351 Dec=7.89084 Mag=20.22
  MJD=55999.47082 RA=189.36366 Dec=7.88916 Mag=19.93

*** POSSIBLE NEW DISCOVERY! ***
Region: RA=189.2, Dec=7.9, Night=55999
  MJD=55999.28113 RA=189.37756 Dec=8.02071 Mag=20.94
  MJD=55999.46481 RA=189.36327 Dec=7.93986 Mag=19.47
  MJD=55999.47082 RA=189.36349 Dec=7.93729 Mag=20.49

*** POSSIBLE NEW DISCOVERY! ***
Region: RA=189.2, Dec=7.9, Night=55999
  MJD=55999.28113 RA=189.37756 Dec=8.02071 Mag=20.94
  MJD=55999.46481 RA=189.36339 Dec=7.90126 Mag=19.06
  MJD=55999.47082 RA=189.36355 Dec=7.89706 Mag=19.60

*** POSSIBLE NEW DISCOVERY! ***
Region: RA=189.2, Dec=7.9, Night=55999
  MJD=55999.28113 RA=189.37772 Dec=8.04061 Mag=20.28
  MJD=55999.46481 RA=189.36327 Dec=7.93986 Mag=19.47
  MJD=55999.47082 RA=189.36349 Dec=7.93729 Mag=20.49

*** POSSIBLE NEW DISCOVERY! ***
Region: RA=189.2, Dec=7.9, Night=55999
  MJD=55999.28113 RA=189.37772 Dec=8.04061 Mag=20.28
  MJD=55999.46481 RA=189.36339 Dec=7.90126 Mag=19.06
  MJD=55999.47082 RA=189.36355 Dec=7.89706 Mag=19.60

*** POSSIBLE NEW DISCOVERY! ***
Region: RA=189.2, Dec=7.9, Night=55999
  MJD=55999.28113 RA=189.37951 Dec=8.08556 Mag=21.47
  MJD=55999.46481 RA=189.36303 Dec=7.98860 Mag=20.79
  MJD=55999.47082 RA=189.36320 Dec=7.98554 Mag=20.07

*** POSSIBLE NEW DISCOVERY! ***
Region: RA=189.2, Dec=7.9, Night=55999
  MJD=55999.28113 RA=189.37951 Dec=8.08556 Mag=21.47
  MJD=55999.46481 RA=189.36303 Dec=7.99464 Mag=20.44
  MJD=55999.47082 RA=189.36319 Dec=7.99157 Mag=19.92

*** POSSIBLE NEW DISCOVERY! ***
Region: RA=189.2, Dec=7.9, Night=55999
  MJD=55999.28113 RA=189.38136 Dec=7.94120 Mag=21.33
  MJD=55999.46481 RA=189.36336 Dec=7.92074 Mag=20.05
  MJD=55999.47082 RA=189.36346 Dec=7.91974 Mag=20.10

*** POSSIBLE NEW DISCOVERY! ***
Region: RA=189.2, Dec=7.9, Night=55999
  MJD=55999.28113 RA=189.38136 Dec=7.94120 Mag=21.33
  MJD=55999.46481 RA=189.36351 Dec=7.89084 Mag=20.22
  MJD=55999.47082 RA=189.36366 Dec=7.88916 Mag=19.93

*** POSSIBLE NEW DISCOVERY! ***
Region: RA=189.2, Dec=7.9, Night=55999
  MJD=55999.28113 RA=189.38136 Dec=7.94633 Mag=20.82
  MJD=55999.46481 RA=189.36336 Dec=7.92074 Mag=20.05
  MJD=55999.47082 RA=189.36346 Dec=7.91974 Mag=20.10

*** POSSIBLE NEW DISCOVERY! ***
Region: RA=189.2, Dec=7.9, Night=55999
  MJD=55999.28113 RA=189.38136 Dec=7.94633 Mag=20.82
  MJD=55999.46481 RA=189.36351 Dec=7.89084 Mag=20.22
  MJD=55999.47082 RA=189.36366 Dec=7.88916 Mag=19.93

*** POSSIBLE NEW DISCOVERY! ***
Region: RA=189.2, Dec=7.9, Night=55999
  MJD=55999.28113 RA=189.08943 Dec=8.01063 Mag=20.93
  MJD=55999.46481 RA=189.06618 Dec=8.06190 Mag=20.02
  MJD=55999.47082 RA=189.06489 Dec=8.06261 Mag=19.92

*** POSSIBLE NEW DISCOVERY! ***
Region: RA=189.2, Dec=7.9, Night=55999
  MJD=55999.28113 RA=189.09197 Dec=8.04131 Mag=20.94
  MJD=55999.46481 RA=189.06618 Dec=8.06190 Mag=20.02
  MJD=55999.47082 RA=189.06489 Dec=8.06261 Mag=19.92

*** POSSIBLE NEW DISCOVERY! ***
Region: RA=189.2, Dec=7.9, Night=55999
  MJD=55999.28113 RA=189.10458 Dec=8.03728 Mag=19.88
  MJD=55999.46481 RA=189.06618 Dec=8.06190 Mag=20.02
  MJD=55999.47082 RA=189.06489 Dec=8.06261 Mag=19.92

*** POSSIBLE NEW DISCOVERY! ***
Region: RA=189.2, Dec=7.9, Night=55999
  MJD=55999.28113 RA=189.13850 Dec=8.04262 Mag=20.08
  MJD=55999.46481 RA=189.06618 Dec=8.06190 Mag=20.02
  MJD=55999.47082 RA=189.06489 Dec=8.06261 Mag=19.92

*** POSSIBLE NEW DISCOVERY! ***
Region: RA=189.2, Dec=7.9, Night=55999
  MJD=55999.28113 RA=189.20949 Dec=7.90137 Mag=21.31
  MJD=55999.46481 RA=189.24153 Dec=7.96284 Mag=15.83
  MJD=55999.47082 RA=189.24229 Dec=7.96382 Mag=15.48

*** POSSIBLE NEW DISCOVERY! ***
Region: RA=189.2, Dec=7.9, Night=55999
  MJD=55999.28113 RA=189.11612 Dec=7.75953 Mag=21.20
  MJD=55999.46481 RA=189.08285 Dec=7.87561 Mag=19.05
  MJD=55999.47082 RA=189.08071 Dec=7.87965 Mag=20.34

*** POSSIBLE NEW DISCOVERY! ***
Region: RA=189.2, Dec=7.9, Night=55999
  MJD=55999.28113 RA=189.12062 Dec=7.75150 Mag=20.90
  MJD=55999.46481 RA=189.08285 Dec=7.87561 Mag=19.05
  MJD=55999.47082 RA=189.08071 Dec=7.87965 Mag=20.34

*** POSSIBLE NEW DISCOVERY! ***
Region: RA=189.2, Dec=7.9, Night=55999
  MJD=55999.28113 RA=189.12531 Dec=7.79507 Mag=20.84
  MJD=55999.46481 RA=189.08285 Dec=7.87561 Mag=19.05
  MJD=55999.47082 RA=189.08063 Dec=7.87809 Mag=19.84

*** POSSIBLE NEW DISCOVERY! ***
Region: RA=189.2, Dec=7.9, Night=55999
  MJD=55999.28113 RA=189.12776 Dec=7.77703 Mag=20.95
  MJD=55999.46481 RA=189.08285 Dec=7.87561 Mag=19.05
  MJD=55999.47082 RA=189.08063 Dec=7.87809 Mag=19.84

*** POSSIBLE NEW DISCOVERY! ***
Region: RA=189.2, Dec=7.9, Night=55999
  MJD=55999.28113 RA=189.12776 Dec=7.77703 Mag=20.95
  MJD=55999.46481 RA=189.08285 Dec=7.87561 Mag=19.05
  MJD=55999.47082 RA=189.08071 Dec=7.87965 Mag=20.34

*** POSSIBLE NEW DISCOVERY! ***
Region: RA=189.2, Dec=7.9, Night=55999
  MJD=55999.28113 RA=189.13915 Dec=7.80888 Mag=20.62
  MJD=55999.46481 RA=189.08285 Dec=7.87561 Mag=19.05
  MJD=55999.47082 RA=189.08063 Dec=7.87809 Mag=19.84

*** POSSIBLE NEW DISCOVERY! ***
Region: RA=189.2, Dec=7.9, Night=55999
  MJD=55999.28113 RA=189.14976 Dec=7.77987 Mag=21.08
  MJD=55999.46481 RA=189.08285 Dec=7.87561 Mag=19.05
  MJD=55999.47082 RA=189.08063 Dec=7.87809 Mag=19.84

*** POSSIBLE NEW DISCOVERY! ***
Region: RA=189.2, Dec=7.9, Night=55999
  MJD=55999.28113 RA=189.14976 Dec=7.77987 Mag=21.08
  MJD=55999.46481 RA=189.08285 Dec=7.87561 Mag=19.05
  MJD=55999.47082 RA=189.08071 Dec=7.87965 Mag=20.34

*** POSSIBLE NEW DISCOVERY! ***
Region: RA=189.2, Dec=7.9, Night=55999
  MJD=55999.28113 RA=189.17122 Dec=7.77244 Mag=20.99
  MJD=55999.46481 RA=189.08285 Dec=7.87561 Mag=19.05
  MJD=55999.47082 RA=189.08071 Dec=7.87965 Mag=20.34

*** POSSIBLE NEW DISCOVERY! ***
Region: RA=189.2, Dec=7.9, Night=55999
  MJD=55999.28113 RA=189.22428 Dec=7.91427 Mag=20.67
  MJD=55999.46481 RA=189.24153 Dec=7.96284 Mag=15.83
  MJD=55999.47082 RA=189.24229 Dec=7.96382 Mag=15.48

*** POSSIBLE NEW DISCOVERY! ***
Region: RA=189.2, Dec=7.9, Night=55999
  MJD=55999.28113 RA=189.24440 Dec=7.93377 Mag=20.04
  MJD=55999.46481 RA=189.24153 Dec=7.96284 Mag=15.83
Candidate discovery at RA=189.2, Dec=7.9, Night=55999
  MJD=55999.28113 RA=189.24440 Dec=7.93377 Mag=20.04
  MJD=55999.46481 RA=189.24153 Dec=7.96284 Mag=15.83
  MJD=55999.47082 RA=189.24229 Dec=7.96382 Mag=15.48
WARNING: NoResultsWarning: No objects were found with the query constraints. [astroquery.imcce.core]
Candidate discovery at RA=189.2, Dec=7.9, Night=55999
  MJD=55999.28113 RA=189.24860 Dec=7.93281 Mag=21.01
  MJD=55999.46481 RA=189.24153 Dec=7.96284 Mag=15.83
  MJD=55999.47082 RA=189.24229 Dec=7.96382 Mag=15.48
WARNING: NoResultsWarning: No objects were found with the query constraints. [astroquery.imcce.core]
Candidate discovery at RA=189.2, Dec=7.9, Night=55999
  MJD=55999.28113 RA=189.29295 Dec=7.96219 Mag=21.30
  MJD=55999.46481 RA=189.29434 Dec=7.91307 Mag=19.68
  MJD=55999.47082 RA=189.29448 Dec=7.91047 Mag=19.48
WARNING: NoResultsWarning: No objects were found with the query constraints. [astroquery.imcce.core]
Candidate discovery at RA=189.2, Dec=7.9, Night=55999
  MJD=55999.28113 RA=189.33956 Dec=7.91207 Mag=20.59
  MJD=55999.46481 RA=189.33830 Dec=7.98748 Mag=19.61
  MJD=55999.47082 RA=189.33850 Dec=7.98910 Mag=19.70
WARNING: NoResultsWarning: No objects were found with the query constraints. [astroquery.imcce.core]
Candidate discovery at RA=189.2, Dec=7.9, Night=55999
  MJD=55999.28113 RA=189.33956 Dec=7.91207 Mag=20.59
  MJD=55999.46481 RA=189.36303 Dec=7.98860 Mag=20.79
  MJD=55999.47082 RA=189.36319 Dec=7.99157 Mag=19.92
WARNING: NoResultsWarning: No objects were found with the query constraints. [astroquery.imcce.core]
Candidate discovery at RA=189.2, Dec=7.9, Night=55999
  MJD=55999.28113 RA=189.33956 Dec=7.91207 Mag=20.59
  MJD=55999.46481 RA=189.36303 Dec=7.99464 Mag=20.44
  MJD=55999.47082 RA=189.36313 Dec=7.99803 Mag=20.34
WARNING: NoResultsWarning: No objects were found with the query constraints. [astroquery.imcce.core]
Candidate discovery at RA=189.2, Dec=7.9, Night=55999
  MJD=55999.28113 RA=189.33956 Dec=7.91207 Mag=20.59
  MJD=55999.46481 RA=189.36327 Dec=7.93986 Mag=19.47
  MJD=55999.47082 RA=189.36344 Dec=7.94163 Mag=19.98
WARNING: NoResultsWarning: No objects were found with the query constraints. [astroquery.imcce.core]
Candidate discovery at RA=189.2, Dec=7.9, Night=55999
  MJD=55999.28113 RA=189.33956 Dec=7.91207 Mag=20.59
  MJD=55999.46481 RA=189.36351 Dec=7.89084 Mag=20.22
  MJD=55999.47082 RA=189.36365 Dec=7.89013 Mag=19.91
WARNING: NoResultsWarning: No objects were found with the query constraints. [astroquery.imcce.core]
Candidate discovery at RA=189.2, Dec=7.9, Night=55999
  MJD=55999.28113 RA=189.34410 Dec=7.88113 Mag=21.08
  MJD=55999.46481 RA=189.33869 Dec=7.92271 Mag=20.32
  MJD=55999.47082 RA=189.33886 Dec=7.92492 Mag=19.80
WARNING: NoResultsWarning: No objects were found with the query constraints. [astroquery.imcce.core]
Candidate discovery at RA=189.2, Dec=7.9, Night=55999
  MJD=55999.28113 RA=189.34410 Dec=7.88113 Mag=21.08
  MJD=55999.46481 RA=189.36303 Dec=7.98860 Mag=20.79
  MJD=55999.47082 RA=189.36319 Dec=7.99157 Mag=19.92
WARNING: NoResultsWarning: No objects were found with the query constraints. [astroquery.imcce.core]
Candidate discovery at RA=189.2, Dec=7.9, Night=55999
  MJD=55999.28113 RA=189.34410 Dec=7.88113 Mag=21.08
  MJD=55999.46481 RA=189.36303 Dec=7.99464 Mag=20.44
  MJD=55999.47082 RA=189.36313 Dec=7.99803 Mag=20.34
WARNING: NoResultsWarning: No objects were found with the query constraints. [astroquery.imcce.core]
Candidate discovery at RA=189.2, Dec=7.9, Night=55999
  MJD=55999.28113 RA=189.34410 Dec=7.88113 Mag=21.08
  MJD=55999.46481 RA=189.36327 Dec=7.93986 Mag=19.47
  MJD=55999.47082 RA=189.36344 Dec=7.94163 Mag=19.98
WARNING: NoResultsWarning: No objects were found with the query constraints. [astroquery.imcce.core]
Candidate discovery at RA=189.2, Dec=7.9, Night=55999
  MJD=55999.28113 RA=189.31210 Dec=7.84396 Mag=20.86
  MJD=55999.46481 RA=189.33869 Dec=7.92271 Mag=20.32
  MJD=55999.47082 RA=189.33886 Dec=7.92492 Mag=19.80
WARNING: NoResultsWarning: No objects were found with the query constraints. [astroquery.imcce.core]
Candidate discovery at RA=189.2, Dec=7.9, Night=55999
  MJD=55999.28113 RA=189.31571 Dec=7.85943 Mag=20.98
  MJD=55999.46481 RA=189.33869 Dec=7.92271 Mag=20.32
  MJD=55999.47082 RA=189.33886 Dec=7.92492 Mag=19.80
WARNING: NoResultsWarning: No objects were found with the query constraints. [astroquery.imcce.core]
Candidate discovery at RA=189.2, Dec=7.9, Night=55999
  MJD=55999.28113 RA=189.31998 Dec=7.85382 Mag=20.93
  MJD=55999.46481 RA=189.33869 Dec=7.92271 Mag=20.32
  MJD=55999.47082 RA=189.33886 Dec=7.92492 Mag=19.80
WARNING: NoResultsWarning: No objects were found with the query constraints. [astroquery.imcce.core]
Candidate discovery at RA=189.2, Dec=7.9, Night=55999
  MJD=55999.28113 RA=189.32858 Dec=7.87013 Mag=21.06
  MJD=55999.46481 RA=189.33869 Dec=7.92271 Mag=20.32
  MJD=55999.47082 RA=189.33886 Dec=7.92492 Mag=19.80
WARNING: NoResultsWarning: No objects were found with the query constraints. [astroquery.imcce.core]
Candidate discovery at RA=189.2, Dec=7.9, Night=55999
  MJD=55999.28113 RA=189.32858 Dec=7.87013 Mag=21.06
  MJD=55999.46481 RA=189.36327 Dec=7.93986 Mag=19.47
  MJD=55999.47082 RA=189.36344 Dec=7.94163 Mag=19.98
WARNING: NoResultsWarning: No objects were found with the query constraints. [astroquery.imcce.core]
Candidate discovery at RA=189.2, Dec=7.9, Night=55999
  MJD=55999.28113 RA=189.36981 Dec=7.87069 Mag=20.53
  MJD=55999.46481 RA=189.36303 Dec=7.98860 Mag=20.79
  MJD=55999.47082 RA=189.36319 Dec=7.99157 Mag=19.92
WARNING: NoResultsWarning: No objects were found with the query constraints. [astroquery.imcce.core]
Candidate discovery at RA=189.2, Dec=7.9, Night=55999
  MJD=55999.28113 RA=189.36981 Dec=7.87069 Mag=20.53
  MJD=55999.46481 RA=189.36303 Dec=7.99464 Mag=20.44
  MJD=55999.47082 RA=189.36313 Dec=7.99803 Mag=20.34
WARNING: NoResultsWarning: No objects were found with the query constraints. [astroquery.imcce.core]
Candidate discovery at RA=189.2, Dec=7.9, Night=55999
  MJD=55999.28113 RA=189.36981 Dec=7.87069 Mag=20.53
  MJD=55999.46481 RA=189.36327 Dec=7.93986 Mag=19.47
  MJD=55999.47082 RA=189.36344 Dec=7.94163 Mag=19.98
WARNING: NoResultsWarning: No objects were found with the query constraints. [astroquery.imcce.core]
Candidate discovery at RA=189.2, Dec=7.9, Night=55999
  MJD=55999.28113 RA=189.37185 Dec=7.86701 Mag=21.14
  MJD=55999.46481 RA=189.36303 Dec=7.98860 Mag=20.79
  MJD=55999.47082 RA=189.36319 Dec=7.99157 Mag=19.92
WARNING: NoResultsWarning: No objects were found with the query constraints. [astroquery.imcce.core]
Candidate discovery at RA=189.2, Dec=7.9, Night=55999
  MJD=55999.28113 RA=189.37185 Dec=7.86701 Mag=21.14
  MJD=55999.46481 RA=189.36303 Dec=7.99464 Mag=20.44
  MJD=55999.47082 RA=189.36313 Dec=7.99803 Mag=20.34
WARNING: NoResultsWarning: No objects were found with the query constraints. [astroquery.imcce.core]
Candidate discovery at RA=189.2, Dec=7.9, Night=55999
  MJD=55999.28113 RA=189.37185 Dec=7.86701 Mag=21.14
  MJD=55999.46481 RA=189.36327 Dec=7.93986 Mag=19.47
  MJD=55999.47082 RA=189.36344 Dec=7.94163 Mag=19.98
WARNING: NoResultsWarning: No objects were found with the query constraints. [astroquery.imcce.core]
Candidate discovery at RA=189.2, Dec=7.9, Night=55999
  MJD=55999.28461 RA=189.27854 Dec=8.04678 Mag=20.17
  MJD=55999.34763 RA=189.28458 Dec=8.03514 Mag=19.28
  MJD=55999.39106 RA=189.28837 Dec=8.02660 Mag=18.90
WARNING: NoResultsWarning: No objects were found with the query constraints. [astroquery.imcce.core]
Candidate discovery at RA=189.2, Dec=7.9, Night=55999
  MJD=55999.28461 RA=189.28550 Dec=8.02277 Mag=20.03
  MJD=55999.34763 RA=189.28527 Dec=7.97862 Mag=20.07
  MJD=55999.46481 RA=189.28496 Dec=7.89602 Mag=19.23
WARNING: NoResultsWarning: No objects were found with the query constraints. [astroquery.imcce.core]
Candidate discovery at RA=189.2, Dec=7.9, Night=55999
  MJD=55999.28461 RA=189.33932 Dec=7.94526 Mag=20.06
  MJD=55999.34763 RA=189.33901 Dec=7.93828 Mag=20.08
  MJD=55999.47082 RA=189.33886 Dec=7.92492 Mag=19.80
WARNING: NoResultsWarning: No objects were found with the query constraints. [astroquery.imcce.core]
Candidate discovery at RA=189.2, Dec=7.9, Night=55999
  MJD=55999.28461 RA=189.33977 Dec=7.89783 Mag=20.90
  MJD=55999.34763 RA=189.33901 Dec=7.93828 Mag=20.08
  MJD=55999.47082 RA=189.33841 Dec=8.01686 Mag=19.34
WARNING: NoResultsWarning: No objects were found with the query constraints. [astroquery.imcce.core]
Candidate discovery at RA=189.2, Dec=7.9, Night=55999
  MJD=55999.28461 RA=189.10387 Dec=8.03771 Mag=20.10
  MJD=55999.39106 RA=189.08156 Dec=8.05198 Mag=19.92
  MJD=55999.46481 RA=189.06618 Dec=8.06190 Mag=20.02
WARNING: NoResultsWarning: No objects were found with the query constraints. [astroquery.imcce.core]
Candidate discovery at RA=189.2, Dec=7.9, Night=55999
  MJD=55999.28461 RA=189.28062 Dec=7.84948 Mag=18.92
  MJD=55999.39106 RA=189.28816 Dec=7.90451 Mag=19.62
  MJD=55999.46481 RA=189.29364 Dec=7.94167 Mag=18.47
WARNING: NoResultsWarning: No objects were found with the query constraints. [astroquery.imcce.core]
Candidate discovery at RA=189.2, Dec=7.9, Night=55999
  MJD=55999.28461 RA=189.10387 Dec=8.03771 Mag=20.10
  MJD=55999.39106 RA=189.08156 Dec=8.05198 Mag=19.92
  MJD=55999.47082 RA=189.06489 Dec=8.06261 Mag=19.92
WARNING: NoResultsWarning: No objects were found with the query constraints. [astroquery.imcce.core]
Candidate discovery at RA=189.2, Dec=7.9, Night=55999
  MJD=55999.28461 RA=189.08081 Dec=7.86266 Mag=19.12
  MJD=55999.39106 RA=189.08070 Dec=7.87177 Mag=20.28
  MJD=55999.47082 RA=189.08063 Dec=7.87809 Mag=19.84
WARNING: NoResultsWarning: No objects were found with the query constraints. [astroquery.imcce.core]
Candidate discovery at RA=189.2, Dec=7.9, Night=55999
  MJD=55999.28461 RA=189.08081 Dec=7.86266 Mag=19.12
  MJD=55999.39106 RA=189.08070 Dec=7.87177 Mag=20.28
  MJD=55999.47082 RA=189.08071 Dec=7.87965 Mag=20.34
WARNING: NoResultsWarning: No objects were found with the query constraints. [astroquery.imcce.core]
Candidate discovery at RA=189.2, Dec=7.9, Night=55999
  MJD=55999.28461 RA=189.29541 Dec=7.88950 Mag=19.55
  MJD=55999.39106 RA=189.28913 Dec=7.86894 Mag=20.27
  MJD=55999.47082 RA=189.28520 Dec=7.85396 Mag=19.49
WARNING: NoResultsWarning: No objects were found with the query constraints. [astroquery.imcce.core]
Candidate discovery at RA=189.2, Dec=7.9, Night=55999
  MJD=55999.28461 RA=189.28165 Dec=8.02276 Mag=20.49
  MJD=55999.46481 RA=189.29434 Dec=7.91307 Mag=19.68
  MJD=55999.47082 RA=189.29448 Dec=7.91047 Mag=19.48
WARNING: NoResultsWarning: No objects were found with the query constraints. [astroquery.imcce.core]
Candidate discovery at RA=189.2, Dec=7.9, Night=55999
  MJD=55999.28461 RA=189.28550 Dec=8.02277 Mag=20.03
  MJD=55999.46481 RA=189.29434 Dec=7.91307 Mag=19.68
  MJD=55999.47082 RA=189.29448 Dec=7.91047 Mag=19.48
WARNING: NoResultsWarning: No objects were found with the query constraints. [astroquery.imcce.core]
Candidate discovery at RA=189.2, Dec=7.9, Night=55999
  MJD=55999.28461 RA=189.29479 Dec=8.01565 Mag=19.76
  MJD=55999.46481 RA=189.29434 Dec=7.91307 Mag=19.68
  MJD=55999.47082 RA=189.29448 Dec=7.91047 Mag=19.48
WARNING: NoResultsWarning: No objects were found with the query constraints. [astroquery.imcce.core]
  MJD=55999.47082 RA=189.24229 Dec=7.96382 Mag=15.48

*** POSSIBLE NEW DISCOVERY! ***
Region: RA=189.2, Dec=7.9, Night=55999
  MJD=55999.28113 RA=189.24860 Dec=7.93281 Mag=21.01
  MJD=55999.46481 RA=189.24153 Dec=7.96284 Mag=15.83
  MJD=55999.47082 RA=189.24229 Dec=7.96382 Mag=15.48

*** POSSIBLE NEW DISCOVERY! ***
Region: RA=189.2, Dec=7.9, Night=55999
  MJD=55999.28113 RA=189.29295 Dec=7.96219 Mag=21.30
  MJD=55999.46481 RA=189.29434 Dec=7.91307 Mag=19.68
  MJD=55999.47082 RA=189.29448 Dec=7.91047 Mag=19.48

*** POSSIBLE NEW DISCOVERY! ***
Region: RA=189.2, Dec=7.9, Night=55999
  MJD=55999.28113 RA=189.33956 Dec=7.91207 Mag=20.59
  MJD=55999.46481 RA=189.33830 Dec=7.98748 Mag=19.61
  MJD=55999.47082 RA=189.33850 Dec=7.98910 Mag=19.70

*** POSSIBLE NEW DISCOVERY! ***
Region: RA=189.2, Dec=7.9, Night=55999
  MJD=55999.28113 RA=189.33956 Dec=7.91207 Mag=20.59
  MJD=55999.46481 RA=189.36303 Dec=7.98860 Mag=20.79
  MJD=55999.47082 RA=189.36319 Dec=7.99157 Mag=19.92

*** POSSIBLE NEW DISCOVERY! ***
Region: RA=189.2, Dec=7.9, Night=55999
  MJD=55999.28113 RA=189.33956 Dec=7.91207 Mag=20.59
  MJD=55999.46481 RA=189.36303 Dec=7.99464 Mag=20.44
  MJD=55999.47082 RA=189.36313 Dec=7.99803 Mag=20.34

*** POSSIBLE NEW DISCOVERY! ***
Region: RA=189.2, Dec=7.9, Night=55999
  MJD=55999.28113 RA=189.33956 Dec=7.91207 Mag=20.59
  MJD=55999.46481 RA=189.36327 Dec=7.93986 Mag=19.47
  MJD=55999.47082 RA=189.36344 Dec=7.94163 Mag=19.98

*** POSSIBLE NEW DISCOVERY! ***
Region: RA=189.2, Dec=7.9, Night=55999
  MJD=55999.28113 RA=189.33956 Dec=7.91207 Mag=20.59
  MJD=55999.46481 RA=189.36351 Dec=7.89084 Mag=20.22
  MJD=55999.47082 RA=189.36365 Dec=7.89013 Mag=19.91

*** POSSIBLE NEW DISCOVERY! ***
Region: RA=189.2, Dec=7.9, Night=55999
  MJD=55999.28113 RA=189.34410 Dec=7.88113 Mag=21.08
  MJD=55999.46481 RA=189.33869 Dec=7.92271 Mag=20.32
  MJD=55999.47082 RA=189.33886 Dec=7.92492 Mag=19.80

*** POSSIBLE NEW DISCOVERY! ***
Region: RA=189.2, Dec=7.9, Night=55999
  MJD=55999.28113 RA=189.34410 Dec=7.88113 Mag=21.08
  MJD=55999.46481 RA=189.36303 Dec=7.98860 Mag=20.79
  MJD=55999.47082 RA=189.36319 Dec=7.99157 Mag=19.92

*** POSSIBLE NEW DISCOVERY! ***
Region: RA=189.2, Dec=7.9, Night=55999
  MJD=55999.28113 RA=189.34410 Dec=7.88113 Mag=21.08
  MJD=55999.46481 RA=189.36303 Dec=7.99464 Mag=20.44
  MJD=55999.47082 RA=189.36313 Dec=7.99803 Mag=20.34

*** POSSIBLE NEW DISCOVERY! ***
Region: RA=189.2, Dec=7.9, Night=55999
  MJD=55999.28113 RA=189.34410 Dec=7.88113 Mag=21.08
  MJD=55999.46481 RA=189.36327 Dec=7.93986 Mag=19.47
  MJD=55999.47082 RA=189.36344 Dec=7.94163 Mag=19.98

*** POSSIBLE NEW DISCOVERY! ***
Region: RA=189.2, Dec=7.9, Night=55999
  MJD=55999.28113 RA=189.31210 Dec=7.84396 Mag=20.86
  MJD=55999.46481 RA=189.33869 Dec=7.92271 Mag=20.32
  MJD=55999.47082 RA=189.33886 Dec=7.92492 Mag=19.80

*** POSSIBLE NEW DISCOVERY! ***
Region: RA=189.2, Dec=7.9, Night=55999
  MJD=55999.28113 RA=189.31571 Dec=7.85943 Mag=20.98
  MJD=55999.46481 RA=189.33869 Dec=7.92271 Mag=20.32
  MJD=55999.47082 RA=189.33886 Dec=7.92492 Mag=19.80

*** POSSIBLE NEW DISCOVERY! ***
Region: RA=189.2, Dec=7.9, Night=55999
  MJD=55999.28113 RA=189.31998 Dec=7.85382 Mag=20.93
  MJD=55999.46481 RA=189.33869 Dec=7.92271 Mag=20.32
  MJD=55999.47082 RA=189.33886 Dec=7.92492 Mag=19.80

*** POSSIBLE NEW DISCOVERY! ***
Region: RA=189.2, Dec=7.9, Night=55999
  MJD=55999.28113 RA=189.32858 Dec=7.87013 Mag=21.06
  MJD=55999.46481 RA=189.33869 Dec=7.92271 Mag=20.32
  MJD=55999.47082 RA=189.33886 Dec=7.92492 Mag=19.80

*** POSSIBLE NEW DISCOVERY! ***
Region: RA=189.2, Dec=7.9, Night=55999
  MJD=55999.28113 RA=189.32858 Dec=7.87013 Mag=21.06
  MJD=55999.46481 RA=189.36327 Dec=7.93986 Mag=19.47
  MJD=55999.47082 RA=189.36344 Dec=7.94163 Mag=19.98

*** POSSIBLE NEW DISCOVERY! ***
Region: RA=189.2, Dec=7.9, Night=55999
  MJD=55999.28113 RA=189.36981 Dec=7.87069 Mag=20.53
  MJD=55999.46481 RA=189.36303 Dec=7.98860 Mag=20.79
  MJD=55999.47082 RA=189.36319 Dec=7.99157 Mag=19.92

*** POSSIBLE NEW DISCOVERY! ***
Region: RA=189.2, Dec=7.9, Night=55999
  MJD=55999.28113 RA=189.36981 Dec=7.87069 Mag=20.53
  MJD=55999.46481 RA=189.36303 Dec=7.99464 Mag=20.44
  MJD=55999.47082 RA=189.36313 Dec=7.99803 Mag=20.34

*** POSSIBLE NEW DISCOVERY! ***
Region: RA=189.2, Dec=7.9, Night=55999
  MJD=55999.28113 RA=189.36981 Dec=7.87069 Mag=20.53
  MJD=55999.46481 RA=189.36327 Dec=7.93986 Mag=19.47
  MJD=55999.47082 RA=189.36344 Dec=7.94163 Mag=19.98

*** POSSIBLE NEW DISCOVERY! ***
Region: RA=189.2, Dec=7.9, Night=55999
  MJD=55999.28113 RA=189.37185 Dec=7.86701 Mag=21.14
  MJD=55999.46481 RA=189.36303 Dec=7.98860 Mag=20.79
  MJD=55999.47082 RA=189.36319 Dec=7.99157 Mag=19.92

*** POSSIBLE NEW DISCOVERY! ***
Region: RA=189.2, Dec=7.9, Night=55999
  MJD=55999.28113 RA=189.37185 Dec=7.86701 Mag=21.14
  MJD=55999.46481 RA=189.36303 Dec=7.99464 Mag=20.44
  MJD=55999.47082 RA=189.36313 Dec=7.99803 Mag=20.34

*** POSSIBLE NEW DISCOVERY! ***
Region: RA=189.2, Dec=7.9, Night=55999
  MJD=55999.28113 RA=189.37185 Dec=7.86701 Mag=21.14
  MJD=55999.46481 RA=189.36327 Dec=7.93986 Mag=19.47
  MJD=55999.47082 RA=189.36344 Dec=7.94163 Mag=19.98

*** POSSIBLE NEW DISCOVERY! ***
Region: RA=189.2, Dec=7.9, Night=55999
  MJD=55999.28461 RA=189.27854 Dec=8.04678 Mag=20.17
  MJD=55999.34763 RA=189.28458 Dec=8.03514 Mag=19.28
  MJD=55999.39106 RA=189.28837 Dec=8.02660 Mag=18.90

*** POSSIBLE NEW DISCOVERY! ***
Region: RA=189.2, Dec=7.9, Night=55999
  MJD=55999.28461 RA=189.28550 Dec=8.02277 Mag=20.03
  MJD=55999.34763 RA=189.28527 Dec=7.97862 Mag=20.07
  MJD=55999.46481 RA=189.28496 Dec=7.89602 Mag=19.23

*** POSSIBLE NEW DISCOVERY! ***
Region: RA=189.2, Dec=7.9, Night=55999
  MJD=55999.28461 RA=189.33932 Dec=7.94526 Mag=20.06
  MJD=55999.34763 RA=189.33901 Dec=7.93828 Mag=20.08
  MJD=55999.47082 RA=189.33886 Dec=7.92492 Mag=19.80

*** POSSIBLE NEW DISCOVERY! ***
Region: RA=189.2, Dec=7.9, Night=55999
  MJD=55999.28461 RA=189.33977 Dec=7.89783 Mag=20.90
  MJD=55999.34763 RA=189.33901 Dec=7.93828 Mag=20.08
  MJD=55999.47082 RA=189.33841 Dec=8.01686 Mag=19.34

*** POSSIBLE NEW DISCOVERY! ***
Region: RA=189.2, Dec=7.9, Night=55999
  MJD=55999.28461 RA=189.10387 Dec=8.03771 Mag=20.10
  MJD=55999.39106 RA=189.08156 Dec=8.05198 Mag=19.92
  MJD=55999.46481 RA=189.06618 Dec=8.06190 Mag=20.02

*** POSSIBLE NEW DISCOVERY! ***
Region: RA=189.2, Dec=7.9, Night=55999
  MJD=55999.28461 RA=189.28062 Dec=7.84948 Mag=18.92
  MJD=55999.39106 RA=189.28816 Dec=7.90451 Mag=19.62
  MJD=55999.46481 RA=189.29364 Dec=7.94167 Mag=18.47

*** POSSIBLE NEW DISCOVERY! ***
Region: RA=189.2, Dec=7.9, Night=55999
  MJD=55999.28461 RA=189.10387 Dec=8.03771 Mag=20.10
  MJD=55999.39106 RA=189.08156 Dec=8.05198 Mag=19.92
  MJD=55999.47082 RA=189.06489 Dec=8.06261 Mag=19.92

*** POSSIBLE NEW DISCOVERY! ***
Region: RA=189.2, Dec=7.9, Night=55999
  MJD=55999.28461 RA=189.08081 Dec=7.86266 Mag=19.12
  MJD=55999.39106 RA=189.08070 Dec=7.87177 Mag=20.28
  MJD=55999.47082 RA=189.08063 Dec=7.87809 Mag=19.84

*** POSSIBLE NEW DISCOVERY! ***
Region: RA=189.2, Dec=7.9, Night=55999
  MJD=55999.28461 RA=189.08081 Dec=7.86266 Mag=19.12
  MJD=55999.39106 RA=189.08070 Dec=7.87177 Mag=20.28
  MJD=55999.47082 RA=189.08071 Dec=7.87965 Mag=20.34

*** POSSIBLE NEW DISCOVERY! ***
Region: RA=189.2, Dec=7.9, Night=55999
  MJD=55999.28461 RA=189.29541 Dec=7.88950 Mag=19.55
  MJD=55999.39106 RA=189.28913 Dec=7.86894 Mag=20.27
  MJD=55999.47082 RA=189.28520 Dec=7.85396 Mag=19.49

*** POSSIBLE NEW DISCOVERY! ***
Region: RA=189.2, Dec=7.9, Night=55999
  MJD=55999.28461 RA=189.28165 Dec=8.02276 Mag=20.49
  MJD=55999.46481 RA=189.29434 Dec=7.91307 Mag=19.68
  MJD=55999.47082 RA=189.29448 Dec=7.91047 Mag=19.48

*** POSSIBLE NEW DISCOVERY! ***
Region: RA=189.2, Dec=7.9, Night=55999
  MJD=55999.28461 RA=189.28550 Dec=8.02277 Mag=20.03
  MJD=55999.46481 RA=189.29434 Dec=7.91307 Mag=19.68
  MJD=55999.47082 RA=189.29448 Dec=7.91047 Mag=19.48

*** POSSIBLE NEW DISCOVERY! ***
Region: RA=189.2, Dec=7.9, Night=55999
  MJD=55999.28461 RA=189.29479 Dec=8.01565 Mag=19.76
  MJD=55999.46481 RA=189.29434 Dec=7.91307 Mag=19.68
  MJD=55999.47082 RA=189.29448 Dec=7.91047 Mag=19.48

*** POSSIBLE NEW DISCOVERY! ***
Region: RA=189.2, Dec=7.9, Night=55999Candidate discovery at RA=189.2, Dec=7.9, Night=55999
  MJD=55999.28461 RA=189.33889 Dec=8.08782 Mag=20.09
  MJD=55999.46481 RA=189.33855 Dec=7.95383 Mag=19.59
  MJD=55999.47082 RA=189.33870 Dec=7.94837 Mag=19.83
WARNING: NoResultsWarning: No objects were found with the query constraints. [astroquery.imcce.core]
Candidate discovery at RA=189.2, Dec=7.9, Night=55999
  MJD=55999.28461 RA=189.33889 Dec=8.08782 Mag=20.09
  MJD=55999.46481 RA=189.36303 Dec=7.98860 Mag=20.79
  MJD=55999.47082 RA=189.36320 Dec=7.98554 Mag=20.07
WARNING: NoResultsWarning: No objects were found with the query constraints. [astroquery.imcce.core]
Candidate discovery at RA=189.2, Dec=7.9, Night=55999
  MJD=55999.28461 RA=189.33889 Dec=8.08782 Mag=20.09
  MJD=55999.46481 RA=189.36303 Dec=7.99464 Mag=20.44
  MJD=55999.47082 RA=189.36319 Dec=7.99157 Mag=19.92
WARNING: NoResultsWarning: No objects were found with the query constraints. [astroquery.imcce.core]
Candidate discovery at RA=189.2, Dec=7.9, Night=55999
  MJD=55999.28461 RA=189.33894 Dec=8.07241 Mag=20.78
  MJD=55999.46481 RA=189.36303 Dec=7.98860 Mag=20.79
  MJD=55999.47082 RA=189.36320 Dec=7.98554 Mag=20.07
WARNING: NoResultsWarning: No objects were found with the query constraints. [astroquery.imcce.core]
Candidate discovery at RA=189.2, Dec=7.9, Night=55999
  MJD=55999.28461 RA=189.33894 Dec=8.07241 Mag=20.78
  MJD=55999.46481 RA=189.36303 Dec=7.99464 Mag=20.44
  MJD=55999.47082 RA=189.36319 Dec=7.99157 Mag=19.92
WARNING: NoResultsWarning: No objects were found with the query constraints. [astroquery.imcce.core]
Candidate discovery at RA=189.2, Dec=7.9, Night=55999
  MJD=55999.28461 RA=189.33900 Dec=7.97495 Mag=20.11
  MJD=55999.46481 RA=189.36336 Dec=7.92074 Mag=20.05
  MJD=55999.47082 RA=189.36346 Dec=7.91974 Mag=20.10
WARNING: NoResultsWarning: No objects were found with the query constraints. [astroquery.imcce.core]
Candidate discovery at RA=189.2, Dec=7.9, Night=55999
  MJD=55999.28461 RA=189.33900 Dec=7.97495 Mag=20.11
  MJD=55999.46481 RA=189.36351 Dec=7.89084 Mag=20.22
  MJD=55999.47082 RA=189.36363 Dec=7.88789 Mag=19.89
WARNING: NoResultsWarning: No objects were found with the query constraints. [astroquery.imcce.core]
Candidate discovery at RA=189.2, Dec=7.9, Night=55999
  MJD=55999.28461 RA=189.33920 Dec=7.99238 Mag=19.08
  MJD=55999.46481 RA=189.36327 Dec=7.93986 Mag=19.47
  MJD=55999.47082 RA=189.36349 Dec=7.93729 Mag=20.49
WARNING: NoResultsWarning: No objects were found with the query constraints. [astroquery.imcce.core]
Candidate discovery at RA=189.2, Dec=7.9, Night=55999
  MJD=55999.28461 RA=189.33920 Dec=7.99238 Mag=19.08
  MJD=55999.46481 RA=189.36351 Dec=7.89084 Mag=20.22
  MJD=55999.47082 RA=189.36363 Dec=7.88789 Mag=19.89
WARNING: NoResultsWarning: No objects were found with the query constraints. [astroquery.imcce.core]
Candidate discovery at RA=189.2, Dec=7.9, Night=55999
  MJD=55999.28461 RA=189.33932 Dec=7.94526 Mag=20.06
  MJD=55999.46481 RA=189.33830 Dec=7.98748 Mag=19.61
  MJD=55999.47082 RA=189.33850 Dec=7.98910 Mag=19.70
WARNING: NoResultsWarning: No objects were found with the query constraints. [astroquery.imcce.core]
Candidate discovery at RA=189.2, Dec=7.9, Night=55999
  MJD=55999.28461 RA=189.33932 Dec=7.94526 Mag=20.06
  MJD=55999.46481 RA=189.36336 Dec=7.92074 Mag=20.05
  MJD=55999.47082 RA=189.36346 Dec=7.91974 Mag=20.10
WARNING: NoResultsWarning: No objects were found with the query constraints. [astroquery.imcce.core]
Candidate discovery at RA=189.2, Dec=7.9, Night=55999
  MJD=55999.28461 RA=189.33932 Dec=7.94526 Mag=20.06
  MJD=55999.46481 RA=189.36351 Dec=7.89084 Mag=20.22
  MJD=55999.47082 RA=189.36366 Dec=7.88916 Mag=19.93
WARNING: NoResultsWarning: No objects were found with the query constraints. [astroquery.imcce.core]
Candidate discovery at RA=189.2, Dec=7.9, Night=55999
  MJD=55999.28461 RA=189.33955 Dec=7.92861 Mag=19.64
  MJD=55999.46481 RA=189.33830 Dec=7.98748 Mag=19.61
  MJD=55999.47082 RA=189.33850 Dec=7.98910 Mag=19.70
WARNING: NoResultsWarning: No objects were found with the query constraints. [astroquery.imcce.core]
Candidate discovery at RA=189.2, Dec=7.9, Night=55999
  MJD=55999.28461 RA=189.33955 Dec=7.92861 Mag=19.64
  MJD=55999.46481 RA=189.36336 Dec=7.92074 Mag=20.05
  MJD=55999.47082 RA=189.36346 Dec=7.91974 Mag=20.10
WARNING: NoResultsWarning: No objects were found with the query constraints. [astroquery.imcce.core]
Candidate discovery at RA=189.2, Dec=7.9, Night=55999
  MJD=55999.28461 RA=189.33955 Dec=7.92861 Mag=19.64
  MJD=55999.46481 RA=189.36351 Dec=7.89084 Mag=20.22
  MJD=55999.47082 RA=189.36365 Dec=7.89013 Mag=19.91
WARNING: NoResultsWarning: No objects were found with the query constraints. [astroquery.imcce.core]
Candidate discovery at RA=189.2, Dec=7.9, Night=55999
  MJD=55999.28461 RA=189.33955 Dec=7.92861 Mag=19.64
  MJD=55999.46481 RA=189.36351 Dec=7.89084 Mag=20.22
  MJD=55999.47082 RA=189.36366 Dec=7.88916 Mag=19.93
WARNING: NoResultsWarning: No objects were found with the query constraints. [astroquery.imcce.core]
Candidate discovery at RA=189.2, Dec=7.9, Night=55999
  MJD=55999.28461 RA=189.33969 Dec=7.93507 Mag=20.18
  MJD=55999.46481 RA=189.33830 Dec=7.98748 Mag=19.61
  MJD=55999.47082 RA=189.33850 Dec=7.98910 Mag=19.70
WARNING: NoResultsWarning: No objects were found with the query constraints. [astroquery.imcce.core]
Candidate discovery at RA=189.2, Dec=7.9, Night=55999
  MJD=55999.28461 RA=189.33969 Dec=7.93507 Mag=20.18
  MJD=55999.46481 RA=189.36336 Dec=7.92074 Mag=20.05
  MJD=55999.47082 RA=189.36346 Dec=7.91974 Mag=20.10
WARNING: NoResultsWarning: No objects were found with the query constraints. [astroquery.imcce.core]
Candidate discovery at RA=189.2, Dec=7.9, Night=55999
  MJD=55999.28461 RA=189.33969 Dec=7.93507 Mag=20.18
  MJD=55999.46481 RA=189.36351 Dec=7.89084 Mag=20.22
  MJD=55999.47082 RA=189.36365 Dec=7.89013 Mag=19.91
WARNING: NoResultsWarning: No objects were found with the query constraints. [astroquery.imcce.core]
Candidate discovery at RA=189.2, Dec=7.9, Night=55999
  MJD=55999.28461 RA=189.33969 Dec=7.93507 Mag=20.18
  MJD=55999.46481 RA=189.36351 Dec=7.89084 Mag=20.22
  MJD=55999.47082 RA=189.36366 Dec=7.88916 Mag=19.93
WARNING: NoResultsWarning: No objects were found with the query constraints. [astroquery.imcce.core]
Candidate discovery at RA=189.2, Dec=7.9, Night=55999
  MJD=55999.28461 RA=189.38076 Dec=8.09649 Mag=20.95
  MJD=55999.46481 RA=189.36285 Dec=8.03470 Mag=19.76
  MJD=55999.47082 RA=189.36295 Dec=8.03193 Mag=19.69
WARNING: NoResultsWarning: No objects were found with the query constraints. [astroquery.imcce.core]
Candidate discovery at RA=189.2, Dec=7.9, Night=55999
  MJD=55999.28461 RA=189.38076 Dec=8.09649 Mag=20.95
  MJD=55999.46481 RA=189.36303 Dec=7.98860 Mag=20.79
  MJD=55999.47082 RA=189.36320 Dec=7.98554 Mag=20.07
WARNING: NoResultsWarning: No objects were found with the query constraints. [astroquery.imcce.core]
Candidate discovery at RA=189.2, Dec=7.9, Night=55999
  MJD=55999.28461 RA=189.38076 Dec=8.09649 Mag=20.95
  MJD=55999.46481 RA=189.36303 Dec=7.99464 Mag=20.44
  MJD=55999.47082 RA=189.36319 Dec=7.99157 Mag=19.92
WARNING: NoResultsWarning: No objects were found with the query constraints. [astroquery.imcce.core]
Candidate discovery at RA=189.2, Dec=7.9, Night=55999
  MJD=55999.28461 RA=189.38147 Dec=7.92819 Mag=21.15
  MJD=55999.46481 RA=189.36336 Dec=7.92074 Mag=20.05
  MJD=55999.47082 RA=189.36346 Dec=7.91974 Mag=20.10
WARNING: NoResultsWarning: No objects were found with the query constraints. [astroquery.imcce.core]
Candidate discovery at RA=189.2, Dec=7.9, Night=55999
  MJD=55999.28461 RA=189.38147 Dec=7.92819 Mag=21.15
  MJD=55999.46481 RA=189.36351 Dec=7.89084 Mag=20.22
  MJD=55999.47082 RA=189.36365 Dec=7.89013 Mag=19.91
WARNING: NoResultsWarning: No objects were found with the query constraints. [astroquery.imcce.core]
Candidate discovery at RA=189.2, Dec=7.9, Night=55999
  MJD=55999.28461 RA=189.38147 Dec=7.92819 Mag=21.15
  MJD=55999.46481 RA=189.36351 Dec=7.89084 Mag=20.22
  MJD=55999.47082 RA=189.36366 Dec=7.88916 Mag=19.93
WARNING: NoResultsWarning: No objects were found with the query constraints. [astroquery.imcce.core]
Candidate discovery at RA=189.2, Dec=7.9, Night=55999
  MJD=55999.28461 RA=189.38615 Dec=7.98830 Mag=18.97
  MJD=55999.46481 RA=189.36351 Dec=7.89084 Mag=20.22
  MJD=55999.47082 RA=189.36363 Dec=7.88789 Mag=19.89
WARNING: NoResultsWarning: No objects were found with the query constraints. [astroquery.imcce.core]
Candidate discovery at RA=189.2, Dec=7.9, Night=55999
  MJD=55999.28461 RA=189.10387 Dec=8.03771 Mag=20.10
  MJD=55999.46481 RA=189.06618 Dec=8.06190 Mag=20.02
  MJD=55999.47082 RA=189.06489 Dec=8.06261 Mag=19.92
WARNING: NoResultsWarning: No objects were found with the query constraints. [astroquery.imcce.core]
Candidate discovery at RA=189.2, Dec=7.9, Night=55999
  MJD=55999.28461 RA=189.13225 Dec=8.03562 Mag=21.29
  MJD=55999.46481 RA=189.06618 Dec=8.06190 Mag=20.02
  MJD=55999.47082 RA=189.06489 Dec=8.06261 Mag=19.92
WARNING: NoResultsWarning: No objects were found with the query constraints. [astroquery.imcce.core]
Candidate discovery at RA=189.2, Dec=7.9, Night=55999
  MJD=55999.28461 RA=189.22771 Dec=7.95847 Mag=19.47
  MJD=55999.46481 RA=189.24153 Dec=7.96284 Mag=15.83
  MJD=55999.47082 RA=189.24229 Dec=7.96382 Mag=15.48
WARNING: NoResultsWarning: No objects were found with the query constraints. [astroquery.imcce.core]
Candidate discovery at RA=189.2, Dec=7.9, Night=55999
  MJD=55999.28461 RA=189.24367 Dec=7.93398 Mag=19.89
  MJD=55999.46481 RA=189.24153 Dec=7.96284 Mag=15.83
  MJD=55999.47082 RA=189.24229 Dec=7.96382 Mag=15.48
WARNING: NoResultsWarning: No objects were found with the query constraints. [astroquery.imcce.core]
Candidate discovery at RA=189.2, Dec=7.9, Night=55999
  MJD=55999.28461 RA=189.12866 Dec=7.75599 Mag=20.74
  MJD=55999.46481 RA=189.08285 Dec=7.87561 Mag=19.05
  MJD=55999.47082 RA=189.08071 Dec=7.87965 Mag=20.34
WARNING: NoResultsWarning: No objects were found with the query constraints. [astroquery.imcce.core]
Candidate discovery at RA=189.2, Dec=7.9, Night=55999
  MJD=55999.28461 RA=189.30617 Dec=7.86299 Mag=19.58
  MJD=55999.46481 RA=189.33869 Dec=7.92271 Mag=20.32
  MJD=55999.47082 RA=189.33886 Dec=7.92492 Mag=19.80
WARNING: NoResultsWarning: No objects were found with the query constraints. [astroquery.imcce.core]
Candidate discovery at RA=189.2, Dec=7.9, Night=55999
  MJD=55999.28461 RA=189.34935 Dec=7.84985 Mag=20.86
  MJD=55999.46481 RA=189.33869 Dec=7.92271 Mag=20.32
  MJD=55999.47082 RA=189.33886 Dec=7.92492 Mag=19.80
WARNING: NoResultsWarning: No objects were found with the query constraints. [astroquery.imcce.core]
Candidate discovery at RA=189.2, Dec=7.9, Night=55999
  MJD=55999.28461 RA=189.34935 Dec=7.84985 Mag=20.86
  MJD=55999.46481 RA=189.36351 Dec=7.89084 Mag=20.22
  MJD=55999.47082 RA=189.36360 Dec=7.89276 Mag=20.19
WARNING: NoResultsWarning: No objects were found with the query constraints. [astroquery.imcce.core]

  MJD=55999.28461 RA=189.33889 Dec=8.08782 Mag=20.09
  MJD=55999.46481 RA=189.33855 Dec=7.95383 Mag=19.59
  MJD=55999.47082 RA=189.33870 Dec=7.94837 Mag=19.83

*** POSSIBLE NEW DISCOVERY! ***
Region: RA=189.2, Dec=7.9, Night=55999
  MJD=55999.28461 RA=189.33889 Dec=8.08782 Mag=20.09
  MJD=55999.46481 RA=189.36303 Dec=7.98860 Mag=20.79
  MJD=55999.47082 RA=189.36320 Dec=7.98554 Mag=20.07

*** POSSIBLE NEW DISCOVERY! ***
Region: RA=189.2, Dec=7.9, Night=55999
  MJD=55999.28461 RA=189.33889 Dec=8.08782 Mag=20.09
  MJD=55999.46481 RA=189.36303 Dec=7.99464 Mag=20.44
  MJD=55999.47082 RA=189.36319 Dec=7.99157 Mag=19.92

*** POSSIBLE NEW DISCOVERY! ***
Region: RA=189.2, Dec=7.9, Night=55999
  MJD=55999.28461 RA=189.33894 Dec=8.07241 Mag=20.78
  MJD=55999.46481 RA=189.36303 Dec=7.98860 Mag=20.79
  MJD=55999.47082 RA=189.36320 Dec=7.98554 Mag=20.07

*** POSSIBLE NEW DISCOVERY! ***
Region: RA=189.2, Dec=7.9, Night=55999
  MJD=55999.28461 RA=189.33894 Dec=8.07241 Mag=20.78
  MJD=55999.46481 RA=189.36303 Dec=7.99464 Mag=20.44
  MJD=55999.47082 RA=189.36319 Dec=7.99157 Mag=19.92

*** POSSIBLE NEW DISCOVERY! ***
Region: RA=189.2, Dec=7.9, Night=55999
  MJD=55999.28461 RA=189.33900 Dec=7.97495 Mag=20.11
  MJD=55999.46481 RA=189.36336 Dec=7.92074 Mag=20.05
  MJD=55999.47082 RA=189.36346 Dec=7.91974 Mag=20.10

*** POSSIBLE NEW DISCOVERY! ***
Region: RA=189.2, Dec=7.9, Night=55999
  MJD=55999.28461 RA=189.33900 Dec=7.97495 Mag=20.11
  MJD=55999.46481 RA=189.36351 Dec=7.89084 Mag=20.22
  MJD=55999.47082 RA=189.36363 Dec=7.88789 Mag=19.89

*** POSSIBLE NEW DISCOVERY! ***
Region: RA=189.2, Dec=7.9, Night=55999
  MJD=55999.28461 RA=189.33920 Dec=7.99238 Mag=19.08
  MJD=55999.46481 RA=189.36327 Dec=7.93986 Mag=19.47
  MJD=55999.47082 RA=189.36349 Dec=7.93729 Mag=20.49

*** POSSIBLE NEW DISCOVERY! ***
Region: RA=189.2, Dec=7.9, Night=55999
  MJD=55999.28461 RA=189.33920 Dec=7.99238 Mag=19.08
  MJD=55999.46481 RA=189.36351 Dec=7.89084 Mag=20.22
  MJD=55999.47082 RA=189.36363 Dec=7.88789 Mag=19.89

*** POSSIBLE NEW DISCOVERY! ***
Region: RA=189.2, Dec=7.9, Night=55999
  MJD=55999.28461 RA=189.33932 Dec=7.94526 Mag=20.06
  MJD=55999.46481 RA=189.33830 Dec=7.98748 Mag=19.61
  MJD=55999.47082 RA=189.33850 Dec=7.98910 Mag=19.70

*** POSSIBLE NEW DISCOVERY! ***
Region: RA=189.2, Dec=7.9, Night=55999
  MJD=55999.28461 RA=189.33932 Dec=7.94526 Mag=20.06
  MJD=55999.46481 RA=189.36336 Dec=7.92074 Mag=20.05
  MJD=55999.47082 RA=189.36346 Dec=7.91974 Mag=20.10

*** POSSIBLE NEW DISCOVERY! ***
Region: RA=189.2, Dec=7.9, Night=55999
  MJD=55999.28461 RA=189.33932 Dec=7.94526 Mag=20.06
  MJD=55999.46481 RA=189.36351 Dec=7.89084 Mag=20.22
  MJD=55999.47082 RA=189.36366 Dec=7.88916 Mag=19.93

*** POSSIBLE NEW DISCOVERY! ***
Region: RA=189.2, Dec=7.9, Night=55999
  MJD=55999.28461 RA=189.33955 Dec=7.92861 Mag=19.64
  MJD=55999.46481 RA=189.33830 Dec=7.98748 Mag=19.61
  MJD=55999.47082 RA=189.33850 Dec=7.98910 Mag=19.70

*** POSSIBLE NEW DISCOVERY! ***
Region: RA=189.2, Dec=7.9, Night=55999
  MJD=55999.28461 RA=189.33955 Dec=7.92861 Mag=19.64
  MJD=55999.46481 RA=189.36336 Dec=7.92074 Mag=20.05
  MJD=55999.47082 RA=189.36346 Dec=7.91974 Mag=20.10

*** POSSIBLE NEW DISCOVERY! ***
Region: RA=189.2, Dec=7.9, Night=55999
  MJD=55999.28461 RA=189.33955 Dec=7.92861 Mag=19.64
  MJD=55999.46481 RA=189.36351 Dec=7.89084 Mag=20.22
  MJD=55999.47082 RA=189.36365 Dec=7.89013 Mag=19.91

*** POSSIBLE NEW DISCOVERY! ***
Region: RA=189.2, Dec=7.9, Night=55999
  MJD=55999.28461 RA=189.33955 Dec=7.92861 Mag=19.64
  MJD=55999.46481 RA=189.36351 Dec=7.89084 Mag=20.22
  MJD=55999.47082 RA=189.36366 Dec=7.88916 Mag=19.93

*** POSSIBLE NEW DISCOVERY! ***
Region: RA=189.2, Dec=7.9, Night=55999
  MJD=55999.28461 RA=189.33969 Dec=7.93507 Mag=20.18
  MJD=55999.46481 RA=189.33830 Dec=7.98748 Mag=19.61
  MJD=55999.47082 RA=189.33850 Dec=7.98910 Mag=19.70

*** POSSIBLE NEW DISCOVERY! ***
Region: RA=189.2, Dec=7.9, Night=55999
  MJD=55999.28461 RA=189.33969 Dec=7.93507 Mag=20.18
  MJD=55999.46481 RA=189.36336 Dec=7.92074 Mag=20.05
  MJD=55999.47082 RA=189.36346 Dec=7.91974 Mag=20.10

*** POSSIBLE NEW DISCOVERY! ***
Region: RA=189.2, Dec=7.9, Night=55999
  MJD=55999.28461 RA=189.33969 Dec=7.93507 Mag=20.18
  MJD=55999.46481 RA=189.36351 Dec=7.89084 Mag=20.22
  MJD=55999.47082 RA=189.36365 Dec=7.89013 Mag=19.91

*** POSSIBLE NEW DISCOVERY! ***
Region: RA=189.2, Dec=7.9, Night=55999
  MJD=55999.28461 RA=189.33969 Dec=7.93507 Mag=20.18
  MJD=55999.46481 RA=189.36351 Dec=7.89084 Mag=20.22
  MJD=55999.47082 RA=189.36366 Dec=7.88916 Mag=19.93

*** POSSIBLE NEW DISCOVERY! ***
Region: RA=189.2, Dec=7.9, Night=55999
  MJD=55999.28461 RA=189.38076 Dec=8.09649 Mag=20.95
  MJD=55999.46481 RA=189.36285 Dec=8.03470 Mag=19.76
  MJD=55999.47082 RA=189.36295 Dec=8.03193 Mag=19.69

*** POSSIBLE NEW DISCOVERY! ***
Region: RA=189.2, Dec=7.9, Night=55999
  MJD=55999.28461 RA=189.38076 Dec=8.09649 Mag=20.95
  MJD=55999.46481 RA=189.36303 Dec=7.98860 Mag=20.79
  MJD=55999.47082 RA=189.36320 Dec=7.98554 Mag=20.07

*** POSSIBLE NEW DISCOVERY! ***
Region: RA=189.2, Dec=7.9, Night=55999
  MJD=55999.28461 RA=189.38076 Dec=8.09649 Mag=20.95
  MJD=55999.46481 RA=189.36303 Dec=7.99464 Mag=20.44
  MJD=55999.47082 RA=189.36319 Dec=7.99157 Mag=19.92

*** POSSIBLE NEW DISCOVERY! ***
Region: RA=189.2, Dec=7.9, Night=55999
  MJD=55999.28461 RA=189.38147 Dec=7.92819 Mag=21.15
  MJD=55999.46481 RA=189.36336 Dec=7.92074 Mag=20.05
  MJD=55999.47082 RA=189.36346 Dec=7.91974 Mag=20.10

*** POSSIBLE NEW DISCOVERY! ***
Region: RA=189.2, Dec=7.9, Night=55999
  MJD=55999.28461 RA=189.38147 Dec=7.92819 Mag=21.15
  MJD=55999.46481 RA=189.36351 Dec=7.89084 Mag=20.22
  MJD=55999.47082 RA=189.36365 Dec=7.89013 Mag=19.91

*** POSSIBLE NEW DISCOVERY! ***
Region: RA=189.2, Dec=7.9, Night=55999
  MJD=55999.28461 RA=189.38147 Dec=7.92819 Mag=21.15
  MJD=55999.46481 RA=189.36351 Dec=7.89084 Mag=20.22
  MJD=55999.47082 RA=189.36366 Dec=7.88916 Mag=19.93

*** POSSIBLE NEW DISCOVERY! ***
Region: RA=189.2, Dec=7.9, Night=55999
  MJD=55999.28461 RA=189.38615 Dec=7.98830 Mag=18.97
  MJD=55999.46481 RA=189.36351 Dec=7.89084 Mag=20.22
  MJD=55999.47082 RA=189.36363 Dec=7.88789 Mag=19.89

*** POSSIBLE NEW DISCOVERY! ***
Region: RA=189.2, Dec=7.9, Night=55999
  MJD=55999.28461 RA=189.10387 Dec=8.03771 Mag=20.10
  MJD=55999.46481 RA=189.06618 Dec=8.06190 Mag=20.02
  MJD=55999.47082 RA=189.06489 Dec=8.06261 Mag=19.92

*** POSSIBLE NEW DISCOVERY! ***
Region: RA=189.2, Dec=7.9, Night=55999
  MJD=55999.28461 RA=189.13225 Dec=8.03562 Mag=21.29
  MJD=55999.46481 RA=189.06618 Dec=8.06190 Mag=20.02
  MJD=55999.47082 RA=189.06489 Dec=8.06261 Mag=19.92

*** POSSIBLE NEW DISCOVERY! ***
Region: RA=189.2, Dec=7.9, Night=55999
  MJD=55999.28461 RA=189.22771 Dec=7.95847 Mag=19.47
  MJD=55999.46481 RA=189.24153 Dec=7.96284 Mag=15.83
  MJD=55999.47082 RA=189.24229 Dec=7.96382 Mag=15.48

*** POSSIBLE NEW DISCOVERY! ***
Region: RA=189.2, Dec=7.9, Night=55999
  MJD=55999.28461 RA=189.24367 Dec=7.93398 Mag=19.89
  MJD=55999.46481 RA=189.24153 Dec=7.96284 Mag=15.83
  MJD=55999.47082 RA=189.24229 Dec=7.96382 Mag=15.48

*** POSSIBLE NEW DISCOVERY! ***
Region: RA=189.2, Dec=7.9, Night=55999
  MJD=55999.28461 RA=189.12866 Dec=7.75599 Mag=20.74
  MJD=55999.46481 RA=189.08285 Dec=7.87561 Mag=19.05
  MJD=55999.47082 RA=189.08071 Dec=7.87965 Mag=20.34

*** POSSIBLE NEW DISCOVERY! ***
Region: RA=189.2, Dec=7.9, Night=55999
  MJD=55999.28461 RA=189.30617 Dec=7.86299 Mag=19.58
  MJD=55999.46481 RA=189.33869 Dec=7.92271 Mag=20.32
  MJD=55999.47082 RA=189.33886 Dec=7.92492 Mag=19.80

*** POSSIBLE NEW DISCOVERY! ***
Region: RA=189.2, Dec=7.9, Night=55999
  MJD=55999.28461 RA=189.34935 Dec=7.84985 Mag=20.86
  MJD=55999.46481 RA=189.33869 Dec=7.92271 Mag=20.32
  MJD=55999.47082 RA=189.33886 Dec=7.92492 Mag=19.80

*** POSSIBLE NEW DISCOVERY! ***
Region: RA=189.2, Dec=7.9, Night=55999
  MJD=55999.28461 RA=189.34935 Dec=7.84985 Mag=20.86
  MJD=55999.46481 RA=189.36351 Dec=7.89084 Mag=20.22
  MJD=55999.47082 RA=189.36360 Dec=7.89276 Mag=20.19

*** POSSIBLE NEW DISCOVERY! ***
Region: RA=189.2, Dec=7.9, Night=55999
  MJD=55999.28461 RA=189.25257 Dec=7.89206 Mag=20.38
  MJD=55999.46481 RA=189.28360 Dec=8.01882 Mag=19.33
Candidate discovery at RA=189.2, Dec=7.9, Night=55999
  MJD=55999.28461 RA=189.25257 Dec=7.89206 Mag=20.38
  MJD=55999.46481 RA=189.28360 Dec=8.01882 Mag=19.33
  MJD=55999.47082 RA=189.28439 Dec=8.02404 Mag=19.96
WARNING: NoResultsWarning: No objects were found with the query constraints. [astroquery.imcce.core]
Candidate discovery at RA=189.2, Dec=7.9, Night=55999
  MJD=55999.28461 RA=189.28612 Dec=7.88726 Mag=19.71
  MJD=55999.46481 RA=189.28433 Dec=8.01870 Mag=19.70
  MJD=55999.47082 RA=189.28439 Dec=8.02404 Mag=19.96
WARNING: NoResultsWarning: No objects were found with the query constraints. [astroquery.imcce.core]
Candidate discovery at RA=189.2, Dec=7.9, Night=55999
  MJD=55999.28461 RA=189.33977 Dec=7.89783 Mag=20.90
  MJD=55999.46481 RA=189.36303 Dec=7.98860 Mag=20.79
  MJD=55999.47082 RA=189.36319 Dec=7.99157 Mag=19.92
WARNING: NoResultsWarning: No objects were found with the query constraints. [astroquery.imcce.core]
Candidate discovery at RA=189.2, Dec=7.9, Night=55999
  MJD=55999.28461 RA=189.33977 Dec=7.89783 Mag=20.90
  MJD=55999.46481 RA=189.36303 Dec=7.99464 Mag=20.44
  MJD=55999.47082 RA=189.36313 Dec=7.99803 Mag=20.34
WARNING: NoResultsWarning: No objects were found with the query constraints. [astroquery.imcce.core]
Candidate discovery at RA=189.2, Dec=7.9, Night=55999
  MJD=55999.28461 RA=189.33977 Dec=7.89783 Mag=20.90
  MJD=55999.46481 RA=189.36327 Dec=7.93986 Mag=19.47
  MJD=55999.47082 RA=189.36344 Dec=7.94163 Mag=19.98
WARNING: NoResultsWarning: No objects were found with the query constraints. [astroquery.imcce.core]
Candidate discovery at RA=189.2, Dec=7.9, Night=55999
  MJD=55999.28461 RA=189.33977 Dec=7.89783 Mag=20.90
  MJD=55999.46481 RA=189.36351 Dec=7.89084 Mag=20.22
  MJD=55999.47082 RA=189.36365 Dec=7.89013 Mag=19.91
WARNING: NoResultsWarning: No objects were found with the query constraints. [astroquery.imcce.core]
Candidate discovery at RA=189.2, Dec=7.9, Night=55999
  MJD=55999.28461 RA=189.38094 Dec=7.83502 Mag=20.79
  MJD=55999.46481 RA=189.36351 Dec=7.89084 Mag=20.22
  MJD=55999.47082 RA=189.36360 Dec=7.89276 Mag=20.19
WARNING: NoResultsWarning: No objects were found with the query constraints. [astroquery.imcce.core]
Candidate discovery at RA=189.2, Dec=7.9, Night=55999
  MJD=55999.34763 RA=189.27493 Dec=7.87981 Mag=19.90
  MJD=55999.39106 RA=189.29857 Dec=7.89086 Mag=18.65
  MJD=55999.46481 RA=189.33825 Dec=7.90932 Mag=19.07
WARNING: NoResultsWarning: No objects were found with the query constraints. [astroquery.imcce.core]
Candidate discovery at RA=189.2, Dec=7.9, Night=55999
  MJD=55999.34763 RA=189.28483 Dec=7.98039 Mag=19.46
  MJD=55999.46481 RA=189.29434 Dec=7.91307 Mag=19.68
  MJD=55999.47082 RA=189.29448 Dec=7.91047 Mag=19.48
WARNING: NoResultsWarning: No objects were found with the query constraints. [astroquery.imcce.core]
Candidate discovery at RA=189.2, Dec=7.9, Night=55999
  MJD=55999.34763 RA=189.28527 Dec=7.97862 Mag=20.07
  MJD=55999.46481 RA=189.29434 Dec=7.91307 Mag=19.68
  MJD=55999.47082 RA=189.29448 Dec=7.91047 Mag=19.48
WARNING: NoResultsWarning: No objects were found with the query constraints. [astroquery.imcce.core]
Candidate discovery at RA=189.2, Dec=7.9, Night=55999
  MJD=55999.34763 RA=189.33854 Dec=8.04356 Mag=20.45
  MJD=55999.46481 RA=189.33855 Dec=7.95383 Mag=19.59
  MJD=55999.47082 RA=189.33870 Dec=7.94837 Mag=19.83
WARNING: NoResultsWarning: No objects were found with the query constraints. [astroquery.imcce.core]
Candidate discovery at RA=189.2, Dec=7.9, Night=55999
  MJD=55999.34763 RA=189.33854 Dec=8.04356 Mag=20.45
  MJD=55999.46481 RA=189.36303 Dec=7.98860 Mag=20.79
  MJD=55999.47082 RA=189.36320 Dec=7.98554 Mag=20.07
WARNING: NoResultsWarning: No objects were found with the query constraints. [astroquery.imcce.core]
Candidate discovery at RA=189.2, Dec=7.9, Night=55999
  MJD=55999.34763 RA=189.33901 Dec=7.93828 Mag=20.08
  MJD=55999.46481 RA=189.33830 Dec=7.98748 Mag=19.61
  MJD=55999.47082 RA=189.33850 Dec=7.98910 Mag=19.70
WARNING: NoResultsWarning: No objects were found with the query constraints. [astroquery.imcce.core]
Candidate discovery at RA=189.2, Dec=7.9, Night=55999
  MJD=55999.34763 RA=189.33907 Dec=7.92791 Mag=19.37
  MJD=55999.46481 RA=189.36303 Dec=7.98860 Mag=20.79
  MJD=55999.47082 RA=189.36319 Dec=7.99157 Mag=19.92
WARNING: NoResultsWarning: No objects were found with the query constraints. [astroquery.imcce.core]
Candidate discovery at RA=189.2, Dec=7.9, Night=55999
  MJD=55999.34763 RA=189.35494 Dec=7.98681 Mag=20.67
  MJD=55999.46481 RA=189.36327 Dec=7.93986 Mag=19.47
  MJD=55999.47082 RA=189.36349 Dec=7.93729 Mag=20.49
WARNING: NoResultsWarning: No objects were found with the query constraints. [astroquery.imcce.core]
Candidate discovery at RA=189.2, Dec=7.9, Night=55999
  MJD=55999.34763 RA=189.35494 Dec=7.98681 Mag=20.67
  MJD=55999.46481 RA=189.36339 Dec=7.90126 Mag=19.06
  MJD=55999.47082 RA=189.36355 Dec=7.89706 Mag=19.60
WARNING: NoResultsWarning: No objects were found with the query constraints. [astroquery.imcce.core]
Candidate discovery at RA=189.2, Dec=7.9, Night=55999
  MJD=55999.34763 RA=189.36341 Dec=7.96596 Mag=21.02
  MJD=55999.46481 RA=189.36339 Dec=7.90126 Mag=19.06
  MJD=55999.47082 RA=189.36355 Dec=7.89706 Mag=19.60
WARNING: NoResultsWarning: No objects were found with the query constraints. [astroquery.imcce.core]
Candidate discovery at RA=189.2, Dec=7.9, Night=55999
  MJD=55999.34763 RA=189.36341 Dec=7.96596 Mag=21.02
  MJD=55999.46481 RA=189.36351 Dec=7.89084 Mag=20.22
  MJD=55999.47082 RA=189.36363 Dec=7.88789 Mag=19.89
WARNING: NoResultsWarning: No objects were found with the query constraints. [astroquery.imcce.core]
Candidate discovery at RA=189.2, Dec=7.9, Night=55999
  MJD=55999.34763 RA=189.09850 Dec=8.05095 Mag=20.25
  MJD=55999.46481 RA=189.06618 Dec=8.06190 Mag=20.02
  MJD=55999.47082 RA=189.06489 Dec=8.06261 Mag=19.92
WARNING: NoResultsWarning: No objects were found with the query constraints. [astroquery.imcce.core]
Candidate discovery at RA=189.2, Dec=7.9, Night=55999
  MJD=55999.34763 RA=189.10718 Dec=8.04828 Mag=20.76
  MJD=55999.46481 RA=189.06618 Dec=8.06190 Mag=20.02
  MJD=55999.47082 RA=189.06489 Dec=8.06261 Mag=19.92
WARNING: NoResultsWarning: No objects were found with the query constraints. [astroquery.imcce.core]
Candidate discovery at RA=189.2, Dec=7.9, Night=55999
  MJD=55999.34763 RA=189.23493 Dec=7.95078 Mag=16.54
  MJD=55999.46481 RA=189.24153 Dec=7.96284 Mag=15.83
  MJD=55999.47082 RA=189.24229 Dec=7.96382 Mag=15.48
WARNING: NoResultsWarning: No objects were found with the query constraints. [astroquery.imcce.core]
Candidate discovery at RA=189.2, Dec=7.9, Night=55999
  MJD=55999.34763 RA=189.24609 Dec=7.94881 Mag=15.35
  MJD=55999.46481 RA=189.24153 Dec=7.96284 Mag=15.83
  MJD=55999.47082 RA=189.24229 Dec=7.96382 Mag=15.48
WARNING: NoResultsWarning: No objects were found with the query constraints. [astroquery.imcce.core]
Candidate discovery at RA=189.2, Dec=7.9, Night=55999
  MJD=55999.34763 RA=189.32533 Dec=7.89760 Mag=20.78
  MJD=55999.46481 RA=189.33869 Dec=7.92271 Mag=20.32
  MJD=55999.47082 RA=189.33886 Dec=7.92492 Mag=19.80
WARNING: NoResultsWarning: No objects were found with the query constraints. [astroquery.imcce.core]
Candidate discovery at RA=189.2, Dec=7.9, Night=55999
  MJD=55999.34763 RA=189.33920 Dec=7.90578 Mag=20.41
  MJD=55999.46481 RA=189.36327 Dec=7.93986 Mag=19.47
  MJD=55999.47082 RA=189.36344 Dec=7.94163 Mag=19.98
WARNING: NoResultsWarning: No objects were found with the query constraints. [astroquery.imcce.core]
Candidate discovery at RA=189.2, Dec=7.9, Night=55999
  MJD=55999.34763 RA=189.33920 Dec=7.90578 Mag=20.41
  MJD=55999.46481 RA=189.36351 Dec=7.89084 Mag=20.22
  MJD=55999.47082 RA=189.36365 Dec=7.89013 Mag=19.91
WARNING: NoResultsWarning: No objects were found with the query constraints. [astroquery.imcce.core]
Candidate discovery at RA=189.2, Dec=7.9, Night=55999
  MJD=55999.34763 RA=189.33937 Dec=7.86858 Mag=20.03
  MJD=55999.46481 RA=189.33869 Dec=7.92271 Mag=20.32
  MJD=55999.47082 RA=189.33886 Dec=7.92492 Mag=19.80
WARNING: NoResultsWarning: No objects were found with the query constraints. [astroquery.imcce.core]
Candidate discovery at RA=189.2, Dec=7.9, Night=55999
  MJD=55999.34763 RA=189.36414 Dec=7.86273 Mag=20.66
  MJD=55999.46481 RA=189.36351 Dec=7.89084 Mag=20.22
  MJD=55999.47082 RA=189.36360 Dec=7.89276 Mag=20.19
WARNING: NoResultsWarning: No objects were found with the query constraints. [astroquery.imcce.core]
Candidate discovery at RA=189.2, Dec=7.9, Night=55999
  MJD=55999.39106 RA=189.34257 Dec=7.97169 Mag=20.32
  MJD=55999.46481 RA=189.33830 Dec=7.98748 Mag=19.61
  MJD=55999.47082 RA=189.33850 Dec=7.98910 Mag=19.70
WARNING: NoResultsWarning: No objects were found with the query constraints. [astroquery.imcce.core]
Candidate discovery at RA=189.2, Dec=7.9, Night=55999
  MJD=55999.39106 RA=189.36667 Dec=8.07646 Mag=20.82
  MJD=55999.46481 RA=189.36285 Dec=8.03470 Mag=19.76
  MJD=55999.47082 RA=189.36295 Dec=8.03193 Mag=19.69
WARNING: NoResultsWarning: No objects were found with the query constraints. [astroquery.imcce.core]
Candidate discovery at RA=189.2, Dec=7.9, Night=55999
  MJD=55999.39106 RA=189.36748 Dec=7.93128 Mag=20.70
  MJD=55999.46481 RA=189.36336 Dec=7.92074 Mag=20.05
  MJD=55999.47082 RA=189.36346 Dec=7.91974 Mag=20.10
WARNING: NoResultsWarning: No objects were found with the query constraints. [astroquery.imcce.core]
Candidate discovery at RA=189.2, Dec=7.9, Night=55999
  MJD=55999.39106 RA=189.36748 Dec=7.93128 Mag=20.70
  MJD=55999.46481 RA=189.36351 Dec=7.89084 Mag=20.22
  MJD=55999.47082 RA=189.36363 Dec=7.88789 Mag=19.89
WARNING: NoResultsWarning: No objects were found with the query constraints. [astroquery.imcce.core]
Candidate discovery at RA=189.2, Dec=7.9, Night=55999
  MJD=55999.39106 RA=189.37478 Dec=7.91035 Mag=19.61
  MJD=55999.46481 RA=189.36351 Dec=7.89084 Mag=20.22
  MJD=55999.47082 RA=189.36366 Dec=7.88916 Mag=19.93
WARNING: NoResultsWarning: No objects were found with the query constraints. [astroquery.imcce.core]
Candidate discovery at RA=189.2, Dec=7.9, Night=55999
  MJD=55999.39106 RA=189.07485 Dec=8.05260 Mag=19.15
  MJD=55999.46481 RA=189.06618 Dec=8.06190 Mag=20.02
  MJD=55999.47082 RA=189.06489 Dec=8.06261 Mag=19.92
WARNING: NoResultsWarning: No objects were found with the query constraints. [astroquery.imcce.core]
Candidate discovery at RA=189.2, Dec=7.9, Night=55999
  MJD=55999.39106 RA=189.08156 Dec=8.05198 Mag=19.92
  MJD=55999.46481 RA=189.06618 Dec=8.06190 Mag=20.02
  MJD=55999.47082 RA=189.06489 Dec=8.06261 Mag=19.92
WARNING: NoResultsWarning: No objects were found with the query constraints. [astroquery.imcce.core]
Candidate discovery at RA=189.2, Dec=7.9, Night=55999
  MJD=55999.39106 RA=189.34302 Dec=7.89511 Mag=19.98
  MJD=55999.46481 RA=189.33869 Dec=7.92271 Mag=20.32
  MJD=55999.47082 RA=189.33886 Dec=7.92492 Mag=19.80
