source_id,ra,dec,parallax,parallax_error,pmra,pmra_error,pmdec,pmdec_error,radial_velocity,radial_velocity_error,ruwe,phot_g_mean_mag,v_gc
1383279090527227264,240.3373434419254,41.166772756632206,0.13070101603240278,0.013142354786396027,-25.725945926604723,0.013284488581120968,-9.655183382111904,0.01621890813112259,-183.59417724609375,1.264317274093628,1.0409880876541138,12.998040199279785,812.5882488940073
4337459232822884992,249.98054796988464,-10.46668844312934,0.11843041498616314,0.01451227255165577,-19.141905121067726,0.017154796048998833,-14.856811035576749,0.012718095444142818,-291.61077880859375,0.30111101269721985,1.0038974285125732,12.497579574584961,778.6292165625392
4294439878351150464,293.43658133409195,6.240593789601599,0.1622244068344309,0.01875116676092148,-7.787346990649886,0.017471659928560257,-28.796888116603558,0.014211471192538738,-292.37640380859375,4.0974321365356445,1.0701560974121094,13.90223503112793,709.8366732898859
3877058564258758656,154.44467629206406,9.869414960885791,0.13584059659916514,0.016712985932826996,-11.286757906180375,0.01795293390750885,-22.742057230289237,0.013866759836673737,314.43328857421875,2.9014370441436768,1.00308096408844,13.50472640991211,703.2808300635314
6655834986669992448,280.6354784261336,-50.578561675316585,0.1283938163879596,0.013854830525815487,-15.30438718722295,0.013188570737838745,-19.826460352679604,0.012288871221244335,87.24984741210938,1.2084143161773682,1.0742113590240479,13.159135818481445,697.1572799573012
1480182073940289024,219.16949770353318,35.62872942987709,0.10823784600830505,0.012849765829741955,-15.710307920792765,0.009308205917477608,-12.888599285965867,0.013045642524957657,-303.29296875,2.6711387634277344,0.9623560905456543,13.773505210876465,695.5525021946045
6736392290953930240,279.8034030213849,-33.072354647096525,0.1680559150204309,0.0186663419008255,-9.719062744830026,0.022901682183146477,-31.423085941855454,0.01871592365205288,-75.1876449584961,4.07068395614624,1.0656112432479858,14.002982139587402,685.8999075450845
5918085842900124672,266.59344932994117,-59.04798912565479,0.13325293853293188,0.014839542098343372,-1.627488555124649,0.014947890304028988,-24.25057794679524,0.014308473095297813,19.454090118408203,2.4258391857147217,1.0008490085601807,13.551688194274902,678.320145114134
4450458649852400640,242.69748972926607,7.159996140854514,0.1386610909943362,0.01373972836881876,3.3567712209285956,0.01273948885500431,-23.11042297123279,0.010694441385567188,-119.92029571533203,0.9528115391731262,0.8723199367523193,12.942184448242188,676.1984913072589
6065230602133664000,203.5827105638046,-55.59951484797482,0.12545722560146008,0.012463008053600788,-21.30064391845688,0.011771457269787788,-6.024091358974504,0.013356600888073444,103.14350128173828,1.2915194034576416,1.001533031463623,13.221735954284668,674.1825454921736
4567225930029430272,260.40936660622725,21.107760176413024,0.12557929597033546,0.015111388638615608,-19.736464755842476,0.010070091113448143,2.0495552872710254,0.0126937385648489,-345.79229736328125,2.826995849609375,0.9858024716377258,14.036027908325195,673.4944547613765
4382874732407367296,250.95830156767582,-0.21388377509713213,0.1394251736501273,0.015852035954594612,-17.540783350868736,0.017724329605698586,-19.140841566251574,0.014567396603524685,-214.63543701171875,2.1240053176879883,0.990477442741394,13.385852813720703,664.0500696195455
6736485951272919424,280.35412474820174,-32.752939140387234,0.23118904303479756,0.01705463044345379,4.7828005534252656,0.01705915853381157,-40.769825132122044,0.013967136852443218,-161.25486755371094,3.0719258785247803,0.9096797108650208,13.220804214477539,651.7604239118315
5923272514123368064,260.2393511107199,-53.63647599462092,0.15183345835129156,0.01637670397758484,-18.99489073724193,0.014561953023076057,-15.6401066854194,0.011755265295505524,409.2133483886719,0.2828246057033539,1.0665613412857056,12.089146614074707,637.3858303425699
6735735057863069056,283.0323355689794,-33.679422085583916,0.1399347033853704,0.017022065818309784,-6.74348473327675,0.019255133345723152,-24.964899054030987,0.01682552695274353,22.22834014892578,3.1152729988098145,0.9982314109802246,13.636719703674316,633.3770929730073
6730109715851727232,281.5790119166674,-38.037704644984764,0.12445323543374434,0.015209252014756203,-17.06463987238705,0.015311557799577713,-6.3858197537937915,0.012783278711140156,284.2964172363281,2.482346296310425,1.113601803779602,13.329832077026367,631.1437033463441
6619340275892884224,331.231405791241,-27.344944499882224,0.1459574542401941,0.016473710536956787,17.605890366731316,0.01561838760972023,-17.79550304795182,0.01599297858774662,-136.04978942871094,1.0174248218536377,0.9410759210586548,12.825236320495605,628.3762728631539
6049700103459502464,243.73365699250775,-24.501310347914274,0.15285080009628504,0.014782409183681011,-22.40486550558881,0.019313573837280273,-16.217524354408404,0.013226303271949291,98.51909637451172,1.987457513809204,0.9433726072311401,13.282389640808105,628.3175110223287
6441163695058299648,297.623636569467,-62.94818042863911,0.15166213878854398,0.016008500009775162,10.231568013112117,0.013264385052025318,-23.1107880854423,0.014473753049969673,-18.226978302001953,4.412125110626221,0.964280903339386,13.999516487121582,625.0201501933659
3859294747025975552,161.03194870263266,6.30552626433387,0.1756178615392107,0.02134847827255726,4.940467722763234,0.02480580285191536,-27.251008991273515,0.025220703333616257,-98.66985321044922,3.0972561836242676,1.1002200841903687,10.80262279510498,621.997854767404
6101394261113685376,221.41482497532724,-42.48398301324067,0.2690352935062668,0.026314126327633858,-33.608759314460436,0.02555588260293007,-27.72795245412545,0.023077283054590225,-150.63893127441406,3.257762908935547,0.9726719260215759,13.763747215270996,620.9961799830901
6477303027356392320,313.25460014316576,-52.70200456958615,0.16049469856665924,0.013874132186174393,-2.7104085980355794,0.012758716009557247,-28.569092873574185,0.011776885949075222,161.0146026611328,3.0278236865997314,1.053356409072876,13.606144905090332,618.3295138869106
6722787071495183488,276.7080749480682,-42.8037932401132,0.1398742036508374,0.016467561945319176,-16.576795379217764,0.016873717308044434,-18.616258852565792,0.01346778403967619,37.63829040527344,3.1878998279571533,0.9746515154838562,13.968445777893066,616.5030299258824
4379132235348928512,251.44671988059943,-1.7744713414666722,0.1325640142198456,0.014596215449273586,-14.23942374937712,0.01664346270263195,-18.636109345100845,0.01374230906367302,-150.1088409423828,3.2815802097320557,1.0134620666503906,13.71381664276123,608.8545957650247
6393239659695317120,344.6345193526304,-64.82772462945249,0.10362557001961187,0.01280068326741457,13.210706415963266,0.011052582412958145,-11.138543809659602,0.013980682939291,3.235210657119751,2.0127105712890625,1.011679768562317,13.82568073272705,607.8788859705271
4441506189958467584,253.81146887728445,7.376184840031765,0.16966050510608618,0.018318722024559975,-4.906724184485548,0.018009409308433533,-26.61840516684698,0.01384316012263298,82.15670013427734,3.4796271324157715,1.0476446151733398,14.10562801361084,606.0488768966934
4513068174835386112,287.31785929611476,16.212632175640877,0.12672089227518787,0.015411986038088799,-6.434193078474192,0.014216389507055283,-19.05601443146763,0.012450717389583588,-217.43910217285156,0.6577353477478027,0.9457434415817261,13.218589782714844,605.5563546662233
6733170343920219776,277.7553410014847,-37.660680228238995,0.16438958342370838,0.018213339149951935,-18.350130280965285,0.01720028556883335,-22.487739633472227,0.013445667922496796,-22.717832565307617,2.5581419467926025,0.9894884824752808,13.451761245727539,605.0680285907031
4535258625890434944,278.4475392531911,23.11672028754124,0.21390671039472328,0.01160928513854742,14.255549175757427,0.008577467873692513,-24.920271285439014,0.012507673352956772,-205.79991149902344,1.7785897254943848,1.10377836227417,13.125694274902344,601.8702380582573
4250870317016154368,304.113036981427,7.4941306849987,0.14779471479208772,0.014493770897388458,-3.4010612431844676,0.015562830492854118,-23.481576825658827,0.013014784082770348,-179.80413818359375,0.9127007722854614,0.9882513284683228,13.085858345031738,601.2642161951293
6445970897334542976,291.55123914892744,-60.56838647901604,0.1329308805464921,0.01424475573003292,-12.823869305376977,0.01277878601104021,6.239961359646161,0.012391569092869759,26.244144439697266,3.0395748615264893,0.9502497911453247,13.655779838562012,599.5987368480481
4290767372056217984,296.371371240365,5.565648242977492,0.1607120581243892,0.017742032185196877,-16.232545048843715,0.01749158650636673,-19.660435594737077,0.014817961491644382,-154.24722290039062,3.670102834701538,1.023486614227295,14.152469635009766,599.0807960319603
6470215609763384576,313.48835075993577,-54.33165280136701,0.16530201520338417,0.01804017648100853,-14.542736596619816,0.016878407448530197,-23.137605731860535,0.013165022246539593,-15.196528434753418,3.4294707775115967,0.9936854839324951,14.08018684387207,598.1608663060711
2106311133727343872,285.8164808553892,44.89168791462571,0.17127218510272843,0.013563349843025208,-3.7049715342492027,0.0164167657494545,-22.361185262228638,0.016318853944540024,-216.06390380859375,3.677041530609131,1.13284432888031,14.142107963562012,596.4261367288282
4508338973471682304,278.62161583592547,13.312461274080881,0.13383873745640973,0.016634749248623848,-12.110486307075982,0.019155535846948624,-17.849178644991902,0.019532326608896255,-163.35287475585938,2.738074779510498,1.0104552507400513,13.931386947631836,591.8462026387624
6240616210127916928,236.9068697493008,-22.089075462627605,0.16855933391377076,0.01798110641539097,-25.665237465419224,0.022901734337210655,-0.6396330787984995,0.016452739015221596,116.14691162109375,1.4917402267456055,1.1054456233978271,10.423466682434082,589.6619124738822
6665169810326829568,291.0652603454273,-43.12180293026505,0.1657826093259108,0.015075724571943283,-18.32002545742643,0.0161520354449749,3.684937141033471,0.014494916424155235,136.45608520507812,3.427277088165283,0.9517773985862732,13.73877239227295,588.6825594455148
6244296344267067904,244.93778433980734,-21.40045430454902,0.14861117215537237,0.016282841563224792,-21.297579225188265,0.01895914040505886,2.2398197630844607,0.013079192489385605,-28.18300437927246,0.7149638533592224,0.8690266013145447,12.953356742858887,587.6498469457516
4301972460698880128,297.1425507260268,10.1962335823176,0.16956470993302009,0.014040982350707054,-10.55717530735765,0.01402458269149065,-22.233514167345717,0.010932649485766888,-433.3642272949219,0.7538077235221863,1.0353155136108398,13.173129081726074,586.7761544378689
5919480921298073472,265.49723515682075,-56.568292662439845,0.13766016442867263,0.01649695262312889,-8.003607891617168,0.016292888671159744,-22.030932337247854,0.01379849947988987,52.80624008178711,3.2400898933410645,1.0292222499847412,13.617932319641113,586.3018291828743
6078635332496363904,193.15953279275993,-50.58615449569536,0.1783075436840716,0.0188281387090683,-21.4447451516982,0.015492716804146767,12.736728792245335,0.013688374310731888,90.24097442626953,2.0835745334625244,0.9673563241958618,13.919172286987305,585.542115566627
5914799780611139968,253.4460797674155,-59.977170558158306,0.10716401218986554,0.012830957770347595,-4.874679043413451,0.010485746897757053,-16.184135926931887,0.010058397427201271,-56.35415267944336,1.0197596549987793,0.9731163382530212,13.15488052368164,582.4339105792678
1811420083634337536,309.855849646667,17.292658176990855,0.14018899177978753,0.015434014610946178,7.113306276011215,0.014020330272614956,-18.503601907259117,0.012704871594905853,-58.094234466552734,1.796271800994873,0.9154819250106812,13.608003616333008,582.1931489721535
5909851570257393664,264.67013640041165,-64.75302746319825,0.140140841063965,0.014411873184144497,1.8290616553141212,0.009382386691868305,-19.025802840059416,0.010793687775731087,410.8175048828125,2.8041458129882812,0.9989928007125854,13.628022193908691,582.1342396715497
4403446865543567744,235.37673848296927,-2.883563381673984,0.165212359022739,0.015018110163509846,-22.347523843843927,0.017451759427785873,-17.274612296815985,0.012794297188520432,82.15892791748047,2.1785433292388916,1.0060890913009644,13.523503303527832,581.9270620256561
1478837543019912064,212.47770607720577,33.71292924259555,0.14513238826510966,0.012724723666906357,-17.614304687651057,0.008209874853491783,-16.523745474945972,0.012201259844005108,-246.3054656982422,1.430850625038147,1.103285312652588,13.082727432250977,580.6451067159965
1165237276084904960,234.46887414616336,9.965674731423912,0.16358489763427428,0.015831703320145607,1.1006927873871353,0.016305668279528618,-24.53284021970673,0.01421354804188013,-156.42807006835938,2.581369400024414,0.9694733023643494,13.685744285583496,580.4005879693008
4326973843264734208,248.8922922632703,-14.518440116120086,0.2386564765858299,0.015496442094445229,-20.536095371043377,0.017633942887187004,-33.935028201551425,0.012217096984386444,-222.42083740234375,1.4910169839859009,0.9893730878829956,13.487730979919434,580.0575286707797
5869821409968074368,200.67888573846702,-59.63516683207281,0.11406903475098631,0.01376283448189497,-13.852129189460578,0.010062144137918949,-10.356808002403321,0.012118075974285603,250.9407196044922,1.676147699356079,0.9800800681114197,13.499516487121582,580.0535252223453
6453858828111935488,311.7615954891011,-61.87438216045012,0.18606914665451463,0.018624337390065193,21.03134675861571,0.012795544229447842,-3.833555582631596,0.013858524151146412,-83.65523529052734,3.3389813899993896,1.045412540435791,14.016417503356934,579.8358927940737
6041861753792202496,241.09705996656405,-29.239049555477795,0.19636886139857596,0.019715111702680588,-25.133323531724912,0.022252392023801804,-22.73184708783182,0.015812788158655167,80.56634521484375,2.872105121612549,0.980617105960846,14.028289794921875,579.5679792381324
4365174210108194816,254.72545437230653,-5.304399508109575,0.1533221740370871,0.018538739532232285,0.7680139843595212,0.021096983924508095,-22.775939907164787,0.015857303515076637,131.4992218017578,2.5275981426239014,1.017307996749878,14.29624080657959,578.4992197036796
6768513389259116544,295.7848936568585,-23.57901034679883,0.11855131750003936,0.01413938868790865,-13.90495214319361,0.016047965735197067,-12.697092635658388,0.014689561910927296,-51.89643859863281,2.3305609226226807,1.070888638496399,13.575697898864746,578.3732997628048
5789835473736346368,207.08161127555414,-76.35217448609085,0.1592616407100787,0.011367496103048325,-24.583898401243903,0.010860341601073742,-2.5277413375756006,0.014364280737936497,150.57247924804688,2.125443696975708,1.03200101852417,13.192093849182129,577.5406615571818
6702671849853765248,273.19207317347855,-51.27091928382492,0.16978565377516835,0.019109565764665604,-20.676728193200542,0.01873473823070526,-17.896930859077393,0.016118604689836502,-106.85896301269531,4.46866512298584,0.9958983659744263,14.233464241027832,575.7808846854246
5902491160240957568,227.7354608880664,-48.74644177558163,0.11321129815697277,0.013242052868008614,-13.206195915163288,0.013517411425709724,-13.237465201827472,0.013616383075714111,95.87931060791016,0.4731563329696655,1.0230499505996704,12.4503173828125,575.1987768332001
6268771541821388800,235.94828250164937,-10.913352315886867,0.13643926277797824,0.016972238197922707,4.4644774077543765,0.023610735312104225,-16.638293879157477,0.01559397578239441,271.33367919921875,3.8005778789520264,0.9760451316833496,13.67927074432373,575.1447233534205
6761445346260929536,282.10779884580984,-29.476126460814434,0.12099457697096466,0.014810419641435146,-14.939403116320573,0.01666893996298313,-6.426576324166718,0.0136532261967659,247.36817932128906,2.0751779079437256,0.9259233474731445,13.107939720153809,574.7085373482128
3772348601612372992,153.1424817518366,-8.102171785569805,0.15943380449302008,0.01913341134786606,17.27304065454367,0.01673075743019581,-3.6354848987329844,0.01674124039709568,143.23104858398438,3.758836507797241,1.0001782178878784,13.761493682861328,574.3232903701025
5948809255791363456,266.0678710315592,-47.006334493507,0.1623293610791386,0.017032979056239128,-18.57181236156607,0.017545726150274277,-20.365837879836135,0.012722563929855824,87.47797393798828,0.5080141425132751,0.8232741355895996,11.468017578125,573.090469452771
5923212075341764992,259.34836827337983,-53.844838143069026,0.2323757340752086,0.018919866532087326,-17.62756754659956,0.019803985953330994,-32.91176088853557,0.015814099460840225,292.02593994140625,3.0995876789093018,1.0026730298995972,14.03504753112793,572.3480119561837
6009917672524909312,236.14951570383036,-37.03107703909926,0.14040600229470396,0.01531184185296297,-20.36117406317019,0.018037566915154457,-5.959491937503939,0.013173644430935383,-145.22708129882812,2.0004193782806396,0.9425346255302429,13.24609661102295,571.6397726232053
5912594130219991936,262.08396619243985,-59.98697513109163,0.15897594808414758,0.017945656552910805,-8.879229272541327,0.014315065927803516,-23.63512060901156,0.01492238137871027,-78.7739028930664,4.209692478179932,1.0265849828720093,14.105744361877441,570.4705397992643
6163612772268689408,205.38172631210128,-36.79399009361193,0.16099573757046926,0.019460296258330345,-23.48805385126343,0.017041482031345367,-0.09861873469188649,0.01951991580426693,-22.312755584716797,2.3005101680755615,0.9406763911247253,12.965776443481445,570.3529672741729
5957229388904940800,265.8574589930381,-42.631351675934425,0.14853643015194454,0.01608339138329029,4.578727072326634,0.017859935760498047,-22.016622743943145,0.012301088310778141,-57.80223083496094,1.7026439905166626,0.9950751066207886,13.44343090057373,569.4527538725697
6332474771628909184,224.26560880711978,-8.05684539600888,0.1479493483730795,0.013259884901344776,-19.45208785416254,0.01630297861993313,-14.736515350648249,0.013833506964147091,194.56260681152344,0.33499401807785034,1.054876685142517,11.573235511779785,569.0453777342578
5859506547756224896,182.06710384179175,-68.06838756795892,0.13723826405190334,0.013576253317296505,-16.208028594889544,0.014768215827643871,11.638355841082774,0.0147309061139822,195.2664337158203,4.500081539154053,1.0124588012695312,14.01864242553711,569.0444619377512
4576589096181764736,270.54776824481036,22.126081806456156,0.15278628773036654,0.016521139070391655,-6.5453345145590776,0.010135636664927006,-21.801633317706916,0.018738873302936554,-101.38904571533203,4.230545520782471,1.0497474670410156,14.349952697753906,568.4107500732488
5822214686745734656,241.5188896764797,-66.51905661769096,0.14758663484311965,0.01633361726999283,-20.462627847072234,0.008052379824221134,-11.916385152163862,0.014187677763402462,83.39556121826172,3.374325752258301,1.027450442314148,14.152932167053223,566.9591875854823
4392511745666176000,253.33282638987123,4.824413572366861,0.11113197007406642,0.01347098033875227,-4.098493134961893,0.012686224654316902,-15.91835867663052,0.009176130406558514,-353.0722961425781,1.3148565292358398,1.0180858373641968,13.403341293334961,566.9237454775993
4198667605198890240,286.68611733558095,-12.044869898529429,0.20963278185981285,0.018217049539089203,-27.80459407947604,0.016172269359230995,-8.322840515931219,0.014093591831624508,4.456784248352051,3.3815948963165283,0.986887514591217,13.410555839538574,566.4686048863392
6319177312362752384,229.65018196806932,-10.083472607123754,0.28647420963224035,0.02247644029557705,-34.6736534002693,0.02206285670399666,-33.35844543162919,0.020029341802001,136.62399291992188,3.5361149311065674,1.1061500310897827,13.876627922058105,564.9515245956954
1207475255783881088,230.0709229302625,16.23150192626718,0.16234796775753849,0.018942536786198616,-9.43868983069331,0.01876930333673954,-24.4551220698905,0.018715135753154755,21.485570907592773,4.069434642791748,1.0107028484344482,14.14608383178711,564.6777166750398
4220617568115374848,303.2267291671186,-4.930906447398189,0.2148053945661328,0.01910863071680069,-9.498466587409862,0.020228920504450798,-30.342203493316415,0.015254102647304535,-392.7897644042969,0.9989343881607056,1.1628533601760864,12.993017196655273,564.4164016077522
6426475319224461056,308.50223515483236,-64.58539960657764,0.1245376588130574,0.015299608930945396,7.704295551319775,0.012584050185978413,-18.347868734806216,0.01409952063113451,39.04888153076172,2.357895851135254,0.9708448052406311,13.8274564743042,563.962874258834
5915076994967436160,256.2668304452003,-59.30709410226529,0.17970644242167305,0.015081469900906086,-20.998539122509392,0.01151970960199833,-14.63706590823001,0.011585799977183342,424.1642150878906,3.643913507461548,1.021526575088501,13.425682067871094,563.4176734304141
4338377531190900992,248.24773549746294,-10.046938035338666,0.12415378002522144,0.014141606166958809,-12.439512365232494,0.015548295341432095,-16.794719457636738,0.01059351209551096,54.41489028930664,0.680568516254425,0.9255942106246948,13.018946647644043,562.8919258834588
1334385835664820736,258.24409397405384,32.71685690433721,0.14623854845258555,0.012367155402898788,-1.0104550286781269,0.013114862143993378,-20.09415417673355,0.014171972870826721,-224.58761596679688,3.6129932403564453,1.0068750381469727,13.967672348022461,562.826534254376
4198144302062047488,288.8180277832545,-12.013994668932957,0.13209557843911246,0.015043633989989758,-13.509684861272603,0.01672355830669403,-16.092453313708525,0.014553391374647617,-32.48874282836914,4.1170654296875,0.923194408416748,13.441451072692871,561.9167334334311
4238693294460949120,296.9374191874802,0.13774378874083656,0.2126037190167624,0.019164901226758957,-16.397024910007204,0.020462721586227417,-28.593067436222274,0.015347849577665329,-93.92327117919922,0.27076148986816406,1.0951380729675293,11.030579566955566,561.659136307766
4219363025345545344,306.7010866039197,-4.2980193028972655,0.17384619162163173,0.018048536032438278,-17.14744438163859,0.01792117953300476,-17.50190011534686,0.014226880855858326,27.92416000366211,2.4316916465759277,0.9321531653404236,13.589271545410156,561.3319986930846
1161986535597209600,230.75359228678167,5.3741412926386385,0.11113677566646604,0.013859635218977928,2.6826712388355864,0.015692835673689842,-15.294693643617814,0.014066912233829498,-143.66943359375,1.8079890012741089,1.0153180360794067,13.025609016418457,560.6593197523988
4856695936817617280,56.14149444196149,-37.531468086638945,0.3948406956540676,0.013062492944300175,58.995807670945,0.011084848083555698,-16.679961145458204,0.01481285784393549,44.2656364440918,2.5438125133514404,0.9464395046234131,13.770491600036621,559.8606946667038
1523236887699560576,198.27879654712453,39.41100489973104,0.1624039243848014,0.014675572514533997,-18.332253091368145,0.010654887184500694,-19.438560597517082,0.010206246748566628,77.2986068725586,1.7363909482955933,1.0111987590789795,13.762682914733887,559.5804024187314
6717778761657646976,287.9427574251291,-39.39888591139948,0.14562487832009363,0.014961754903197289,-13.137331883710385,0.01568657159805298,-19.57719897933802,0.014217624440789223,150.2811279296875,4.367111682891846,1.062659502029419,13.670747756958008,558.4879754629977
6029438608124684416,254.87990140994037,-29.757900035564337,0.18777410881852644,0.019279340282082558,-11.397482102597966,0.024398403242230415,-28.637679302679487,0.016773555427789688,146.6932830810547,2.089402914047241,0.9763479232788086,13.847692489624023,558.4859243694175
6416977565984938624,291.16438500497276,-71.56390255546523,0.1801864306164056,0.011762195266783237,11.604874561465579,0.009108630940318108,-23.430221003751342,0.012314116582274437,49.130794525146484,1.5068904161453247,1.0447262525558472,13.449806213378906,557.0973333717222
6896282515918385664,317.02984073894373,-10.070322535039457,0.1892818684622206,0.02320929430425167,18.404040418733814,0.023540105670690536,4.77709821758773,0.018948547542095184,-160.5230712890625,3.927673816680908,1.073574423789978,14.410295486450195,556.2150007477932
4574196558868756608,260.70199309809254,27.383279377132077,0.13742473073292438,0.01469483133405447,-19.225908086005678,0.013580534607172012,-0.9945146981850272,0.014947297051548958,-34.85831069946289,3.405116319656372,0.9862819314002991,14.218274116516113,554.668506724918
4456736345851377792,241.966368660377,10.907499900500513,0.13711862341560493,0.014021513052284718,-5.029417541057566,0.013586419634521008,-20.76040018106445,0.01292322762310505,-25.21577262878418,1.2050186395645142,0.9890439510345459,12.853371620178223,554.2011595930718
3578950965917470208,190.49043690950637,-9.128709461870493,0.1526574434799544,0.01599843241274357,-14.358683050234331,0.02298676036298275,-19.8014354813835,0.017445025965571404,217.894775390625,1.3641718626022339,0.9986643195152283,13.28753662109375,553.4451335695934
6432025207247793408,278.38132921474875,-69.59592107781474,0.2452529420739683,0.02035728469491005,-8.908774643333293,0.012872719205915928,-38.10947886079125,0.017707636579871178,67.31172180175781,4.577424049377441,1.0696057081222534,14.553524017333984,552.9886267456575
4086192337357952000,281.849815811163,-19.825094799570362,0.14127312969976835,0.015849756076931953,-13.70718304398199,0.017316320911049843,-18.2016952065456,0.01381094940006733,35.30369186401367,0.8551110625267029,1.0164058208465576,13.130104064941406,552.4081052485088
6018751050179671936,248.2223274305111,-36.93625297208636,0.17451742761775435,0.016510620713233948,-21.26335040126912,0.01889132522046566,-19.574660568636247,0.015346456319093704,117.73486328125,0.4498886168003082,1.0112282037734985,13.102079391479492,552.2412644401371
4072006300895025792,283.8289345143852,-27.328993883272137,0.13089928969753292,0.014420649968087673,-1.9340811111358052,0.01826043426990509,-18.967090839473187,0.01413441076874733,258.90704345703125,4.2594499588012695,0.9043610692024231,13.185909271240234,551.7261656768532
1400950785006036224,233.9278564243463,46.56878510250967,0.145483684124923,0.010540767572820187,-19.528633923457225,0.011804260313510895,-9.30565638632769,0.011911209672689438,47.87285232543945,1.047663927078247,1.0126049518585205,13.07329273223877,551.6315388296982
6639271707287676160,292.0210820964861,-56.942190842418505,0.12797379571742157,0.012870557606220245,-15.53829136279647,0.010451299138367176,-6.658197110734067,0.008903337642550468,-127.6789321899414,2.669618844985962,0.979015588760376,13.11358642578125,551.3998200451158
1238626653581242112,216.47558340995357,18.029178664111598,0.24854160728906707,0.017938829958438873,-36.58909297167221,0.018389901146292686,-3.118061914010663,0.017154859378933907,-118.5453872680664,3.273163080215454,1.0891575813293457,14.047281265258789,550.9730468170598
5978408697327872384,255.81655507198604,-33.88955615138811,0.1816747580388186,0.021436508744955063,-26.241955357541602,0.026436330750584602,-10.737559832908145,0.0168291088193655,7.997858047485352,4.945647239685059,0.9027851223945618,14.197088241577148,550.5201593526928
6276618137829077888,214.49547009764427,-22.40623513090175,0.14294346783031978,0.016962863504886627,-20.691153044862126,0.020878518000245094,0.34536334384349276,0.018390417098999023,39.34028625488281,3.9657835960388184,0.9786360859870911,13.9038724899292,550.3843450750696
6246923524222362368,239.03193144150922,-20.45319341584398,0.20240141837387338,0.023264186456799507,-28.4737122276948,0.02342604286968708,-4.600062090750426,0.015387517400085926,-180.152099609375,4.177243232727051,1.0760823488235474,14.258172988891602,550.0955070240751
4570321845533063680,259.71195448517426,24.309322736220285,0.1352959643494969,0.014142674393951893,-12.830036544458233,0.011328469961881638,9.261013036949024,0.014136940240859985,-124.02307891845703,3.0520455837249756,0.972114622592926,14.042855262756348,549.7648698318321
6635783949027943168,275.22117175048726,-59.32826961672007,0.14801458962778993,0.018495624884963036,-4.688717234475529,0.01387787889689207,-23.060806458825727,0.012665030546486378,-36.515281677246094,3.277313470840454,1.050221562385559,13.978364944458008,549.3871172892036
6015407297866011264,236.8187931522235,-33.35135803725067,0.17404882000900374,0.019026845693588257,-25.825144963272184,0.02113921009004116,-3.7652726094414906,0.0155152827501297,8.233625411987305,3.159374475479126,1.006307601928711,13.937397956848145,548.9039645436901
3856885240308551168,157.73780936102725,3.210868784476318,0.14356031070660677,0.016283068805933,-8.471565118461212,0.017616670578718185,-19.835354156796893,0.015701385214924812,340.6611328125,1.0149316787719727,1.0308756828308105,12.428675651550293,548.6075923271752
4534322219938697728,282.31168204630154,24.475462969856977,0.14827529073075874,0.015673119574785233,-8.903526229448564,0.01215774193406105,-18.39655578495203,0.015152161940932274,-371.6672668457031,4.1461896896362305,1.032034993171692,14.471479415893555,548.3885559416902
4205305249494078592,285.84486637749654,-7.544170553050397,0.16066885902834974,0.01671970635652542,-2.7942213061714183,0.01616252213716507,-23.870142757693326,0.013790607452392578,88.77854919433594,1.7849901914596558,0.9848536252975464,13.309414863586426,548.3433595658572
4138781982820171904,261.7301756846098,-12.44204351062312,0.15270552435619722,0.01877339370548725,-19.208377766692944,0.017979396507143974,-0.8365881044342385,0.011632093228399754,167.95982360839844,3.0638582706451416,1.0504215955734253,13.76010799407959,548.1759376926166
6046320887612846848,250.67127352390312,-25.85933763923826,0.1840049301877837,0.022402619943022728,-0.6777569020276855,0.027128828689455986,-24.719664962633342,0.019664978608489037,-290.02288818359375,4.2920098304748535,1.0185160636901855,14.229635238647461,548.102461600936
4586965565362654464,278.93102095148765,27.963774882385493,0.09526986148032959,0.011503344401717186,0.8373235535665492,0.009405183605849743,-12.556233151696016,0.0120925921946764,-234.47496032714844,1.7277002334594727,1.1132919788360596,13.355269432067871,547.5927737052805
6773071552152486272,293.08397953339363,-20.81461885360946,0.13641710862083803,0.014269737526774406,-7.797293951256554,0.017651081085205078,-19.448884706544032,0.012870468199253082,142.2632598876953,0.3990667760372162,0.9033685922622681,11.64871883392334,547.5361539459489
4443717204762199552,256.21662247432135,9.35534843368013,0.14803733625745727,0.011812356300652027,-20.59058269538071,0.011456459760665894,-7.161555128997704,0.00987620186060667,-277.4695129394531,0.29526373744010925,0.9957711100578308,12.063533782958984,547.115310351256
6084125159692744192,202.85524350849798,-46.6282488554349,0.206094187646248,0.02160458452999592,-28.99835312766381,0.017519164830446243,-8.857720982898948,0.019662564620375633,321.3802490234375,0.8229275941848755,0.9808565378189087,11.719045639038086,545.7063718466484
4162877196026492416,263.0745618555498,-11.879314581096914,0.22614725682597075,0.020391125231981277,1.2268020995496682,0.019669853150844574,-32.755647419891424,0.014188404195010662,123.1288070678711,3.2427353858947754,1.1569033861160278,13.993673324584961,545.7023651352156
6642234513167197824,294.60526636288097,-53.19815800535233,0.1783942787650188,0.014420108869671822,-20.465410086856018,0.01440454926341772,-7.550462957604861,0.01258056703954935,284.3149719238281,2.26169753074646,0.9644138216972351,13.054712295532227,545.2888120572063
4457372039668300672,242.8262014684399,12.431259570569738,0.16914144926124858,0.013183247298002243,0.5684935645851106,0.013145726174116135,-23.96807783222082,0.01178827602416277,4.057372570037842,1.8489168882369995,1.0336320400238037,13.485099792480469,544.9714514830486
4334335550350696832,254.1511624981518,-10.876791577896014,0.14273189416542273,0.01443185843527317,-15.453825889829222,0.0173575971275568,-17.505603595703796,0.012287606485188007,-147.12545776367188,0.9552028179168701,1.0206485986709595,13.160521507263184,544.7113359763077
6263000583247969152,241.41379521922562,-14.585996305616545,0.20740826076049487,0.02068006806075573,-6.530845877942481,0.024556392803788185,-24.13417497766996,0.014364268630743027,-411.0950927734375,3.403533697128296,1.0809184312820435,14.006457328796387,544.6685967593671
4248140165233284352,299.66799262374576,4.511051803646001,0.15689527683663385,0.012765500694513321,-17.359385170760426,0.012391558848321438,-0.17193765716414217,0.009421858005225658,-360.9249572753906,1.1031761169433594,0.9328488111495972,13.197481155395508,544.6524369089599
6453889683157127424,310.71989606796296,-61.956011459737184,0.1461544774382905,0.0150735042989254,-10.969639309689645,0.01068043988198042,-19.707347962656726,0.011746135540306568,-12.313520431518555,1.9675405025482178,1.0893908739089966,13.596016883850098,544.3038378524909
4434648703437122048,251.19350417935877,4.40952320399864,0.1309129920587383,0.015244774520397186,1.2889215340948166,0.015919489786028862,-17.485784653384837,0.013779259286820889,125.96817016601562,1.9040154218673706,1.0053216218948364,13.456891059875488,544.0115910668366
4395477059807180800,258.3533457148319,9.211032589289113,0.1560265411702945,0.01740848273038864,-13.200975729471228,0.016320670023560524,-18.915267988904912,0.012660225853323936,-360.0635986328125,3.931849241256714,1.0492311716079712,14.126282691955566,543.3968041302079
6073190413492260992,188.87206192576116,-56.57511648643466,0.11728650641994312,0.012676984071731567,-16.298819221940374,0.008760511875152588,1.9573781970368784,0.011186663992702961,319.4736022949219,0.7646775841712952,0.9406607747077942,12.284188270568848,542.9796031259033
6114908908284120192,207.26767641078268,-39.27746796443034,0.1826573600632516,0.0156893078237772,-26.411922332571535,0.01684088632464409,0.8502523928155066,0.015873700380325317,110.89020538330078,2.611056089401245,1.1056076288223267,13.42086124420166,542.8594668821373
4481077544741928320,278.34030093076075,11.835967851237738,0.1316193507822181,0.015514140017330647,-13.423019813677902,0.014775846153497696,-14.3500100119624,0.013864001259207726,-80.52914428710938,0.5623805522918701,0.8640750646591187,12.950555801391602,542.8148619199852
6588128061359218304,328.0773351370969,-34.745684796467486,0.16514981000743786,0.017788046970963478,-1.3115031232155232,0.016340209171175957,-23.76893118200636,0.012454407289624214,-333.9641418457031,1.1638046503067017,1.014986515045166,13.113187789916992,542.7267398338568
2118955689244636672,282.0350887201179,45.42199904223295,0.10668585827909394,0.012700426392257214,-1.5574494885314514,0.014459872618317604,-12.090027354069761,0.017785364761948586,-51.179813385009766,2.8624589443206787,0.9393311142921448,14.150503158569336,542.5653626082301
4080829881710554624,288.17751217602483,-23.15098883716029,0.138974098129862,0.016824929043650627,4.504294123146425,0.015695899724960327,-21.05553625666667,0.013409707695245743,-110.28025817871094,2.122889518737793,1.1025217771530151,12.64383316040039,542.5147592818719
6665281032801815040,291.52767164490945,-42.56472026054541,0.2204986418166613,0.019860249012708664,-6.07778822419745,0.022956252098083496,-34.00791118690283,0.019612645730376244,222.42343139648438,4.903006076812744,1.0429729223251343,14.081123352050781,542.0545472960398
4081852122602107136,285.8657429413123,-21.445829497783667,0.11173672047397869,0.01350240409374237,-7.342638648913417,0.015482507646083832,-16.67959040949392,0.013232210651040077,-32.436546325683594,2.003354072570801,1.034764289855957,13.286340713500977,540.6013431244622
5917900678269356800,269.19944480639487,-59.10544294433225,0.11224856976792137,0.013567887246608734,-11.925155963445219,0.015699103474617004,-11.686026891399212,0.013105125166475773,-137.0499267578125,1.3314220905303955,1.033392310142517,13.244739532470703,540.4259975394295
4035412561063831168,271.2931462899058,-40.25828019865901,0.14868323789706048,0.017867373302578926,-0.6914393969507052,0.01828794740140438,-20.973867580347445,0.012394298799335957,-262.24615478515625,1.0845085382461548,0.8914303183555603,12.992198944091797,539.7156561219423
4275121493382496896,271.207667870221,-0.7015683968202451,0.17767687821678865,0.020461829379200935,-12.662529861997356,0.02208835631608963,-23.329821380053566,0.019710678607225418,90.42134857177734,4.2634172439575195,0.9676424264907837,14.571091651916504,538.766954492399
6255597743249320448,227.41450594445394,-21.324613989648924,0.19737893674062656,0.016540931537747383,-18.78542888116914,0.016697116196155548,-26.190316200287665,0.014106516726315022,22.103004455566406,1.4098460674285889,1.0404300689697266,12.52495288848877,538.4917109933883
2640494010375897600,353.8634245606521,-2.092893108122594,0.2692496803597171,0.01795857958495617,-14.35513722382337,0.01794905588030815,-32.53372912108002,0.013996864669024944,-212.32247924804688,4.467907905578613,1.0371086597442627,12.741398811340332,538.2876633308914
6718474649440198656,285.6088600010478,-38.78739946303074,0.2285686580497445,0.01406281627714634,-4.162034987974168,0.016527311876416206,-36.021111351210315,0.014293479733169079,159.12315368652344,2.7190959453582764,1.074302077293396,13.5673246383667,538.1750123211747
6630656964968299264,272.9275747368021,-63.43018339258842,0.17595912840587702,0.012967631220817566,-16.466260252660977,0.007575117517262697,-22.754763202633924,0.008319214917719364,148.13104248046875,0.5936287641525269,0.9727977514266968,12.624890327453613,538.1074849445462
4261381682538425216,287.5635446305785,-2.0704897257706802,0.17017453801144583,0.020979981869459152,-13.66362348135156,0.020829010754823685,-20.423125734718596,0.01781138777732849,73.70372009277344,2.9121179580688477,0.941463053226471,13.856401443481445,537.9435775261991
2087765430589068928,301.2790667557961,49.92455315025988,0.11842730980111058,0.013841161504387856,11.825617572328337,0.015592089854180813,3.1048030411329277,0.015677113085985184,-110.72544860839844,3.175903081893921,1.0306439399719238,14.380220413208008,537.0059243408704
4465435617427748352,247.77849408559882,15.347577632459764,0.17813595600822446,0.019739219918847084,-7.550543786478835,0.01661115139722824,-25.595063302441133,0.014970837160944939,-15.517596244812012,3.9775912761688232,0.9329644441604614,14.48178482055664,536.9501045168041
1208295250939907328,230.37669753615575,17.06273921946996,0.1563277662162198,0.014480486512184143,-19.504853818841823,0.014843307435512543,5.282937843073578,0.01322532445192337,-77.0128402709961,2.0170748233795166,1.0561881065368652,13.372929573059082,536.8343773570542
1569119954603029248,190.650308945645,52.56216872466253,0.11799152152358627,0.012425430119037628,-12.22710671627511,0.010299347341060638,-13.412643282907144,0.012955060228705406,103.0248794555664,1.5194247961044312,1.0551278591156006,13.41301441192627,536.4890507537658
3734972318734522752,191.78361763317017,9.53796526570013,0.21890064968588416,0.018320947885513306,-29.72047954397076,0.021422414109110832,-12.34580054546035,0.017649982124567032,231.61215209960938,2.5528202056884766,0.9969931840896606,13.579619407653809,536.219216838122
6730547355843299840,281.322095606615,-36.420779356281045,0.14772489444832598,0.015437114983797073,11.56448836805235,0.016278395429253578,-14.240899623968142,0.012791294604539871,-165.8934783935547,3.2182974815368652,0.9629294276237488,13.007253646850586,536.0681802961907
5191438266165988352,166.47089533639226,-83.47461859892337,0.16713167696831288,0.009455788880586624,-21.62910940665129,0.012434877455234528,4.240438341758291,0.010286525823175907,318.089111328125,0.8202053904533386,1.0033800601959229,13.099461555480957,535.6929864895593
4093701348940323840,278.79176236900724,-17.308209167120616,0.19293828159665039,0.01881575398147106,-13.458092280160288,0.018018970265984535,-27.985490997625423,0.014298093505203724,0.23525847494602203,1.2131011486053467,0.7029680609703064,12.826850891113281,535.5380313607243
6728962306744688256,282.55582112924947,-39.819571139572304,0.15502354211741642,0.01607358083128929,13.786544367787517,0.01824951171875,-9.512589657840177,0.016567287966609,-158.7395782470703,3.6746184825897217,1.0204282999038696,13.696565628051758,535.4561620043316
5929979642481186304,252.80152030654543,-54.176530473071104,0.16914666563378014,0.01866602711379528,12.811130853629955,0.021076355129480362,-11.679038219420796,0.01666257157921791,187.87142944335938,0.46582087874412537,0.9461756944656372,11.100715637207031,534.589311508239
5971534894177953536,252.71507751215148,-37.25152649199804,0.16222072666617282,0.016993843019008636,-20.86857128930547,0.022057795897126198,-11.038465987911415,0.016757825389504433,-185.77755737304688,1.1165357828140259,1.1493864059448242,13.314974784851074,534.0702763128118
6002635336440291840,232.2619508005165,-41.22642313716602,0.10889378841811209,0.013522491790354252,-15.736259045188369,0.014575454406440258,-6.228603661425298,0.012682002037763596,103.41908264160156,1.7381397485733032,0.9943417906761169,13.093013763427734,533.4188657678073
4462588397708107904,250.09378067978076,15.068804760234038,0.15774513359719225,0.018240204080939293,-14.330917843745976,0.014986061491072178,9.300130689705856,0.012997602112591267,6.546438694000244,3.7310116291046143,1.1458381414413452,13.929912567138672,533.1752276016084
1322487951620883968,243.53293875837153,32.4902759060982,0.11296804277981462,0.01215443667024374,-4.142478696663127,0.011340451426804066,-15.5412648360316,0.014508526772260666,-188.27427673339844,1.364453911781311,1.0352954864501953,13.5610933303833,533.0223244452353
4501839244835543808,270.3790235937,16.591237137187125,0.16366562583161862,0.01327111478894949,-4.3164728832301025,0.010958707891404629,-22.92143957251232,0.01251284684985876,-82.7086181640625,1.7726788520812988,1.0055443048477173,13.606244087219238,532.9256334655381
3917497017084939776,173.35287154893015,12.862128052763683,0.1420446803948757,0.013187980279326439,-16.400545976842945,0.015074602328240871,-14.190635765136854,0.011371443048119545,220.3466339111328,0.5108104944229126,0.8977117538452148,11.95181941986084,532.906813307796
6715625123317027456,286.26928443019955,-41.87692451782723,0.1199640032255407,0.01262018270790577,10.205501178819674,0.014882075600326061,-11.766786097183957,0.014021264389157295,-27.208086013793945,2.5264036655426025,0.9753545522689819,13.323179244995117,532.4648305023707
5401875170994688896,164.73356087031823,-34.30412420358186,0.15353673792170341,0.017278602346777916,-18.42557379939782,0.014736522920429707,3.452304532352951,0.018558166921138763,364.0510559082031,4.33734130859375,1.0529146194458008,14.012227058410645,532.3749772555425
4400296116191336832,234.143901882878,-5.519654691952803,0.17396174695446529,0.0181675273925066,-19.1495229091969,0.02043982967734337,-21.122578998096245,0.019769607111811638,15.075495719909668,3.4863765239715576,1.0125170946121216,13.526420593261719,532.1394183098447
3651059068770938624,223.55318014397787,0.004827298696975642,0.16338076064916948,0.01455014944076538,-22.876167999729727,0.016189785674214363,-12.643632907674373,0.014661372639238834,-36.17118835449219,3.226478338241577,1.0460960865020752,13.619474411010742,531.6622726596846
1240475894700468736,216.0064315397788,20.45528289362284,0.3595838242565854,0.019828159362077713,-18.388397211900052,0.01563890464603901,-53.0024045876877,0.015787549316883087,19.470252990722656,3.297908067703247,1.032658338546753,14.015020370483398,531.6587819442127
4333691859310643456,251.27396322400642,-12.448086412401928,0.13870962080340174,0.017019737511873245,2.314013069223746,0.01910935342311859,-19.479666986142938,0.013916471973061562,53.0992431640625,1.4581053256988525,1.0592659711837769,13.807625770568848,531.4014082459644
4529988735374693248,273.8887149081007,22.414283051834047,0.14380361201950706,0.011797810904681683,-11.885978386249933,0.008265097625553608,-16.82359164780601,0.012021621689200401,-276.72052001953125,1.5288819074630737,1.0444151163101196,13.433059692382812,529.7703517914131
5814481924538077696,254.1372239719033,-68.06798637110747,0.13767967677940784,0.014581875875592232,-9.82190139200683,0.008167303167283535,-18.494224305009045,0.012923489324748516,190.24862670898438,2.393503427505493,1.0060453414916992,13.776933670043945,529.5969214258574
6218140195292727168,222.44414705199736,-30.146801587411595,0.127567155208443,0.014159989543259144,-15.648068237052229,0.01591205596923828,4.312734923351465,0.013740560971200466,0.4974793791770935,0.9792506098747253,1.172058343887329,11.964570045471191,529.1519045903121
6423906447745005056,302.11224318747503,-68.66062216287048,0.18723949182112012,0.012240011245012283,2.5890535184079955,0.009416754357516766,-27.116438580426465,0.013160573318600655,335.60504150390625,1.9480390548706055,0.9729371070861816,13.440498352050781,529.135032264032
6209425401711338112,231.85498249630376,-30.60402313238983,0.23798011540862482,0.02046646550297737,-32.13017408558697,0.020478742197155952,-9.05891022854567,0.01849045790731907,-161.1696014404297,4.295901298522949,0.9680227041244507,13.825966835021973,528.4569064592174
4422023084430491776,231.1823702479811,3.0453042573846947,0.13668848287240196,0.014606503769755363,-18.32491770269377,0.016434065997600555,1.4678159928569385,0.015070397406816483,-103.76638793945312,2.6373212337493896,1.1309095621109009,13.304622650146484,528.3288991743912
3937038950779462528,198.00852213396263,16.902014648968052,0.20410155539661703,0.023925112560391426,-20.674482877964923,0.02958877943456173,-25.972145463769422,0.03893576189875603,-35.277713775634766,4.952115058898926,1.1040374040603638,14.49781322479248,527.8176092755967
6116555426949827200,214.81709032489226,-39.17333520318264,0.14937056847761715,0.012873886153101921,-21.286224007670118,0.017069945111870766,-5.075517960205472,0.015544872730970383,2.9765474796295166,2.056617498397827,1.081059455871582,13.099465370178223,527.7771052238941
3507353448776281088,198.94333724600125,-19.543276005672507,0.2678524595946185,0.020155789330601692,7.4510331296066,0.022655418142676353,-32.355019507335406,0.01571762189269066,255.33428955078125,0.23733682930469513,0.9621535539627075,11.037060737609863,527.7645865158033
6855196034132432512,311.5793780874125,-22.35924562879814,0.17735281736086608,0.019248874858021736,18.543239096183477,0.019976800307631493,-12.319521359989285,0.014048939570784569,-219.01409912109375,2.359160900115967,0.927756130695343,13.717753410339355,526.6511389972064
6342448098008219776,305.3565978137682,-86.78168879093727,0.18918479391709866,0.01583232916891575,7.087967401564426,0.018030716106295586,-26.30538725846025,0.01751413196325302,113.79024505615234,3.574017286300659,1.0924795866012573,14.211840629577637,526.616097063027
1381686104337042176,244.317910373327,41.970164583090074,0.1481057030248197,0.012671155855059624,0.8657662770419305,0.012585288845002651,-18.35053909361978,0.01540664304047823,-168.81124877929688,3.354701042175293,0.9634039998054504,13.947694778442383,526.4139381554647
4330224411953737216,247.62555943737283,-14.207393849268122,0.1297572080147214,0.01503494381904602,8.253589972675009,0.017697181552648544,-12.567736347197606,0.011577504687011242,-42.74665451049805,0.42443281412124634,0.9478591084480286,12.86800765991211,526.3555956612847
6274820230159218688,210.64909535799632,-24.75412134179309,0.12384924252845061,0.012700626626610756,-15.376417360488261,0.01616656221449375,-11.637101943388947,0.013356421142816544,195.36500549316406,1.9676545858383179,1.0359716415405273,13.130648612976074,525.7381921084321
2111184512858244608,277.1773050414356,41.49599742161796,0.10088384196843726,0.01156376302242279,-12.971525418437805,0.012842167168855667,0.9096704918688258,0.014221361838281155,-140.9983367919922,2.1283159255981445,1.0269603729248047,13.96237564086914,525.5387825559294
4186408394126009600,291.6917259777795,-13.451037383509732,0.10815809830384429,0.01343979686498642,-10.160709090973166,0.015107194893062115,-12.594368210249574,0.011326272040605545,-221.20416259765625,0.8072769045829773,0.9194813966751099,13.038166046142578,525.4515200096943
6239641733588429568,233.92319605953756,-22.75889562001453,0.16260612387503476,0.018135640770196915,-22.004505309976853,0.02123694308102131,-2.548824040763041,0.01594388298690319,-150.1973114013672,3.3300883769989014,1.092907190322876,13.988947868347168,524.9101313940691
1729956515513945472,316.6574970051574,1.4493161337302658,0.2213027136842205,0.019180793315172195,-19.18717009227411,0.027157701551914215,-21.20181050112339,0.017018835991621017,-27.825986862182617,3.257312774658203,1.0170495510101318,13.642487525939941,524.7538107061154
3045764998426187392,106.58575965253443,-11.887083750727717,0.1578031080390548,0.0154495257884264,16.793522821439545,0.0168082807213068,-6.388416899232394,0.01584332063794136,-112.67700958251953,3.058079242706299,1.0544441938400269,13.934883117675781,524.297011055045
4239643001936906624,295.59418384249534,0.7510394011815819,0.20623265945352665,0.0174320787191391,-21.036060140922466,0.01818137615919113,-2.208869849088919,0.012931670993566513,-426.9105224609375,4.41132926940918,0.9888997077941895,14.142765998840332,524.1376852689422
4416856788530053248,234.3786307708135,0.6481870954333715,0.16811793835978261,0.019568920135498047,-6.43186790305679,0.023582719266414642,-24.95175962020676,0.02269514836370945,-14.669872283935547,2.0702483654022217,1.072086215019226,13.956050872802734,523.8580810493745
1317925218883780352,246.27051765480945,29.3191711659563,0.138965727714355,0.014817394316196442,4.933696650998932,0.015707379207015038,-14.726863412218274,0.01687241904437542,22.044109344482422,2.8981220722198486,0.9948282837867737,14.197421073913574,523.2938393391704
5992488252897181568,245.1020306893279,-42.94898557560361,0.17005798663492472,0.018191136419773102,-17.704906939672554,0.018015187233686447,-19.1145018140505,0.01241431012749672,-97.145263671875,0.6546884775161743,0.9481663703918457,12.934812545776367,522.6985702724382
4568495006963701504,259.6271991928759,23.007756932640152,0.10985157883824984,0.011491469107568264,-4.144551925038938,0.008251065388321877,-14.258905894692786,0.010412855073809624,19.49264907836914,0.3796069025993347,1.0593341588974,12.791464805603027,522.5230540471241
3619582352969797888,208.34842141617426,-7.07219716104884,0.14882523320009455,0.016163060441613197,-19.8271772985235,0.01845603808760643,0.3816440610817414,0.015186282806098461,195.23904418945312,0.7336337566375732,0.9075366854667664,12.979743003845215,522.3682752754294
6882918261321222144,313.07388148188846,-17.310817964339453,0.25773252466458396,0.01453817542642355,-2.3041686031067803,0.014195895753800869,-32.87435422159983,0.01049125101417303,-458.8232727050781,1.4826388359069824,0.9626143574714661,13.194722175598145,522.3278564045984
4053196611883509504,275.2940465342789,-25.18150987639801,0.16034366637642927,0.018158527091145515,-1.6874962030542409,0.021941162645816803,-22.37773908921678,0.01662774756550789,229.5601806640625,1.185206413269043,0.8360665440559387,12.259859085083008,521.5021531903773
6041073850627490176,239.2342463926052,-29.314838272119573,0.2305597580802468,0.016234133392572403,-11.791103405870427,0.021968668326735497,-24.97783027313249,0.013880923390388489,-344.8855895996094,2.4895670413970947,1.0047850608825684,13.653429985046387,521.4920553591804
4395715924410692352,237.2786918462281,-8.33554208836941,0.18818715893430424,0.019960809499025345,-19.952279485727914,0.020341824740171432,-22.976034533315026,0.01646597683429718,-36.39470291137695,3.14070987701416,1.0254627466201782,13.582233428955078,521.3686805659106
5923341478437958016,259.6524180055868,-53.03863214082445,0.13375176908847886,0.015644986182451248,-11.239981878111923,0.020484162494540215,-17.65738213005944,0.015471315942704678,186.2329559326172,1.9700289964675903,0.900160551071167,13.59251880645752,521.2352702162192
6141234377748782848,198.39649485336895,-39.90252013685278,0.1667585176183772,0.017959799617528915,-23.56733581441351,0.017588786780834198,-1.4838258025570548,0.017321087419986725,176.83509826660156,4.3804731369018555,1.0769227743148804,13.922945976257324,520.8539100704786
5994447754402556544,240.51665950237688,-43.71658657702409,0.1469916763726185,0.016480617225170135,-19.179416342424993,0.01823231764137745,-11.333561829936027,0.014698507264256477,-52.09648895263672,0.5557565093040466,0.8488588333129883,12.900718688964844,520.4498019076582
4395399303719163904,258.7500899374284,8.731447966570013,0.1040422057350564,0.012984021566808224,-9.888275853592708,0.012190230190753937,4.886899262664619,0.009974894113838673,23.94601058959961,1.0980006456375122,1.1328394412994385,13.171914100646973,520.107575931658
4183128409196462976,292.924471039474,-14.180140217585745,0.1166317416323494,0.011872239410877228,-9.682072339565421,0.013315892778337002,-14.919608447153934,0.010916207917034626,-53.10755157470703,0.8498579859733582,0.9689934849739075,12.307260513305664,519.8404209579843
4346849921119777408,239.72980141762088,-9.71595914302818,0.12970287382628168,0.014623351395130157,7.708780205663094,0.017497284337878227,-11.920336879150637,0.012204179540276527,96.90557098388672,0.9506391286849976,0.9090260863304138,12.855629920959473,519.7480620937538
6858533464239638016,312.1595420791303,-18.555594889596765,0.14429675490021376,0.01570679433643818,-5.946192867468199,0.01683298870921135,-21.5143075561071,0.012896605767309666,-88.44166564941406,1.4737226963043213,1.0478203296661377,13.05229377746582,519.5646831300528
4438605609568428416,246.78457628608413,5.71865707665592,0.15307527694253817,0.01780346967279911,-18.377373663571703,0.019163133576512337,-15.011604731885953,0.01305706799030304,-191.8625946044922,3.2235889434814453,1.0069581270217896,13.991106033325195,519.4889275361109
6347593674987025664,296.14789797059797,-82.59528317963338,0.17203345239896423,0.01996486820280552,0.2000249436777306,0.024010945111513138,-25.042463899028718,0.024261191487312317,67.43197631835938,4.965334892272949,1.0228787660598755,14.82100772857666,519.2894666643566
4561622303377078144,256.30470384949206,19.94511267537911,0.19025452262596418,0.014783663675189018,-9.00629365531219,0.0118547473102808,-26.122587260019817,0.013001929968595505,-151.85110473632812,3.520352840423584,1.0853044986724854,13.89420223236084,519.1907957711469
6885481807040576896,318.052104537749,-14.000154700383149,0.12370095353739476,0.014252743683755398,13.51209262077253,0.016042528674006462,-7.623374486840427,0.013429083861410618,-219.91610717773438,1.5393614768981934,1.004887580871582,13.26987361907959,519.1187959147666
4483785951105762816,275.7050063712493,11.283337678817395,0.159467555794935,0.014501046389341354,-1.9758836308851557,0.014997689053416252,-22.383416894178662,0.015092185698449612,-114.4737548828125,2.686927556991577,1.0874457359313965,13.331761360168457,518.3429391466017
4403643682421402240,235.68017362533234,-2.2436918300219975,0.1845990684013731,0.020558465272188187,-15.303522886263355,0.021987413987517357,-25.075129865718957,0.017228374257683754,18.882970809936523,2.7498533725738525,1.096518874168396,14.074657440185547,518.2663312647451
6204980522876141952,224.26289985914684,-33.29988333105854,0.14597773633434885,0.015462007373571396,-13.72090542825956,0.01673896610736847,8.620769391890223,0.013889649882912636,40.79405212402344,2.2078967094421387,1.023850440979004,13.296010971069336,517.9542898261144
4704324069251928192,13.025993289272893,-68.08574958178549,0.17489144374433405,0.012810025364160538,-5.620737368829738,0.01494897622615099,-19.847272880434392,0.014570794068276882,-23.056623458862305,3.661616802215576,0.9744709730148315,13.76768970489502,517.8510861329997
4177426586715882496,269.49245832371645,-3.576767974399653,0.22526931792004895,0.014886589720845222,-9.231801964689373,0.014959038235247135,-30.618527171540187,0.013617018237709999,-340.6221923828125,1.408255696296692,1.0359746217727661,13.5763521194458,517.6316718261196
1273534017460399744,232.72173808227015,29.379977648466664,0.11185360521242456,0.009418794885277748,-1.8477678442722327,0.007456950843334198,-15.313671466506445,0.010310932993888855,-184.81549072265625,0.3959413766860962,0.9874067902565002,12.38227367401123,517.5585949943276
6746335793050697472,292.3190219923943,-30.693151989385772,0.17061078410328523,0.021251048892736435,-5.355834221726145,0.023654714226722717,-26.369810722635854,0.018665023148059845,-148.9425506591797,3.9668595790863037,1.0040701627731323,13.973963737487793,516.7585293452216
6221292460769839488,216.61609468393175,-28.901474990204306,0.1698403360768923,0.01656765677034855,-21.76815955487868,0.0170432198792696,4.0729464679400955,0.014753774739801884,153.42185974121094,0.5813557505607605,1.0573828220367432,11.93874740600586,516.4549812989601
4475970858673387264,268.05556110978256,7.9025247250599735,0.1566582088404791,0.016264915466308594,0.4451419907147026,0.014376694336533546,-21.641622203599226,0.012915641069412231,-56.911773681640625,2.0950236320495605,0.9896627068519592,13.5735445022583,516.3216733415478
4458341877643629440,241.3128497141281,13.287982988945561,0.11377513400655728,0.01326359249651432,-11.896276458222088,0.015107298269867897,4.7682839187218,0.012835589237511158,53.220359802246094,1.6104909181594849,0.9892958402633667,13.394135475158691,516.1449922605932
4406690669661869568,241.9333081664136,-0.563733326227466,0.13442745495449723,0.016244065016508102,-1.9540148181819856,0.01670268177986145,-18.19281273528639,0.011497976258397102,162.53543090820312,2.173386812210083,1.0197033882141113,13.860008239746094,515.6668957980271
6868563312390180352,296.8824453063701,-20.43896782323924,0.13854178437305656,0.013974664732813835,-13.997865483852884,0.015470962971448898,-13.477023289110551,0.014338082633912563,63.914886474609375,2.8263096809387207,0.9932486414909363,13.189986228942871,515.2811144586055
4384315023920516992,253.2446842245731,0.6676311524603402,0.13138546857585245,0.014246244914829731,7.731623688618584,0.015332398004829884,-11.638245449918115,0.013469650410115719,83.31797790527344,0.9941877126693726,0.9712472558021545,13.314379692077637,515.2217657430847
4263964061727100544,289.3098567098599,-0.14115918719907272,0.11064430072118114,0.013347274623811245,-9.538052681792355,0.013206345960497856,-13.05420208820936,0.012260081246495247,-227.93919372558594,1.4081685543060303,1.0402487516403198,12.446907997131348,515.1171331054121
4315331320866723968,293.6926438762139,11.90327724051815,0.22772471349376502,0.01746905781328678,-22.699262466272717,0.01641552336513996,7.339092192213611,0.013909796252846718,-243.0028076171875,4.4333319664001465,0.8739081621170044,13.995320320129395,514.8951284660959
6723629847156697088,278.10738771357245,-40.45235781413034,0.14400089880683312,0.015861934050917625,9.25457122315751,0.015847906470298767,-16.34595466497428,0.013362756930291653,-71.90191650390625,2.0444185733795166,0.9674094319343567,13.416571617126465,514.3353520676499
6717049613652316928,283.67288745558875,-39.761586021470116,0.15318341789642972,0.017496084794402122,-14.633795858736843,0.020764928311109543,-18.990123865534954,0.016296105459332466,-14.016965866088867,3.031043767929077,0.9379596710205078,13.815546989440918,514.2838127031927
4037679483511988480,273.8696616313886,-37.129844384853236,0.19998086530897782,0.02116331271827221,14.817372959222967,0.019781792536377907,-18.66970945233334,0.014291542582213879,-79.93973541259766,2.458589792251587,0.862166702747345,12.933924674987793,514.18760868852
4084261461806644608,289.89875525637535,-18.804533520087617,0.1182514093632486,0.013860885053873062,-4.586056928016168,0.015392400324344635,-17.481856626805172,0.01245838962495327,53.512386322021484,0.6715675592422485,0.8442395329475403,11.709784507751465,514.1377926823626
6037309569494844672,244.71341382698688,-31.41014220044405,0.19921844005108402,0.016656944528222084,-25.965742001009176,0.02141374908387661,-17.22941402150891,0.013933317735791206,28.690147399902344,1.300034999847412,0.9816626906394958,13.449996948242188,514.088137873314
4560480323114055808,257.1286907923253,18.520667597506776,0.24703381659021864,0.013630419038236141,-26.94629706594501,0.00985677633434534,10.448772696587323,0.011254646815359592,-205.20639038085938,2.796853542327881,1.134796380996704,13.027376174926758,513.9470752235997
4390499433230736512,262.08783278554586,5.520224531656172,0.14947559859686999,0.014873039908707142,-0.2386891853570478,0.014590143226087093,-19.636265607150094,0.012179522775113583,87.10236358642578,2.2293930053710938,0.9323198795318604,13.815227508544922,513.6057421067612
6771782507907006976,293.95593779715466,-22.713931215500324,0.14608849691896356,0.01691373996436596,-13.450807653188045,0.019709376618266106,-14.226832821354384,0.015330425463616848,175.3005828857422,3.1074137687683105,1.0305851697921753,13.575389862060547,513.4687402607012
6754843401709719168,298.11499060427207,-27.06199929347122,0.12587574663212292,0.013458690606057644,-7.785780279744852,0.016294170171022415,-18.026689188206348,0.009658346883952618,-119.7066650390625,0.6053716540336609,1.081994891166687,12.478982925415039,513.4479437761621
4151269857957118848,268.1423477805561,-12.739841357562991,0.12131157909066032,0.015073582530021667,1.4182366692188464,0.0174131877720356,-16.957735438899718,0.01286357082426548,72.13085174560547,1.1540329456329346,1.038496732711792,13.04974365234375,513.4218802998398
4164904008275551616,266.68482579768016,-9.561092357516785,0.21485936405598238,0.026607805863022804,14.105069336354674,0.03542448580265045,-19.770420050035227,0.02384791523218155,57.09335708618164,1.7586405277252197,1.1254059076309204,14.788806915283203,513.2110561926628
1162871264500396928,230.91166896314033,7.248223462001396,0.16703099929671084,0.016054805368185043,-21.608857803676422,0.01806710474193096,0.43676596323504413,0.01579201966524124,-209.6025848388672,0.7395657896995544,1.0841158628463745,11.68759822845459,513.054388137688
6439714641813658112,285.91033326110784,-62.26248505325754,0.1845033722790316,0.014743225648999214,-2.7094182619582288,0.012934520840644836,-27.667089031593203,0.011445321142673492,-42.7650032043457,3.5120208263397217,0.9725849628448486,13.702157020568848,512.9505391223117
4035779871041589376,270.0144346555866,-38.99985539162502,0.16785882866982674,0.020250262692570686,-20.81589979345869,0.02032339572906494,-13.061840873297616,0.014491898939013481,-104.95899963378906,3.0942542552948,0.8651334643363953,13.390375137329102,512.8409139003229
1226788692921386112,213.79916717654285,12.979645008165939,0.1535101134819998,0.01778014749288559,-14.992684734275613,0.018994951620697975,7.274958764113678,0.016252592206001282,77.53458404541016,4.855130672454834,1.005521297454834,13.81014347076416,512.7620970932621
4601980530506725888,262.93611671713546,32.98671698981776,0.30437675167731054,0.01227616984397173,-2.6309339887825938,0.012179511599242687,-35.0645214528733,0.012711632065474987,-412.5101318359375,3.1793065071105957,0.9992703795433044,13.786481857299805,512.7040676928746
6870578373607170432,297.76062737301163,-18.218327540299832,0.3643788208126723,0.016005154699087143,-37.32958997931793,0.01695064641535282,-16.65967657774885,0.010514797642827034,163.697021484375,3.3850369453430176,0.9565293192863464,13.350223541259766,512.6689788317465
1206119729746477568,241.17216469640192,22.59016687815127,0.1693068179630389,0.015182821080088615,5.719807982463821,0.012401770800352097,-18.48254943375777,0.013542436063289642,36.45753860473633,2.8021585941314697,1.0004311800003052,13.879581451416016,512.4608252452027
6725046396110527872,271.2612806924962,-42.68801253458892,0.14086916742228636,0.015171468257904053,0.2832341224196427,0.014476949349045753,-18.906454505360877,0.011882889084517956,-237.83482360839844,0.7962421774864197,0.9969677925109863,12.723687171936035,512.2002941119301
4468558814571295488,271.52726874550933,2.5249625800663233,0.23831524297642626,0.01650219038128853,18.294974337579006,0.016381220892071724,-17.42440585454351,0.015139078721404076,-219.17471313476562,3.8582308292388916,0.981406033039093,13.843114852905273,511.857275072206
1444232647915912832,207.22881464925234,24.92955616528688,0.12552870766293323,0.01472180150449276,-6.915587378965658,0.016711056232452393,-17.60755004855441,0.011264894157648087,-174.21319580078125,1.7627582550048828,1.0053772926330566,13.44840145111084,511.5253214764905
6886352139213992064,311.77987817564326,-15.55948274396659,0.17239830936517533,0.0185636468231678,8.153769916213102,0.01830848678946495,-24.52137948923273,0.01359565183520317,-161.3826446533203,1.5941494703292847,1.1256768703460693,13.616064071655273,511.5094840010331
5236646954515845760,172.40238655140172,-67.10308298742564,0.13668653699299071,0.014633121900260448,-17.440541942483772,0.015609802678227425,4.2792778166256955,0.016126593574881554,268.04443359375,3.4629533290863037,0.9346501231193542,13.991130828857422,511.42562385630566
4046498249609176192,278.5904787010818,-32.42196294065224,0.19149558890102844,0.021056778728961945,12.407807167661558,0.019763456657528877,-16.119309437430562,0.01504602562636137,-284.70562744140625,2.7375617027282715,0.954308032989502,13.518903732299805,511.3215634849927
6625197335678814208,334.06845261944704,-25.560648099619257,0.2282672236202153,0.016641337424516678,-6.975599554379387,0.015243696980178356,-27.346529878742704,0.013255263678729534,-387.2843017578125,2.4970128536224365,0.9351756572723389,13.002211570739746,511.2736019312223
4454407790680400128,238.6167562191904,8.495492827669112,0.149064625642765,0.012836303561925888,1.848834677510845,0.012547100894153118,-19.7842050456046,0.010422755964100361,-6.445446491241455,1.7128046751022339,1.0079221725463867,13.27082633972168,511.1081347497634
5957754543172451712,267.4610357104493,-41.05450850501694,0.1723349050305105,0.017805539071559906,4.341331638495896,0.019105777144432068,-21.524694486948665,0.013167290948331356,-215.438232421875,2.5552871227264404,0.9296070337295532,13.61900806427002,510.96763117946244
4903865432325286528,13.854648854203493,-60.11499960643523,0.1787798486372735,0.013166062533855438,15.351163605868454,0.012203267775475979,-13.91799323348997,0.013243170455098152,-270.1263732910156,3.4953956604003906,1.0265872478485107,13.63822078704834,510.87047528531303
5807774422565270016,249.69365580818112,-70.78633998539077,0.11040354070643378,0.01338722463697195,-12.556527574949724,0.009903822094202042,-10.699202643401552,0.012065007351338863,166.9674072265625,1.6499714851379395,1.0372674465179443,13.603312492370605,510.7506674685705
5924521598004789248,262.46465644279,-53.89485546536464,0.16145224366111047,0.013141821138560772,-9.706109149427473,0.012982151471078396,-22.3100251762707,0.010240617208182812,-65.02247619628906,0.6721541881561279,0.9318464398384094,12.462471961975098,510.54564361737374
4612595902955831040,62.238552412653405,-86.86550726763672,0.11164508689293337,0.011227129958570004,12.87120390605487,0.013001217506825924,5.854690772815379,0.011772962287068367,-76.53053283691406,1.819688320159912,0.9937813878059387,13.473464965820312,510.2227601920749
1395639113051405824,230.9196300516099,45.84020088151581,0.17995877537644042,0.012386403046548367,-25.165638727939978,0.012753408402204514,-8.275623891800745,0.014359280467033386,-115.85997772216797,2.649850606918335,1.0198057889938354,13.8187894821167,510.15027216237604
6049675020849740800,243.67493296549145,-24.775187180350354,0.18522672370877688,0.015910301357507706,-25.712243296087646,0.01985781267285347,-10.932425021328697,0.01317534502595663,30.654726028442383,1.6175284385681152,1.030111312866211,13.342254638671875,510.11123253650237
4140475604375971968,254.69015997646937,-13.560747985718374,0.24805866342058486,0.017140477895736694,-4.900550235849813,0.017082666978240013,-32.05970188763188,0.013070822693407536,247.87020874023438,0.4004797041416168,1.0129765272140503,12.107522964477539,510.1019039824144
2319177237696228992,7.346015274924041,-28.361127844159064,0.2471158674296794,0.019179917871952057,20.062507915559223,0.025312185287475586,-28.725650314691883,0.018709631636738777,-280.0173645019531,2.150458574295044,1.1668847799301147,13.724255561828613,510.09538080893185
4044838403709268224,277.3329117329913,-33.607138386535624,0.21031691804504818,0.014614362269639969,-16.150647231852787,0.016566917300224304,-25.567831650278684,0.013294707052409649,-269.8603210449219,0.41353949904441833,0.8103733658790588,10.913433074951172,510.03758605392716
4499718763642458240,268.7665335238069,13.913618536262579,0.16891012918420276,0.01714872382581234,-15.152477615891831,0.015349635854363441,-19.39064064327729,0.016047844663262367,-241.93963623046875,3.513193130493164,1.0283305644989014,14.210099220275879,510.01830171629956
4494808245934850432,270.25279073820917,10.6151719108858,0.17036238564063444,0.016559315845370293,-12.897394281874776,0.013149636797606945,-21.55591061094797,0.012563684955239296,-109.08428192138672,3.418224334716797,1.010093331336975,14.285127639770508,509.9415280528984
1204560175581853056,238.05114197974441,21.052080497481615,0.15405159562019588,0.014212427660822868,-9.71680617724725,0.012952606193721294,-19.923821041985008,0.013676388189196587,-277.005859375,2.617511510848999,0.9881768226623535,13.699631690979004,509.88931596454023
1220071089194049280,239.6075604701462,25.492649403534685,0.23701484030831277,0.013753829523921013,-30.440446081406233,0.008334311656653881,-18.36672158929539,0.013159015215933323,-208.9913330078125,3.0229110717773438,0.9934711456298828,13.763773918151855,509.63713542129585
4475954301574779520,268.48601918099223,7.711111391443575,0.12317780545843912,0.01526307500898838,-4.90337894240281,0.01393796969205141,-17.20480510250835,0.01379562821239233,-216.67877197265625,2.778795003890991,1.0580949783325195,13.599297523498535,509.5298740187519
5869660194055479040,199.81920654452858,-60.325004327401025,0.1376654629972206,0.01351972110569477,-17.522130034475307,0.010216191411018372,-7.881039058167129,0.013274984434247017,191.88772583007812,0.6459245085716248,0.983069896697998,13.556904792785645,509.48405077017117
6745275034910765056,291.09934864391306,-33.88729091938638,0.11657720977275343,0.01304926723241806,-13.697939221906651,0.015095070004463196,-7.213524717497242,0.012196244671940804,78.77228546142578,2.339327812194824,1.059834599494934,13.175827980041504,509.23976009402935
4134048271717272192,252.2004373125835,-15.973810662254918,0.13718517232618482,0.015329919755458832,-14.38236674375465,0.01930953375995159,4.056627159625834,0.014275983907282352,-178.6380615234375,0.9126566648483276,0.9518401622772217,13.064284324645996,509.00056576318065
4392684403351354624,254.41016401608357,5.675176247583587,0.30866427547738606,0.01573980040848255,-28.43132459545339,0.018337661400437355,-34.3085640472882,0.013253173790872097,108.68742370605469,2.6427409648895264,0.9810272455215454,13.893798828125,508.3321959707184
4329720453372331392,244.30166434733135,-14.047854588578316,0.1697466273235339,0.017734117805957794,-20.39015130644114,0.019417641684412956,0.6630693505090554,0.01391083188354969,-223.1700439453125,3.3886594772338867,1.0988777875900269,13.233469009399414,508.1413590063471
5482102205146312192,90.54264000867576,-61.07831505216862,0.1751020550207693,0.01069703884422779,16.803247760378603,0.015900086611509323,11.387600065177857,0.013761140406131744,458.6722717285156,3.106398820877075,1.0259406566619873,13.606998443603516,507.9854130549577
4223679879798972416,302.3425237297146,-2.1802535481755236,0.18354175261843653,0.0177153330296278,-19.525141488512865,0.017777008935809135,-13.666451155182639,0.012951068580150604,-77.34622955322266,3.533457040786743,1.0034407377243042,14.017396926879883,507.95667783500977
4040053118604053888,266.8946290279051,-37.23463158332331,0.1797990179666305,0.02167142555117607,3.6494840505717914,0.023401539772748947,-22.024713896233504,0.013911760412156582,-259.1217346191406,1.4939624071121216,0.853597104549408,13.79090404510498,507.72373768954645
4246534637728074112,307.6375041397065,6.044483396214972,0.23214524436157327,0.01607592962682247,-6.6406918335148735,0.019709669053554535,-23.649050956503288,0.015042155049741268,-559.1388549804688,2.7743210792541504,1.029439926147461,13.529687881469727,507.64652091935125
4375907161583968640,265.43736201804955,1.8396499881793724,0.19625659121557537,0.01736108399927616,-8.046922864240056,0.016892757266759872,-26.882353680686464,0.013514802791178226,52.26241683959961,3.7866997718811035,0.9328702688217163,13.96911334991455,507.1370774467342
1253557295636516736,212.36468500386587,22.31849436308294,0.1101873532317042,0.01367002259939909,5.24936006810069,0.011908919550478458,-11.461594262394716,0.010858476161956787,-120.66766357421875,0.5576363801956177,0.9700294733047485,11.939355850219727,507.12708898512125
6875270848714112384,306.222874597368,-14.883757537298374,0.2833619602211462,0.018833834677934647,-0.037453543346853024,0.01829075627028942,-43.260324788539236,0.013850097544491291,-95.60079193115234,2.0848147869110107,1.0930426120758057,13.025083541870117,507.1065461951142
6340443855812307840,223.41836926623802,-1.9096167988205277,0.22079280714879063,0.01825578883290291,-28.463141164066933,0.019227491691708565,2.918481068484752,0.018772780895233154,9.8229398727417,3.7840535640716553,1.0272375345230103,13.584494590759277,506.530896465541
5399966178291369728,166.88080067981232,-37.647268193788925,0.11068130650795571,0.01180210616439581,-12.889194094519095,0.012825083918869495,0.5426687053551704,0.011404604651033878,417.721435546875,1.5563021898269653,1.0183069705963135,13.069001197814941,506.37334036384
6725661847747358336,272.43169186461097,-40.86888561990257,0.17004794664045428,0.016992516815662384,-10.090384178151444,0.018775226548314095,-14.046177578569761,0.013609499670565128,466.00213623046875,4.659277439117432,0.9279530048370361,13.2786283493042,506.0955692804249
5204430164279388288,152.7138331649945,-75.94247912653714,0.13048810396957494,0.013868178240954876,-13.555922682222553,0.017988968640565872,9.703507048670078,0.017572207376360893,292.10113525390625,2.8533897399902344,0.9694379568099976,14.171337127685547,505.93924580569075
5915557692014929152,260.0017077146768,-59.81501825956469,0.16004339139065035,0.01634320057928562,1.614800195569905,0.014582169242203236,-21.94359160229397,0.013334313407540321,116.81297302246094,2.643293619155884,1.066386103630066,14.08633041381836,505.9342671009351
5778634031529016064,234.23305619713483,-79.04269273220379,0.2679594382854046,0.010614638216793537,-32.861884614275375,0.010325838811695576,12.160937996541268,0.01208945456892252,122.7925033569336,1.4154407978057861,0.971955418586731,13.185850143432617,505.91438949326255
6319707586204648320,226.35651237724704,-10.374341899651476,0.22391036493818486,0.014826375059783459,-30.614063651323143,0.01725829765200615,-7.006078317493357,0.013816392049193382,174.10003662109375,1.9324851036071777,0.9676488041877747,13.044906616210938,505.6291023645878
5910996093141500160,269.1948638772937,-63.02717862974117,0.1756044192314886,0.016896165907382965,-9.832186459724062,0.010861696675419807,-22.73387255033801,0.01236608624458313,-123.8745346069336,2.7571098804473877,1.0105410814285278,13.946123123168945,505.58506190568676
4161328224684729728,264.36972821289334,-14.328639608178436,0.12577152660585728,0.014617254957556725,-7.330477170066028,0.014909913763403893,-17.478975452792458,0.010266049765050411,94.23347473144531,0.6330843567848206,0.9261885285377502,13.04153823852539,505.46456748456274
1288726553737756928,226.41368222792264,32.6117104221601,0.17308821499839874,0.012814813293516636,-24.423938709986572,0.009369505569338799,-5.609325447321446,0.011506337672472,-50.80040740966797,0.3622749447822571,1.1988794803619385,12.032734870910645,505.3325583838943
6197061256020189952,225.09094917728436,-40.86126678385661,0.21796444481056004,0.025837654247879982,-28.71784489713373,0.026881471276283264,-12.393819239536668,0.028577610850334167,-56.756717681884766,4.219223499298096,1.0524208545684814,13.969771385192871,505.1902546468255
4341376930192341632,253.6641031591141,-5.385190562477132,0.1809941131063879,0.014055078849196434,-16.62930182319402,0.01592615619301796,-16.954486596073348,0.012521565891802311,-390.6635437011719,2.349848985671997,1.019911527633667,13.529814720153809,505.0570832850927
6248292691077958912,238.92858354707974,-18.685038278987403,0.1552376290555526,0.018717262893915176,-20.856328172432946,0.021830840036273003,-0.9330335273890813,0.01410660520195961,71.04301452636719,1.4581507444381714,1.0068379640579224,13.679778099060059,504.87648425858424
6771140564920473472,289.7684563220677,-22.360183358593837,0.15502401582571573,0.013203972019255161,-12.808078750374333,0.015451079234480858,-15.514368989100273,0.011780815199017525,221.36070251464844,2.83665132522583,0.8656589388847351,12.020406723022461,504.72932948576886
6231546751025548160,227.12979776224134,-21.800795546553356,0.16816680619059268,0.01703440584242344,-20.40374738742443,0.02195725403726101,-10.267894348176155,0.016985589638352394,-215.69764709472656,3.2750871181488037,1.196952223777771,13.470366477966309,504.54599241188146
4101403432217359616,284.7309931939962,-14.623686672705684,0.21977104915984003,0.01768510602414608,-13.611891128028338,0.017899326980113983,-27.026145153504284,0.015239512547850609,-362.9831848144531,0.968108594417572,0.9656041264533997,13.159037590026855,504.5412281433717
6281482205471817472,220.6412108330962,-20.025058560246826,0.1186636581010318,0.013691378757357597,-11.882710844723846,0.017720438539981842,-1.8575143328619406,0.015877380967140198,457.0024108886719,3.1650424003601074,1.1212583780288696,13.233414649963379,504.51119877410656
6169212069592183680,200.2264949559402,-32.48781079616735,0.11559380622474241,0.014210902154445648,6.3177526516290134,0.015776116400957108,-9.90365290341736,0.011816996149718761,127.9661636352539,2.5643234252929688,1.0554697513580322,13.282208442687988,504.25282796759336
2716352208089611264,341.9606459542297,9.348215151014442,0.13361370981180518,0.015641313046216965,-7.231535820900128,0.01597030833363533,-14.64169594171788,0.015007542446255684,-258.3127136230469,0.4924582242965698,0.8515918850898743,11.577796936035156,504.07116341404725
1591118433495659520,220.77709885396945,48.09892112297692,0.16535568342452273,0.013524764217436314,-19.32546414089564,0.011724499054253101,-15.564338781015902,0.014178581535816193,-103.93434143066406,2.4414913654327393,0.9949690103530884,13.820441246032715,503.4257705539946
6026567066101786880,255.86063654458584,-32.801997057848034,0.12996057329856076,0.015803193673491478,-6.839788482123136,0.017650527879595757,-18.577238371729155,0.012669837102293968,-96.27366638183594,0.38945987820625305,0.8024193048477173,12.814510345458984,503.04541470893724
4101764961058205056,282.56694811749713,-14.93294564329637,0.17899867216359497,0.012753603979945183,-18.40387981562877,0.014289474114775658,-17.014384590805108,0.012986493296921253,91.10680389404297,0.5702528953552246,0.8380813598632812,12.336190223693848,502.98147964379143
6675997285440115328,307.8769226589378,-43.950779064276375,0.19762665639033905,0.017273684963583946,18.123558155242446,0.017597274854779243,-16.971287114123747,0.01363721489906311,-151.1458282470703,0.7492790818214417,0.985493004322052,11.973466873168945,502.9270244286931
4453494886791041280,243.2810096769384,10.662898555209718,0.14775862123399308,0.01764620468020439,3.2482799247117438,0.016674771904945374,-17.903820823800597,0.01468804944306612,-227.72695922851562,2.365846872329712,1.1221137046813965,13.811595916748047,502.89975365578914
3472846032253003008,184.16321437506173,-31.14516887903906,0.19769029431741375,0.01688561402261257,-25.143023391419376,0.02021682634949684,-4.58455296189009,0.018810123205184937,352.6811218261719,3.041321277618408,1.094592571258545,13.584409713745117,502.48528359988507
5952620231819868544,261.3640145794836,-43.83176358486674,0.11825706211379342,0.013915964402258396,-14.246927307562476,0.01686900481581688,-10.19211283381161,0.013315614312887192,-75.99907684326172,0.5392454862594604,0.8940063714981079,12.478188514709473,502.3822624268682
4357393447354698496,248.08939412400179,-3.9275391409904103,0.19420063425260214,0.019241539761424065,-5.686149803706915,0.020735040307044983,-25.807425059835776,0.015639320015907288,175.01084899902344,3.2466464042663574,1.023038387298584,13.97616958618164,502.33674220129774
4187471136528804096,291.8987078022867,-11.872894488529754,0.15056354325569368,0.015316721983253956,-11.825383312429588,0.01659778319299221,-11.438732971966832,0.013888921588659286,247.9249725341797,1.1003968715667725,1.0741320848464966,12.728200912475586,502.1623703535785
6093862361650803328,209.17005570134813,-48.60877356921743,0.231689381813405,0.02392510324716568,-31.781805661098204,0.019846169278025627,-4.3561706910747375,0.019504543393850327,279.1463317871094,3.3130908012390137,1.1080323457717896,14.04229736328125,502.05106289976993
4042067840611169280,269.7674344256927,-34.85482605708241,0.3686260435878401,0.022658538073301315,-17.20683229616067,0.02171900123357773,-36.779895465890945,0.015275590121746063,422.4815368652344,0.18990173935890198,0.6315767765045166,10.891145706176758,502.02866836320345
5855640802311779840,189.18319902557053,-69.08959885528155,0.1774758631251108,0.016291219741106033,-23.900822242903132,0.01623229682445526,-0.8720879936760572,0.017303571105003357,197.99261474609375,4.338987827301025,1.063839316368103,14.214103698730469,501.83821034584787
3910919261787056512,174.35634772339736,7.826483243420996,0.23109262138768766,0.01618119329214096,-27.76865321739721,0.01622539758682251,-17.865259543569856,0.011591101065278053,-7.691658020019531,2.527299642562866,1.0274138450622559,13.353459358215332,501.5178096778961
5822297218841122560,239.73290328108476,-66.08274137707133,0.14692789072585158,0.01371887605637312,-9.569108676675633,0.0062217749655246735,-18.42987752210119,0.011334738694131374,109.65385437011719,1.8572609424591064,0.9699079394340515,13.352221488952637,501.4083353189722
6211186681899137408,229.70084286881266,-30.429397160177928,0.16232030625050603,0.017336957156658173,-22.11378599573105,0.020023440942168236,-0.8609708522011106,0.01649191603064537,40.707462310791016,3.9554524421691895,1.073060393333435,13.925286293029785,501.36209913327724
6044050022449377536,247.81232362551813,-28.678949633900423,0.14874855552667005,0.0173129104077816,-18.835184551183538,0.019886767491698265,-10.038978769569333,0.01596432365477085,208.51754760742188,0.9900643825531006,0.8981920480728149,12.913961410522461,501.22667320422767
1734324153656601600,312.4329642647328,3.948832706302542,0.14521819571179015,0.01616479456424713,-11.823615328204927,0.017016412690281868,-14.99887287407006,0.012402411550283432,-204.74557495117188,1.8587490320205688,1.0007755756378174,13.369633674621582,501.212853595269
1189164367094089984,236.74297575105456,10.659280183900114,0.1948002256120669,0.016371237114071846,-19.92006476783482,0.01733352057635784,8.748152553230472,0.01612824760377407,-56.0523796081543,3.0653278827667236,1.022623062133789,13.847368240356445,501.2046874845911
6476892256683323008,317.91692164560965,-51.63964042369047,0.2186174561647734,0.016981057822704315,-8.517395452478153,0.014370026998221874,-31.236107842555654,0.013348495587706566,188.52244567871094,3.0534589290618896,0.9894582629203796,13.692953109741211,501.0513086939456
6856538434752986880,308.10191026119594,-20.80674130028933,0.1924406424932268,0.018121972680091858,-17.70459959697805,0.01909906044602394,-15.975003925455992,0.014647477306425571,122.42608642578125,0.6941997408866882,1.0958524942398071,12.86135482788086,500.9658801008769
5809816731049898368,268.44789976331816,-71.07424378039794,0.13370120713018027,0.015675600618124008,-3.4693288342678104,0.01210580300539732,-16.830543338712452,0.01508205384016037,395.0099792480469,3.5148658752441406,0.9454749226570129,14.327653884887695,500.1195383833619
4563629049534297216,247.75265923778633,19.29963363085603,0.16940129288337005,0.011059989221394062,-22.980253215328887,0.009537392295897007,-3.95165509946875,0.009731496684253216,-44.14525604248047,0.8671098947525024,1.0170596837997437,12.404936790466309,499.5591263619583
1734292886295218432,311.4064370504802,3.845327201152258,0.19884276899441874,0.02075698971748352,-16.16573345793985,0.02208167314529419,-20.510119472089432,0.015918884426355362,-132.46458435058594,3.0268142223358154,0.9335986375808716,13.705652236938477,499.3257587652982
5914057644607288320,259.0993515273085,-60.124027310702736,0.1468697762502367,0.015635620802640915,-9.527556931884448,0.012259955517947674,-19.306718019569356,0.012178475968539715,-29.494552612304688,2.794485330581665,1.090222954750061,13.471776962280273,499.2198561194054
5822611541723742080,241.42400077823785,-66.11231757047571,0.15598281475028758,0.016371389850974083,-13.623561275530317,0.0084880655631423,-17.752161819403433,0.014145833440124989,237.02011108398438,3.3314545154571533,0.9593687057495117,14.069414138793945,498.8255921530835
4373809323460212736,263.5920827285206,0.12653259128663216,0.19743669890838852,0.015085924416780472,4.948052888394566,0.016335930675268173,-24.332255317128887,0.012917392887175083,50.776912689208984,2.1501505374908447,0.9726141691207886,12.902962684631348,498.77872076990246
4557357503931741056,265.03390135127916,23.76979609850121,0.12175443377819806,0.013555767014622688,-5.402924448028743,0.010532860644161701,-15.575994800438842,0.012516393326222897,-245.6445770263672,2.673614263534546,1.0138481855392456,13.9074125289917,498.6518165453868
6701809901455920896,272.3792685517516,-52.228679807981436,0.16171884991946744,0.01439308188855648,2.8104405911393044,0.014314930886030197,-21.018298270134782,0.012414857745170593,-153.4449920654297,1.8059465885162354,1.0128508806228638,13.34367847442627,498.5954641422085
2960507526772894848,73.92805535836635,-23.91475368066217,0.30212361768066526,0.017064055427908897,8.50634220692245,0.012754281982779503,-33.02585512526731,0.01690484769642353,-161.4994659423828,3.969113826751709,1.0383375883102417,14.288086891174316,498.4739323371712
6871265396575273600,299.93278298013007,-16.457768867624406,0.14652477927939567,0.018208257853984833,-15.161446688707636,0.019368266686797142,-12.812674521993378,0.011343996971845627,-31.092702865600586,0.47394171357154846,0.9937648177146912,11.4620361328125,498.44081284984594
4386050328146789504,253.13626220130672,3.079069499840767,0.15013996703782428,0.017757631838321686,-3.5679252166962216,0.01950831338763237,-21.159240081302343,0.016011716797947884,-20.469188690185547,2.676863193511963,1.0866012573242188,13.515596389770508,498.4255774763291
4438767375213573632,248.08339954344126,6.600602088604808,0.20242350136232534,0.022197769954800606,4.980775914564656,0.02294599637389183,-24.51580280356336,0.020392462611198425,29.278854370117188,4.15972375869751,1.1125752925872803,14.28239917755127,498.3474346116869
1469218534262614784,204.07877741456332,33.59162997907752,0.1692935078225428,0.015836242586374283,-21.744230452096588,0.011740508489310741,0.33757817780302474,0.009890140034258366,39.147239685058594,2.096714973449707,1.075469970703125,13.576059341430664,498.3388728754037
5801854273999224576,256.6090840578622,-76.01723711056499,0.20501943360180633,0.01295805536210537,-26.820769386657123,0.0107558099552989,-9.577498116426424,0.01392344105988741,247.9315185546875,2.6854724884033203,1.0392974615097046,13.764538764953613,498.22710519425954
6716076404123420288,282.11202268777424,-42.53319188939129,0.3156719416037851,0.014192250557243824,-32.13710169373023,0.015038036741316319,-11.246499882314133,0.01357308216392994,-278.1839294433594,1.0969290733337402,1.0222967863082886,12.289997100830078,498.1944299051552
1301104134088982912,250.14688476163573,25.61231460135203,0.13207615658372462,0.01572457142174244,-13.874798454247395,0.014012113213539124,5.633956049204181,0.015888243913650513,-21.993270874023438,3.02497935295105,1.0003060102462769,14.415624618530273,498.128405529884
1298446030368467968,245.3780468975365,21.502514847166356,0.13976406255115054,0.015462515875697136,-4.568669209918532,0.01273005735129118,-18.906462040805096,0.014889927580952644,-84.36209869384766,4.0371575355529785,1.0033400058746338,14.095682144165039,498.0255892699565
5379237154294454144,176.2620719131999,-43.15988995885954,0.1424291347897158,0.013130313716828823,-1.4099022452941266,0.010279670357704163,-14.902346199188777,0.00978341605514288,420.670166015625,2.0278544425964355,0.983802318572998,13.505154609680176,498.00332078266695
3749385125172101888,160.2308332352708,-15.806016441455107,0.1517477006334051,0.01739485375583172,-17.345943133125157,0.022483114153146744,0.6243800695110918,0.01531157735735178,280.2079772949219,2.3388991355895996,1.130344033241272,13.261710166931152,497.90171000919696
4128467326816592640,256.3690324334681,-19.623160645445072,0.1452982307954131,0.014082795940339565,-3.584179401448949,0.020645752549171448,-20.751721286758684,0.014810417778789997,-169.7327880859375,3.46112060546875,0.9387409687042236,13.174637794494629,497.74759219433133
4169666645961725312,263.3470926680243,-6.762829790558878,0.1620712284336712,0.02017255872488022,-8.854504981757701,0.021545112133026123,-21.190345801409403,0.014867144636809826,131.5418243408203,2.9908387660980225,1.0872739553451538,14.101746559143066,497.4702755216301
6354144737063618304,344.989254553332,-77.15194726298832,0.19921764398849648,0.013617897406220436,23.58763491359831,0.016722921282052994,-13.873431532810438,0.015432948246598244,169.89913940429688,2.9583473205566406,1.0129404067993164,13.810796737670898,497.3120702151823
6405887548108542080,334.28637788408827,-62.80130600870056,0.13508113920169632,0.014862836338579655,-12.357587181334768,0.012018023990094662,-7.4862133255110805,0.013468459248542786,124.9722671508789,3.3100719451904297,0.9953091144561768,14.13150691986084,497.2399464929741
5916529557225189504,259.2157584007722,-56.492572737451454,0.14063463142748184,0.014150317758321762,-13.73963931355736,0.009881996549665928,-16.250643446765576,0.008979663252830505,22.173749923706055,0.7605130076408386,0.9474525451660156,12.715975761413574,497.14596190928194
4275742236416446976,272.77535887551335,1.058592777907629,0.2529925335674138,0.024705788120627403,-12.216605137277341,0.02696395292878151,-31.92850141863355,0.02435392141342163,106.13504791259766,1.5535099506378174,0.9769421219825745,10.543709754943848,497.04193411804334
6713114839489840000,288.8679843990712,-42.7464078691985,0.1583314862089467,0.01952606998383999,5.165712511762048,0.018878525123000145,-19.843383105799703,0.01714576594531536,-252.11984252929688,3.9505221843719482,1.0340957641601562,13.88121223449707,496.9913218761756
6076286981828334336,184.58485104634914,-54.24385862265604,0.29600511234091287,0.013618226163089275,-33.871849944074704,0.010241462849080563,-1.7874248367407786,0.011642612516880035,-70.32686614990234,2.281114339828491,1.0070563554763794,13.377528190612793,496.62794648059685
4486393683446237952,266.0835883929223,7.407156615139443,0.2575748583629395,0.013916794210672379,-19.26151929495725,0.012364186346530914,-29.437215593521092,0.011042842641472816,-360.2172546386719,2.4687273502349854,0.9867364764213562,13.501405715942383,496.4577258941112
4186163580989282560,292.7612239174071,-13.681210656400793,0.13278490687100397,0.015020366758108139,-8.841956773702124,0.01648513413965702,-16.784888768413797,0.013895590789616108,65.2217025756836,1.6006824970245361,0.926616370677948,13.559675216674805,496.3838549438334
4197636465133325056,286.1976794231794,-13.839398717454232,0.12118759548422059,0.014166148379445076,-6.927573203521866,0.016785768792033195,-16.29693931250956,0.015238016843795776,60.80815505981445,1.6177650690078735,0.8961125612258911,13.482050895690918,496.3285552765363
1215773716715293824,229.81005994225086,23.35143653116334,0.6383506623304549,0.02031618170440197,-61.23047922210257,0.018820611760020256,-50.18048919426268,0.020548004657030106,-431.56793212890625,4.994041442871094,1.026784896850586,14.483860969543457,496.30205763338734
125510837155597696,49.16564888762231,33.79753170741399,0.33437537464721623,0.027329938486218452,6.470571828997279,0.025895128026604652,-44.096056740738845,0.021619249135255814,-242.48854064941406,4.260252475738525,1.1645828485488892,13.875117301940918,496.2711019462753
6109427911542506752,209.6783774380225,-43.8607960043943,0.15107880969242982,0.01759454421699047,-11.54646611169342,0.0167862456291914,-14.753243197118422,0.019266627728939056,-124.73941040039062,2.477318525314331,1.0074939727783203,13.372105598449707,496.1501344273149
4130865396014540544,251.55465614464802,-18.965495800606988,0.12069266888424371,0.014609851874411106,4.60608794019499,0.017946738749742508,-11.584454553667854,0.01242775097489357,252.0327911376953,0.6386825442314148,1.0603604316711426,13.186676025390625,496.09168037669957
6536544061024017152,351.5764097235498,-40.57684938047631,0.16626797964348305,0.017195487394928932,21.037112483896614,0.015489962883293629,-7.247656917683116,0.014860968105494976,10.105475425720215,2.8192992210388184,1.0646450519561768,13.713479042053223,496.05445349006675
3487606219942155776,179.7787880554221,-26.18075507707392,0.17903915466723616,0.02049805410206318,-17.71954130689425,0.0221870094537735,2.604501342725389,0.013563686981797218,486.6434631347656,4.288137435913086,0.9848161339759827,14.472362518310547,496.0342239206103
5798606007425209088,226.15607816141315,-70.97759972764632,0.1978416164175983,0.014159363694489002,-21.79307372625299,0.01087871752679348,-15.567043340943217,0.0135155925527215,5.697829246520996,4.013726711273193,1.0229482650756836,13.86674976348877,495.98135337328534
6752040231173201536,293.7401612172114,-31.117886694477406,0.1262770850925054,0.014902547001838684,-5.973856210652048,0.01739269122481346,-18.5350894629948,0.015861980617046356,-119.77591705322266,3.432023763656616,0.9325422644615173,13.36484432220459,495.97348623235473
6630804059007923072,270.7760122967333,-63.34505911046979,0.14904755316584695,0.016498735174536705,-7.055558449732441,0.00931868888437748,-20.782754459308823,0.010400598868727684,-7.87452507019043,1.3995314836502075,1.0009785890579224,13.644699096679688,495.9512835187138
1301045172777813504,250.58004870722996,25.49182790297569,0.12506905287532008,0.014512646943330765,-2.747234509585673,0.010950940661132336,-16.4542669863867,0.0141450809314847,-132.06802368164062,1.916994571685791,1.0592002868652344,13.820615768432617,495.90237198876804
4805658359403594624,82.62735690518087,-43.709344432996346,0.09209094195664351,0.010776262730360031,6.689597209204939,0.011889783665537834,-9.44459895308865,0.014289177022874355,78.35917663574219,2.2881288528442383,1.073822259902954,13.449877738952637,495.8527384563269
5823430020736606720,232.5628901774959,-67.39203158241986,0.13763967000737104,0.010520225390791893,-16.358984958916004,0.006235481705516577,-11.105993040713711,0.009655889123678207,220.74221801757812,0.8428572416305542,0.8984218835830688,12.686989784240723,495.8199400612721
6119319874065531904,215.28157493228034,-36.547859415946746,0.17222104169114236,0.017472470179200172,-23.92733950566161,0.01917697861790657,-4.732218146936507,0.016653835773468018,77.57775115966797,4.32269287109375,1.0161380767822266,13.925436019897461,495.5572442488909
1371865262181897344,238.72674930382377,35.002010258245434,0.17175922520111428,0.01146301906555891,-23.75756213255946,0.010661065578460693,-4.071525625286381,0.013992714695632458,-123.66377258300781,0.35327401757240295,0.9024366736412048,11.505478858947754,495.4077109003557
3516047493375530112,189.96409091083058,-19.32564290093563,0.17683202285127214,0.017498983070254326,-23.178434481282085,0.019485462456941605,-1.434011337237805,0.011824422515928745,202.3020782470703,1.6266727447509766,0.9774788618087769,13.411937713623047,495.38654413705785
1329974079617820288,242.49553311142216,35.09614840791007,0.1355965619575535,0.01040525734424591,-1.2734126456218573,0.010004978626966476,-17.09916033097848,0.011771504767239094,-129.50462341308594,0.24024060368537903,1.0404683351516724,11.840940475463867,495.3137661056971
6036193771355751296,240.79422626451873,-32.58602560036838,0.1763975888011281,0.021746689453721046,-24.308350743547955,0.02762754075229168,-7.013774038220609,0.018363360315561295,83.70137786865234,4.939323425292969,0.9773320555686951,14.402901649475098,495.2555379953299
4494886379977903104,269.49558126104216,10.508392084522674,0.13856200031853805,0.017090000212192535,-10.342116438634772,0.014748923480510712,-16.804398655010182,0.01391422376036644,-40.765953063964844,3.1991384029388428,1.0145649909973145,14.118260383605957,495.164585795181
1219043629937768064,241.3629928725083,24.924261964436262,0.24186531653660848,0.013043801300227642,-31.79173076637658,0.00893385149538517,1.3596864601464176,0.012976862490177155,-95.25201416015625,1.7306039333343506,1.0353509187698364,13.48146915435791,495.0940811641535
5985137914572164992,239.6144378757218,-45.969749455110524,0.19913412958490267,0.019363734871149063,-25.368358567968823,0.019710417836904526,-13.545051307634607,0.0162864550948143,243.8097381591797,1.5648616552352905,1.084561824798584,13.917573928833008,495.0698846816286
6023497916744691968,244.3636790468199,-33.664845494801305,0.1404352047326406,0.015115967951714993,-16.27625993570478,0.017898250371217728,-11.001643877117843,0.013003842905163765,-183.30038452148438,0.5865276455879211,0.871038556098938,12.039056777954102,494.47720005408445
6518973074939222016,340.7170864901563,-47.707325952597394,0.2537524676905558,0.01604536548256874,30.59737131249063,0.010898267850279808,-11.977980164139359,0.01836617849767208,14.611017227172852,1.5785802602767944,1.0137720108032227,12.90482234954834,494.4506669555918
3714930764379927936,205.0343145901355,5.128591880878018,0.13177792712057557,0.015927398577332497,-14.704808436042931,0.018987592309713364,-8.391247243256236,0.014153300784528255,-270.7809753417969,0.8903727531433105,0.9688780307769775,12.796799659729004,494.35692614788644
5823015955847942144,241.03341262358484,-64.80605866263954,0.20076537035023276,0.014383384957909584,-13.342440534741213,0.008764160796999931,-24.04177886800484,0.013133291155099869,-9.422754287719727,3.263667583465576,0.965888261795044,13.538521766662598,494.3427975418062
4348769668426471808,242.09799633555545,-7.378330308654757,0.1875239015625285,0.019033469259738922,7.687021403983877,0.023799585178494453,-19.208046325276484,0.013811327517032623,144.0719451904297,2.9659366607666016,0.9621533155441284,13.82237720489502,494.0920093759035
2204746355315952640,334.06275029562033,61.93544322680851,0.18753843078209717,0.015292314812541008,4.985096302656498,0.020512526854872704,19.673762577151596,0.015972530469298363,-437.34564208984375,3.684624671936035,1.030145287513733,14.398319244384766,494.08837844728794
6760063431941862144,284.58556392810016,-31.77176084186625,0.11876174748270668,0.013210616074502468,-13.683070686521278,0.015062696300446987,-9.39170719488906,0.01301716361194849,44.999755859375,0.3780781626701355,1.002724289894104,12.148436546325684,494.04958138336553
6870442549561254016,298.95825008791303,-18.14929927868489,0.15172621730610442,0.017944369465112686,-16.098300018171603,0.018924474716186523,-12.636344595395467,0.012172486633062363,-80.72755432128906,0.2883790135383606,1.005523681640625,11.410598754882812,493.86756934962654
6724407438089237760,272.2710487409702,-42.385522007872446,0.23220344573185256,0.01575714722275734,-19.817801012436814,0.015578002668917179,-27.128152871518708,0.011724082753062248,238.7499237060547,2.9789187908172607,0.9950618147850037,12.035225868225098,493.8371043611803
5913553591553500160,257.9843564150303,-61.99141005169685,0.12258816514485155,0.015146631747484207,-2.9678842486313415,0.01348311547189951,-17.003670583100426,0.012770895846188068,184.2815399169922,2.35227370262146,0.9833069443702698,13.790966987609863,493.59362727758895
5794236410769810560,230.20452801765407,-74.04611745210292,0.11744874561737859,0.012227162718772888,-13.369098270712236,0.010431173257529736,-7.275900981301591,0.01297241635620594,-63.46653366088867,3.6329386234283447,1.007303237915039,13.566457748413086,493.5764528443797
3687816326602695040,197.8901323100496,0.38828033827580155,0.28296450463434347,0.022030765190720558,13.642710478130486,0.02911679819226265,-28.964309328570383,0.017965154722332954,151.126953125,3.8460865020751953,0.9888680577278137,13.75378704071045,493.14736875933306
1372772466649676544,236.72133815456598,35.219057510782136,0.1124319334592385,0.013466209173202515,-3.151682940173127,0.012022814713418484,-14.500618947926075,0.015640988945961,-210.78366088867188,3.823712110519409,0.9881402850151062,14.101922988891602,493.00087445826654
4401313611123147264,232.78954546744683,-4.909055554506775,0.17689337872149938,0.019377484917640686,-20.807706180952426,0.021335957571864128,-9.103941793529227,0.016838913783431053,278.0239562988281,3.4857802391052246,0.9351447224617004,13.56220531463623,492.82296351873543
4476247046548258432,270.30297478230045,8.418843728032037,0.1885389662139328,0.016963887959718704,-20.61591068313348,0.012784113176167011,-17.504608676171408,0.014303652569651604,-174.5680694580078,1.4806877374649048,1.0782920122146606,13.175826072692871,492.7671462111401
4371670056088264192,267.8228153011325,-0.013508487868705302,0.13088993655146441,0.016311366111040115,-1.7401183851357778,0.017825830727815628,-18.060703744054948,0.013076393865048885,7.7687859535217285,3.3579821586608887,1.057458519935608,13.822908401489258,492.7360684168604
1706082544661971200,251.73466671510056,78.3454698475449,0.10352496601936627,0.010642342269420624,-2.6674943300851472,0.012340785935521126,10.754197347052873,0.012871401384472847,-391.3089599609375,1.7179760932922363,0.9614627361297607,13.294569969177246,492.61993653537263
4094868313079412352,274.1023086711809,-18.702338757282746,0.25225729662915375,0.022804077714681625,-5.224502169890358,0.030235718935728073,-36.364366795725935,0.022237947210669518,-210.7872772216797,4.003830909729004,1.152603030204773,14.267178535461426,492.5765116910623
4108642685519012608,257.45058819696715,-27.283160864074873,0.17392367529901787,0.01730889268219471,-19.091930468037397,0.02158283069729805,-6.693773136703354,0.013675772584974766,-310.3073425292969,2.665036201477051,0.8058640360832214,10.622015953063965,492.52917788146397
5952100987450137216,263.19909134787616,-46.02880724882518,0.19132050423831068,0.013806188479065895,-13.131564156176395,0.016984324902296066,-21.154350804644842,0.011939401738345623,-261.2373962402344,0.7729002237319946,0.9028914570808411,12.249621391296387,492.422005019451
6796230703003733504,306.00464206779384,-31.609301525952326,0.36351170255139914,0.019495271146297455,-33.12600447531088,0.019415266811847687,-37.19022999116674,0.016879240050911903,69.49573516845703,3.97666072845459,1.033725380897522,14.157524108886719,492.41765895861755
4502346772530424192,271.5418566681057,17.249570908190336,0.1726131446576764,0.01819346658885479,-1.3555417301372212,0.015528413467109203,-22.612453176749614,0.017159458249807358,-206.67010498046875,3.6282498836517334,0.9956376552581787,14.446264266967773,492.08877308163125
6309115750176607232,227.8307897998644,-13.387681818230044,0.18463998126582198,0.016104454174637794,6.516491659438575,0.018603701144456863,-21.009687035268904,0.015421944670379162,-3.3437609672546387,2.558166265487671,1.0647401809692383,13.256061553955078,492.04875718676027
5916994685010365440,254.5054575841761,-57.20250724566036,0.22004833808657628,0.012522723525762558,-10.590406710776971,0.013175114057958126,-25.307881089413954,0.010948390699923038,-202.2489776611328,0.8388538360595703,0.8746424317359924,12.25733757019043,491.39539098322916
4338779849367333504,250.08349763193772,-8.770193398241467,0.2973130951821041,0.020180966705083847,-35.377620162124494,0.022989949211478233,3.5469892990733083,0.016413258388638496,-135.7035675048828,2.325650453567505,1.0259941816329956,14.012446403503418,491.20904960670504
1303675273309911808,244.40355123527695,26.310324284509555,0.1532306692165712,0.014712289907038212,4.10614925121309,0.010681219398975372,-17.23488188589643,0.017734764143824577,-80.76927947998047,2.4724864959716797,0.9446865916252136,14.02568244934082,491.1029715228247
4087055728863402752,287.3252036217608,-18.982653438209226,0.22292974632989537,0.014840513467788696,-18.659623946279186,0.016903847455978394,-27.582982607301286,0.01531062088906765,-50.97593688964844,2.1198740005493164,0.8216010332107544,13.064544677734375,490.65240377871817
1199236202841934592,241.4708522638995,16.6751179521702,0.19144973243504343,0.015173099003732204,-18.782021261390916,0.015408286824822426,8.816020737409762,0.01462659053504467,-172.8203582763672,2.244230031967163,0.9915101528167725,13.54769515991211,490.55214539700904
4536536670713820288,276.2338192456418,24.070101488407605,0.10766204180198143,0.011524084024131298,-8.558490161152742,0.009011004120111465,-8.531232168827048,0.011332375928759575,-501.8899230957031,1.8996766805648804,0.9559203386306763,13.590559005737305,490.5487972364107
5950076138038771456,262.7919131169134,-47.73860348827592,0.11097523073926518,0.013860559090971947,-14.099825095937616,0.015326479449868202,-2.0941334116099526,0.010037620551884174,2.4129347801208496,0.6662978529930115,0.960832953453064,12.642090797424316,490.50456614116865
6656565788242940928,286.7580760514804,-52.50980502667115,0.1862536234919221,0.01692816987633705,8.441471469572898,0.013048924505710602,-22.869089536004896,0.010834822431206703,-127.7950439453125,4.200717926025391,0.9579938054084778,13.986351013183594,490.48418418929117
1193348111917158912,239.05622226080789,16.296261529471664,0.1478062869692178,0.017773229628801346,-19.944489344865577,0.014703278429806232,-8.227033238924433,0.014650429598987103,-108.83546447753906,3.9552977085113525,0.999833881855011,13.83155345916748,490.44241708418815
6492391900301222656,348.6466493999394,-58.42957671073689,0.12553876043231849,0.012144428677856922,7.512346449438818,0.010258317925035954,-15.868412674759636,0.011495906859636307,-150.38589477539062,1.3633748292922974,1.0015813112258911,13.34945297241211,490.4328436348512
4548481661958116224,257.95734736921946,18.58974506166924,0.1643010453231478,0.013671556487679482,-5.030589447203287,0.008850766345858574,-21.5790331461036,0.011446710675954819,-57.23965835571289,1.072495937347412,1.0504106283187866,12.88282585144043,490.3186018735011
5957920702494020224,267.63431253134297,-40.326591178924545,0.14391370675019113,0.01696082390844822,-6.082927380078067,0.016665179282426834,-21.061248474993867,0.011162351816892624,84.14984130859375,0.9496728777885437,0.8551749587059021,12.344058990478516,490.1997087052511
5803941593746114944,265.0857761031715,-71.43373704753135,0.13498643330079185,0.014474481344223022,-8.420010206789323,0.010580719448626041,-17.716549592939796,0.013958411291241646,118.94210815429688,2.95192289352417,0.9397594928741455,13.932324409484863,489.9951666333144
4443675320241231744,256.710561534494,9.445920794372045,0.1186350919713267,0.014431474730372429,-6.728407026508902,0.01372056920081377,-15.369789849539892,0.012720453552901745,-261.4894104003906,2.100066900253296,1.0605487823486328,13.348199844360352,489.93813373832285
6830792682790617344,324.46818926588907,-18.73884183776771,0.2033301603723368,0.01734817773103714,-1.3068706004655821,0.01878407783806324,-29.951136513742043,0.015906350687146187,-200.78118896484375,2.7155601978302,1.0554158687591553,13.36153793334961,489.92152262446257
1307097228373961344,254.87953679611724,28.133772984696076,0.10780734065311406,0.011880368925631046,-2.318195307684954,0.010855828411877155,-13.527805685189666,0.01249496079981327,-267.1163330078125,1.4646317958831787,1.0441330671310425,13.623888969421387,489.8252187856761
4600971075753862144,264.56601754769724,32.53806132737339,0.14006176490033767,0.01628236658871174,-4.886937989945945,0.016362139955163002,-16.854468195420928,0.0164360199123621,-290.0904846191406,4.908011436462402,0.993000328540802,14.282134056091309,489.5216465129239
1268023196461923712,225.7835776423352,26.246317568257627,0.24676334709539743,0.014065294526517391,-29.68816003948315,0.011214401572942734,-18.793814772102046,0.013534861616790295,-276.2157287597656,1.2611764669418335,0.9277045726776123,12.986024856567383,489.5082751942016
4344342484851492352,246.17704597324544,-10.2056468702219,0.13051173215411968,0.01626804657280445,6.466078041200483,0.020911037921905518,-12.16188704154279,0.013300610706210136,-191.36380004882812,0.4975322484970093,1.1687239408493042,12.718446731567383,489.49300683194076
1192061374074988544,239.85429437114988,14.181011058741259,0.17447889275347386,0.015721121802926064,-0.5411436552577036,0.013134094886481762,-21.104669228434677,0.013388616964221,133.09555053710938,3.622499704360962,1.05464506149292,13.671619415283203,489.2952854313566
4578620924942910080,274.88114395952454,24.24860534005393,0.17907208923318532,0.01292451936751604,-6.736532335271027,0.009913413785398006,-22.387241776409148,0.013445340096950531,-161.80807495117188,2.1957528591156006,0.9491983652114868,13.9893798828125,488.6300871119563
4252998456132788224,280.36050700788724,-6.494461055769662,0.2604521063630293,0.01995687000453472,-19.863782490335833,0.019802257418632507,-26.05610736796567,0.017533130943775177,176.3917999267578,2.922978162765503,1.013934850692749,13.317302703857422,488.6212111605215
6212927724202092160,231.00263630525723,-28.879010707426,0.18204393266095198,0.017825216054916382,-21.616039845604675,0.019698405638337135,-10.050933118695713,0.015454079955816269,-201.2269287109375,2.1117947101593018,0.9411460757255554,13.84097957611084,488.3938726249265
6890823951787262336,319.92380465279604,-13.273274898524972,0.18218294153554523,0.016516024246811867,19.216428902672128,0.016739841550588608,-10.470103967715232,0.013692859560251236,-188.50770568847656,1.8117693662643433,0.9661601185798645,13.39897346496582,488.3439500949365
4408563069245443712,244.27164499161148,0.7405694537114375,0.21352303182745097,0.018868785351514816,-6.499642445914717,0.016811301931738853,-30.040040724466284,0.011883665807545185,-97.64151763916016,2.9004197120666504,0.9852022528648376,13.957173347473145,488.3043615505764
6324158409273864448,220.90442760320272,-11.124458578211476,0.2356617890717085,0.026441087946295738,-30.56349837124325,0.02507718652486801,-7.838790372082282,0.020988404750823975,233.96759033203125,3.7430520057678223,1.109598159790039,14.104630470275879,488.17616774855804
5994611787799039872,239.32399074979182,-43.550875881184616,0.12422991991562218,0.015490538440644741,-14.341055727765237,0.01763525791466236,-11.756832668541307,0.012722842395305634,7.028327465057373,0.41431429982185364,1.0140302181243896,13.17565631866455,488.0340983537709
5799285329500341248,227.06564949333702,-69.4238743407956,0.11746123485227317,0.009881465695798397,-14.204703638941576,0.007863939739763737,-8.403126386136632,0.00949037168174982,217.1911163330078,0.48363956809043884,0.937619149684906,12.180453300476074,488.0177528644303
6349566508084707200,315.66028871709256,-80.5965533764341,0.16834673476657125,0.016280198469758034,13.084778371293929,0.01642720215022564,-18.510741293936274,0.017569422721862793,122.27024841308594,2.9655556678771973,1.0757532119750977,13.97188663482666,487.8884315593461
5829065468824375424,241.7448339429859,-64.1547103382132,0.16060790118222243,0.016379429027438164,-14.407075446011216,0.011607713997364044,-16.867945598734977,0.014557598158717155,-31.36764144897461,4.991449356079102,0.9942729473114014,14.058785438537598,487.8738222846328
6091156055518926208,215.33464840845937,-50.7246742674826,0.13464950527688108,0.016226015985012054,-18.437141066766845,0.022911367937922478,-4.191965252645201,0.018933551385998726,115.43534088134766,0.47008198499679565,1.0867564678192139,12.508386611938477,487.8290065921797
6790317563828425728,319.28401732804235,-28.243391370227283,0.19090207765124173,0.022764602676033974,-16.294009556508893,0.020684225484728813,-18.451615557206722,0.01686050184071064,42.066558837890625,4.4129438400268555,1.0982624292373657,13.962953567504883,487.767628453119
6710294282930723072,280.0973130454388,-42.918181825040215,0.1215295559829417,0.01427620742470026,3.2107086178544915,0.014867370016872883,-15.916727026157107,0.012498888187110424,-171.3149871826172,0.580595850944519,1.0572952032089233,12.106264114379883,487.75991583773697
4538613132784659072,279.7997699340001,26.77553082223591,0.1603370196058683,0.014368877746164799,-9.386929296832555,0.012141576036810875,-18.009550588209763,0.016343720257282257,-85.12439727783203,3.8737831115722656,1.0339384078979492,14.228742599487305,487.44441848200256
1565159685518596096,202.56082419344162,55.37593366213934,0.20829183379401525,0.010364758782088757,-20.730676097110077,0.011315499432384968,-22.839082963426314,0.010526604019105434,-74.40779113769531,2.4446640014648438,0.9763641357421875,13.07630729675293,487.23190046365244
5965697891834248704,257.9440520659029,-42.22756129363218,0.2396234433532114,0.02886759489774704,-13.056008293655402,0.03825373575091362,-33.46902457884882,0.02626025676727295,-34.885040283203125,2.6148881912231445,0.9898418188095093,15.225959777832031,487.2243969881948
6199825801908510080,229.37186437333827,-36.42200946174269,0.24603620763754452,0.019066456705331802,-32.04324898382749,0.017088742926716805,-6.285309071627859,0.013796892948448658,-87.00725555419922,2.7846055030822754,1.0124611854553223,13.249452590942383,487.14582909329727
4224397654728773248,309.2325271985122,-4.487681836576234,0.18849586906957363,0.016728557646274567,1.885274639530471,0.01799102872610092,-24.104187393076387,0.014507506974041462,99.36321258544922,2.213129997253418,1.0400301218032837,13.796183586120605,486.8819957070417
6731843366505092992,282.4739039115237,-36.27389078245518,0.11938727161907703,0.01440761424601078,-2.7732220614586036,0.015661336481571198,-17.001147783113574,0.012382918037474155,188.49896240234375,0.5007768273353577,1.0719038248062134,12.30697250366211,486.80557700458155
4519596804324435456,286.89549170431377,20.756787000939067,0.15095834068565386,0.016370519995689392,-12.768006892748351,0.013825858943164349,-14.882987613436216,0.015374846756458282,-126.53317260742188,3.300748586654663,1.0158945322036743,13.79060173034668,486.5862627312766
4128032293845948672,256.1133268448355,-20.016053345888036,0.1486043768313638,0.016284406185150146,-0.6153826534435097,0.0197617020457983,-15.894135267005728,0.013544433750212193,-382.065185546875,2.225078821182251,0.9891063570976257,12.669595718383789,486.2455145852614
3723689714525034112,208.91107795864167,9.533767028535218,0.1275602411382993,0.015267281793057919,-16.512436061674112,0.018094928935170174,-8.766463340297626,0.011433856561779976,-101.37625122070312,3.034536600112915,1.0748687982559204,13.486241340637207,486.14808385578056
4388186644880320128,257.3814883015878,3.3315021626050596,0.13680986338062376,0.01387477945536375,-17.14024960686644,0.014161426573991776,-1.2080921568966911,0.010274245403707027,-206.01319885253906,1.5828763246536255,1.0610105991363525,13.291482925415039,485.8748734871063
6865283739782502656,298.1807231696413,-21.21413641133507,0.2362729739185276,0.019944248721003532,-9.87099969271242,0.019557492807507515,-32.68225379971136,0.013468213379383087,82.3856430053711,0.3192782998085022,1.1731687784194946,11.164786338806152,485.80554041847273
4587512503678146176,279.81211228952617,29.186048967366194,0.3011148030076866,0.010501139797270298,-5.446784665980646,0.010304282419383526,-35.297450734247995,0.011622807011008263,-72.78732299804688,2.742543935775757,1.0081723928451538,13.407629013061523,485.80464915322807
3728098580058080128,206.99675212029516,12.22912682137829,0.17200572560908273,0.020520659163594246,-17.718902484848336,0.019089240580797195,-6.040732200268091,0.014885718002915382,364.3065185546875,0.603895902633667,1.0169838666915894,11.02734375,485.57543483313975
6033748457501884928,252.2245905185454,-27.921112636536886,0.11841770187097098,0.01340661384165287,-14.48321006801903,0.017788339406251907,-7.705150809990973,0.011904779821634293,200.00904846191406,0.5401808023452759,0.8859043717384338,12.333703994750977,485.5482334419752
4523381151527257216,275.23662687604383,17.50329228261096,0.12512335294651822,0.013745222240686417,-7.089530981085301,0.010911187157034874,-15.444832852144998,0.012756424024701118,-123.07696533203125,2.2636425495147705,1.0107722282409668,12.914885520935059,485.39360590359405
785709604755443456,171.7947901872858,46.880763722777296,0.291577295933543,0.021943869069218636,-34.64202149555702,0.01413156557828188,-15.401251049206836,0.016700269654393196,112.58588409423828,4.887974739074707,1.0772790908813477,14.402276039123535,485.3874297233922
5353013183518841728,162.19345035118238,-55.026464811532385,0.24729862071850545,0.01722358539700508,-9.350045438928422,0.018481625244021416,25.51834129368387,0.015667889267206192,274.8642883300781,0.5342338681221008,0.9911282062530518,11.412613868713379,485.30474928368756
5945708839162498304,267.1760496352115,-50.97224423022172,0.1974197338183044,0.013665856793522835,-11.012346707564255,0.014396476559340954,-24.185713780332044,0.01099453866481781,336.6956787109375,2.010561466217041,0.9736909866333008,13.194602012634277,485.1368187305887
5242575280666939648,146.08314215096146,-70.64807081375477,0.18319524947234855,0.013907385058701038,-14.750413684311521,0.016845470294356346,16.790570244671613,0.015222802758216858,252.2070770263672,3.3949670791625977,1.0176634788513184,14.225533485412598,485.11780589138704
4593398670455374592,274.8965475484641,33.81893225261359,0.2253603104755352,0.009751977398991585,-1.1767654500562008,0.010340438224375248,-25.869578247739597,0.010246195830404758,-314.41583251953125,0.6517803072929382,0.963840901851654,12.232053756713867,485.00665045090176
4979998778528457600,7.896308901578832,-45.620833786476545,0.15102742725571097,0.015890082344412804,19.153297690221184,0.010924708098173141,-10.26421367640943,0.013153841719031334,7.758522987365723,3.7356417179107666,0.9617326259613037,13.944679260253906,484.7736196927718
4483399232252203904,276.04228506272904,10.393775332949236,0.16172902176656412,0.01746937446296215,-8.422838859429541,0.01708252914249897,-20.26552711953325,0.017514677718281746,-23.585662841796875,4.624054908752441,0.9919580817222595,13.871055603027344,484.69580692382664
6806909812767734272,311.49561005507877,-23.904067407058474,0.24572806881222906,0.02212369255721569,-20.87759309757535,0.02017117477953434,-23.24803763006118,0.016526611521840096,92.5438461303711,2.5072836875915527,0.9185192584991455,13.427560806274414,484.43839153519997
5994044882145268352,244.32277729526726,-40.59411998991497,0.20996097625575674,0.022729959338903427,-19.66988926579497,0.023528657853603363,-14.771084989015916,0.01780851185321808,-284.5265197753906,4.19459867477417,1.0477161407470703,14.35140609741211,484.42909565703684
6771544193063350656,291.5126469015864,-23.13547455476525,0.16054664429360593,0.014816764742136002,-14.82284397398527,0.015382056124508381,-14.960553021031933,0.013114586472511292,144.7192840576172,2.5508923530578613,0.940679669380188,13.440135955810547,484.37396789857394
4274974330625358208,273.9994126885114,0.41959147296155475,0.17601163105202022,0.0184099692851305,-2.430471934151402,0.019768737256526947,-21.128291706103774,0.017930425703525543,154.2732391357422,3.1057558059692383,1.0810184478759766,13.989768981933594,484.18991764705675
1342335888849476864,265.2141218933071,37.65144466876617,0.25622691424030414,0.011973561719059944,-19.087589067650455,0.01311047188937664,18.254896872439055,0.014956939034163952,-91.74603271484375,4.044504165649414,0.9945732951164246,14.007987022399902,484.0170593165759
5857319378624374912,193.73659996102919,-67.81817453637588,0.18841912524786575,0.012238853611052036,-11.406984787039342,0.011683937162160873,-17.063409241957032,0.013713432475924492,351.50537109375,1.0962177515029907,0.8507174253463745,13.176179885864258,483.8747450680947
1479263706853552896,213.08823163579913,34.47390910257645,0.28576512524192643,0.013760756701231003,-31.49929990499099,0.005876483395695686,-26.495235603307556,0.012315591797232628,-253.63973999023438,0.8819968104362488,1.0830082893371582,12.631878852844238,483.80018399722434
4709163672760735488,16.46066591470356,-64.08310088051056,0.5641917187307653,0.01523159071803093,66.41408991990924,0.01656908541917801,-31.391323457289847,0.017252117395401,-100.48902130126953,3.629655361175537,0.9200999140739441,11.572026252746582,483.74329180840937
1352963935745255424,254.0147180864424,40.15034132778806,0.2902142237796794,0.01150373462587595,-7.472176252493254,0.012549072504043579,-31.707739317935523,0.013766055926680565,-392.4934387207031,3.2581708431243896,0.9760545492172241,12.727407455444336,483.7402769729061
4521807265049342976,276.83548527486704,15.82498374556042,0.18378751008169522,0.021929092705249786,-0.3672258860348405,0.020763272419571877,-22.932205604351637,0.02088777720928192,-319.20623779296875,4.2567925453186035,0.9948561191558838,15.003583908081055,483.7332013534241
5242967424059352192,152.12698323501172,-69.62151515689757,0.11823507684132652,0.012691982090473175,-9.904648363279467,0.01617257297039032,9.83774831214836,0.013009839691221714,368.9763488769531,3.726660966873169,0.9775885343551636,13.673534393310547,483.73294489379714
5806969030297765888,245.8118751706287,-70.97926921787757,0.14978613778116093,0.01576465554535389,-13.587257766988301,0.01188824325799942,-15.274247787626964,0.01530692633241415,-10.1904296875,2.4844565391540527,1.0220439434051514,14.321060180664062,483.6051739591469
5825229100979112064,228.2058147839855,-64.69814204805559,0.19097834400667585,0.01461560744792223,-22.92952580372536,0.006109972950071096,-11.074246859658178,0.013171423226594925,351.05889892578125,1.6261066198349,0.9998482465744019,13.919272422790527,483.58367967372004
4291636123685597696,295.72751029872876,6.240183676112918,0.13196124444620164,0.012386230751872063,-5.333401535790385,0.01268035639077425,-16.941446776985593,0.009867620654404163,-58.40106201171875,3.16562819480896,0.9613965153694153,13.220941543579102,483.29840971820073
6279560224787051776,217.37072223551127,-21.54867795371356,0.2323053959780352,0.021612970158457756,-29.18000569763887,0.02448723092675209,0.6190999095716981,0.020980942994356155,-54.94762420654297,4.333520412445068,0.9746577739715576,14.158727645874023,483.26129873386293
2121857472227927168,275.1244597674299,47.49786225113474,0.0816720363488231,0.009517842903733253,-5.308873525842059,0.010830205865204334,-7.011199254649991,0.012021170929074287,-435.29571533203125,0.9953673481941223,1.0299636125564575,13.25314998626709,483.2410102400629
6015369360411545472,238.48769366792874,-32.63969882993247,0.13209352049773826,0.0157606303691864,-13.46550429151754,0.018430951982736588,4.734170002144369,0.011597296223044395,-38.84354782104492,0.5191082954406738,1.1025077104568481,12.453313827514648,483.2374967818002
3711095766606269056,202.2181313429894,0.9495643877612514,0.2607589890957961,0.019251931458711624,-30.05727516890064,0.01983443647623062,5.08849486711203,0.010529682971537113,-19.406068801879883,1.3827543258666992,0.9574862122535706,12.929052352905273,483.05224475018144
4358782233619249152,246.02204488428342,-2.2998449897807887,0.12602777808291885,0.015618386678397655,1.5134025994383948,0.01851763390004635,-15.475784066253443,0.012642868794500828,114.9322509765625,0.500565767288208,1.0467138290405273,12.751017570495605,483.0144183233307
5830453567907178368,248.11343969709927,-60.72863445063283,0.14269843043302097,0.014814662747085094,-12.616225277902277,0.013878634199500084,-16.576767048867474,0.013820166699588299,153.72491455078125,1.219590663909912,0.9721934199333191,13.461447715759277,482.8654712323441
1757514434435196032,316.3148223617681,12.881549258836998,0.1723695165926688,0.01962205395102501,-11.166269253813818,0.017929814755916595,-18.18812260144856,0.012827298603951931,-251.5238800048828,2.912278413772583,0.9930936098098755,14.01314640045166,482.7881688380984
5992152936221770240,245.4572826006469,-43.89303894060832,0.1610192476477261,0.019042236730456352,-11.57769401315095,0.018369993194937706,-21.042161012922126,0.013315743766725063,94.35231018066406,1.6712193489074707,1.019079327583313,14.01041316986084,482.78561914453064
2124804988023566464,272.1021661111965,51.27128402655772,0.1586205203734962,0.008553159423172474,-4.356357626413588,0.011076992377638817,-16.628293215795853,0.012704379856586456,-229.0023193359375,1.4645516872406006,0.9967825412750244,13.1488676071167,482.7806682140395
4405638299599443072,243.33423331421415,-1.4159323296741708,0.15660740933909856,0.017243757843971252,-1.3032677416745424,0.016980202868580818,-20.339688857670314,0.009726927615702152,123.63184356689453,1.2208806276321411,0.9704411625862122,13.30736255645752,482.70894887440386
6757596235239052544,286.61565759880875,-30.61891232780772,0.12447998231003876,0.01415251288563013,-6.598655476614497,0.0164104662835598,-11.25410395357352,0.013786572962999344,367.0015869140625,0.8510802984237671,1.0061708688735962,12.743672370910645,482.68819144487213
4390356187480924800,260.5993766133891,5.417311523588392,0.19539111148654942,0.019918527454137802,-8.894953866905414,0.019376512616872787,-25.116018199897923,0.014338793233036995,63.91312026977539,3.200681686401367,0.9731826782226562,14.31505298614502,482.6259650034167
5913871178615241856,259.583679276639,-61.22109102051205,0.19523882827620465,0.016230814158916473,-11.87205954905417,0.012503469362854958,-22.287742726523426,0.013182233087718487,-161.96664428710938,3.352369546890259,0.8496665358543396,13.754076957702637,482.4041024851425
4458473093187331584,242.3473326057651,13.893626820180856,0.3678801617906935,0.014983364380896091,-45.94264522277644,0.013143316842615604,-19.829880222760572,0.0126585578545928,-284.6146545410156,1.2184879779815674,1.123356819152832,12.354598045349121,482.3690760145304
6025261121079609344,247.44470486366842,-32.563451805399836,0.41570441171596506,0.018028145655989647,-24.627802436591484,0.021288976073265076,-41.94739544730846,0.016815317794680595,-324.83099365234375,2.791027069091797,1.1016795635223389,13.626446723937988,482.1700402521286
1165916774270711680,234.0271611209243,10.188447125795973,0.16534011245831615,0.013978534378111362,-22.307337225021435,0.015826405957341194,-8.736848122830684,0.014637310057878494,-69.1082534790039,2.151097536087036,1.0392886400222778,13.44327449798584,482.14865144606296
4518099166403111808,285.48522482402154,19.618979609544976,0.26601429530667464,0.019505826756358147,-13.394774338818038,0.016063762828707695,-30.742604089669626,0.017963185906410217,-45.87202072143555,2.6666550636291504,1.1055502891540527,14.148787498474121,482.11584479950864
1182926871987904256,229.93766963074538,14.297929525047046,0.1295953639723382,0.01597629301249981,-1.2018007282197554,0.015230820514261723,-17.376807839793926,0.014171415008604527,-33.23979949951172,1.4427471160888672,0.9301262497901917,12.931968688964844,482.05651416815255
3692815595520316416,196.81509081783744,3.7042479062195133,0.21687383770489604,0.02112986519932747,-6.272811572841988,0.02474977634847164,-30.204355515372306,0.023282526060938835,141.4077606201172,3.221461772918701,1.064597249031067,13.574198722839355,481.82055246856686
6330617490331097600,221.0765487227685,-6.970805174772807,0.16061179670370537,0.019663600251078606,8.802188144320235,0.025368081405758858,-13.561032370894345,0.022101877257227898,-0.6121274828910828,4.057342052459717,0.9380263090133667,14.188909530639648,481.51132065448354
1251234959575496064,205.64882090401824,21.964415540569377,0.3621957234874912,0.02454245649278164,11.899902150937473,0.025325972586870193,-41.88913216376898,0.01763535477221012,17.354955673217773,4.366124153137207,1.1513646841049194,14.686284065246582,481.4272059610887
4363929975262450176,261.44067755213797,-2.9890568917802463,0.26067404923290866,0.02315855212509632,10.963907557218672,0.024370800703763962,-26.31657778403497,0.017065193504095078,98.36767578125,3.57008695602417,1.0203795433044434,14.55636978149414,481.3508104936853
5793152189225305600,218.86327491224435,-75.05116184234564,0.18849483901487435,0.01422616746276617,-21.16185439472503,0.014104546047747135,-13.510409823497975,0.01507094781845808,106.89391326904297,3.9860873222351074,0.9297389984130859,14.0274076461792,481.34014619265633
5267385073348734592,107.79804671263086,-70.72190743896972,0.09915815210739562,0.01045786403119564,0.17923501414223475,0.01335985492914915,11.15196224342835,0.011748520657420158,378.5885009765625,0.7960854768753052,1.1333941221237183,13.07239818572998,481.3111512146313
6029691878132700160,254.11363999338204,-29.484336942468445,0.23268309335807963,0.023816397413611412,-24.49336645116292,0.025109177455306053,-16.248744650308748,0.017012489959597588,-281.88836669921875,4.0470991134643555,0.9649410247802734,13.807116508483887,481.16668977274065
2619133591824643072,331.3654006913391,-8.815746403390367,0.2078082540394463,0.02593781240284443,-12.646372881089068,0.022229734808206558,-22.052899582162134,0.023202788084745407,-287.1925354003906,0.34831303358078003,1.070103406906128,11.5535888671875,481.1010147715335
5917803925541834880,268.6371529503254,-59.86455094782198,0.1357313885557964,0.01675419695675373,-1.8574118515679052,0.015331326052546501,-18.05456442456918,0.014862073585391045,-98.30490112304688,1.9597338438034058,0.9941537380218506,13.715407371520996,480.8932484179057
6782909879114518016,320.9344821387536,-33.33412734246164,0.22289952619564501,0.025252072140574455,11.300263134327833,0.023875631392002106,-25.293899185657914,0.02075856178998947,-348.97161865234375,4.444968223571777,1.0052239894866943,14.202188491821289,480.71651264480425
5797094591250408320,220.20177593733308,-72.01625287662858,0.19101588869402425,0.013588311150670052,-19.71133950290603,0.011342228390276432,-13.00660077326334,0.01448352076113224,-52.384765625,3.4441561698913574,0.9656169414520264,13.94225788116455,480.5671268760261
4132250093475062912,254.07283129556453,-18.190197327885272,0.13067224763662233,0.014904012903571129,-3.810480903117404,0.018435541540384293,-13.490347000735182,0.013079396449029446,-407.8612365722656,1.1858062744140625,0.9240428805351257,12.937775611877441,480.4790297915035
6212677860185617664,227.3733443556605,-27.75761120454051,0.15966227388692245,0.01794404909014702,-20.377767887936066,0.01984517276287079,0.2987036065276253,0.01605067029595375,-14.816570281982422,3.386392831802368,1.0801911354064941,13.586833000183105,480.22230095713394
5833338136677299200,237.42078773657482,-61.148750278231,0.14079052849485613,0.013452412560582161,-9.035243505994181,0.013686094433069229,-16.59225051752054,0.01344588864594698,283.0430908203125,0.9158161878585815,0.8889181017875671,12.838069915771484,480.1476144129012
4331543344870726528,247.26244768721855,-11.82315325612556,0.2641180119220144,0.017651375383138657,-32.82677658333695,0.020750021561980247,-1.8207788110691907,0.014480037614703178,90.39383697509766,4.1674957275390625,1.004088044166565,13.87955093383789,480.14232200842486
6192489143068700416,199.94436822153605,-26.83917861823691,0.2361772061068764,0.018676117062568665,-28.901036876208973,0.018244097009301186,-1.3408716730631,0.014736638404428959,-53.797691345214844,2.9510858058929443,1.068267583847046,13.735886573791504,480.07491751465966
5848420549975225216,218.5852618993642,-67.36295588389271,0.21145039746029243,0.013559047132730484,-19.663700732663592,0.008809173479676247,-18.513386813985896,0.013075899332761765,6.206843376159668,1.9918544292449951,0.9846125841140747,13.4103364944458,480.0425467640441
5995294240909429888,240.27490968219408,-41.552923488958704,0.23391429704031927,0.016085557639598846,-22.725043288915124,0.02138763852417469,-24.780802684554054,0.016646865755319595,-84.68998718261719,1.3150436878204346,1.057149052619934,13.380054473876953,479.9515720818857
5833294568525675264,236.80753899981062,-61.702047877607285,0.1127607293455051,0.014013070613145828,-11.994740193485955,0.016260942444205284,-10.863578545870762,0.01610668934881687,153.73802185058594,0.5883998274803162,0.9733054637908936,13.272065162658691,479.708648501734
4122438734602019968,259.82346642219096,-18.797855611852388,0.16604146753772972,0.01600969210267067,-16.55070904862923,0.02133074402809143,2.8796256180050195,0.013720551505684853,-219.98379516601562,0.9266242980957031,0.9632627964019775,13.394489288330078,479.6830727473843
5957089132473433088,267.93741147455,-41.04540994150137,0.1667845228452305,0.014528827741742134,-15.086440760870165,0.015499570406973362,-19.11686266353287,0.010487423278391361,187.8341827392578,0.5531336665153503,0.8067697882652283,12.47145938873291,479.67294205745486
1250259761481175552,207.6662679012956,21.297602710977237,0.16425160531390576,0.020439105108380318,-21.500553734603567,0.018271489068865776,-10.860746195662465,0.015317833051085472,21.84503936767578,3.960442066192627,1.0277553796768188,14.010376930236816,479.5604351329414
5836585024540070272,240.49934067200041,-55.002243449954534,0.2058813805408678,0.016566945239901543,5.009201952369648,0.017114182934165,-21.064352732598568,0.014275041408836842,316.019775390625,0.31967729330062866,0.8123546242713928,12.765295028686523,479.3967909417062
5816677958493708032,257.1495245148532,-64.34495570503641,0.1597790213844587,0.01983560249209404,-4.3099108260038905,0.012027909979224205,-21.618560812477796,0.017610715702176094,99.3053970336914,2.526252508163452,1.0584348440170288,14.42292308807373,479.36228220476477
4205836141809214208,287.2377897147003,-6.764158853974779,0.17215937954402627,0.02012682519853115,-13.307379369355987,0.02173530124127865,-20.88031629573297,0.01895388402044773,-102.27325439453125,0.6775303483009338,1.0967702865600586,12.91799545288086,479.23606010260863
4381804976313495296,254.9831833535696,1.1803603064315846,0.18534027223502927,0.01627868413925171,-11.8519059285768,0.01564069278538227,-23.172514876309254,0.011659643612802029,87.83871459960938,2.390657424926758,0.9045032858848572,13.626187324523926,479.22718180019405
5809841779300962688,268.4860805560648,-70.94236920932,0.1724356763406581,0.014531392604112625,-10.265023751540024,0.010676195845007896,-21.858150395198116,0.013648787513375282,-1.763570785522461,2.1520469188690186,0.9630051255226135,14.059368133544922,479.1230904973044
4218913836188593152,305.6718250021034,-4.975627574482696,0.27708205573516453,0.019809553399682045,-24.494893290529816,0.020323017612099648,-26.85573204012117,0.014377428218722343,-115.60797119140625,2.6944656372070312,1.0039445161819458,13.749726295471191,479.11522020050427
6659020271854313088,291.7866138075347,-49.17008824448297,0.1970385177768194,0.013677749782800674,-18.596581930015656,0.013617428950965405,-16.339094660195517,0.01107324194163084,-199.3488006591797,0.43542778491973877,1.0622056722640991,11.880770683288574,478.95475116002535
6084097186563683072,202.5555191038848,-46.917197301571896,0.2662994730162122,0.020401015877723694,-34.70934179267377,0.01916229911148548,-9.710796473307987,0.016957715153694153,82.81622314453125,0.9315024614334106,1.168591022491455,11.104987144470215,478.9173315897897
5988157895062788736,238.8003457931687,-45.71793937760338,0.2598037192679251,0.01823998987674713,-28.288383485944625,0.019873760640621185,-24.97964128445011,0.01652327924966812,-23.376909255981445,3.94964337348938,0.9061871767044067,14.010866165161133,478.8664306658473
4454762486259697024,240.5153475817129,9.525192706280086,0.20109523691765643,0.01572629250586033,-3.6548746410398536,0.015749020501971245,-24.25105452043182,0.0119976457208395,170.80856323242188,2.6454381942749023,1.0359312295913696,13.622523307800293,478.85334801944583
1175135766952270976,223.1368380950575,11.139688653435565,0.12801918402368884,0.015371370129287243,-15.542413126222169,0.01567385345697403,1.7496154076231025,0.014112154021859169,24.423776626586914,0.5967174768447876,1.0264219045639038,12.029406547546387,478.6843820323199
1321141977590168448,238.1165379867734,30.556727231110493,0.22794146448929173,0.011326469480991364,-30.36499169626295,0.009194961749017239,-2.528768586884567,0.012114642187952995,-165.9888916015625,3.5969228744506836,1.0429937839508057,13.53792667388916,478.66868131072965
4344074272733985280,243.68177883828432,-11.050388425432544,0.21000451628769767,0.017754415050148964,-21.274236379951752,0.01965337060391903,-23.260726811888215,0.01647716946899891,-127.95050048828125,0.44240450859069824,1.0823791027069092,10.984203338623047,478.65756560408744
6030390617717966080,249.9246371818794,-32.3968400794767,0.14723744568255845,0.01753898151218891,-13.094151813781934,0.02138439007103443,-10.531792108040584,0.01704080030322075,-332.0947570800781,1.2151271104812622,0.9808121919631958,13.368423461914062,478.57921537708944
4180545214010859776,290.7586949305137,-17.609896407859488,0.1788228127734968,0.01854061521589756,-17.434578117594842,0.019970295950770378,-14.965420943168851,0.016978275030851364,103.15511322021484,4.855546951293945,1.1141847372055054,14.011977195739746,478.57692614795326
3652658029259658112,216.88774738186052,-1.1253296266969448,0.2062788002828499,0.015005110763013363,-5.606272891516646,0.017653023824095726,-24.93983252054455,0.014002839103341103,292.2745056152344,0.6932521462440491,0.9317401647567749,11.628945350646973,478.55299777743016
6756130689310082688,288.93017779352016,-33.08278328184561,0.15488229108703908,0.016064230352640152,-16.541749422091854,0.01781444251537323,-13.91855416340996,0.014931926503777504,-48.65690994262695,2.292374849319458,1.0162010192871094,13.669232368469238,478.5371102437789
4405654757910171776,240.50139309695837,-3.3253607432841132,0.17357962938307467,0.01668522134423256,-22.152180122971195,0.018793471157550812,-0.5388089860863914,0.014786789193749428,-82.09441375732422,2.4555461406707764,1.1048340797424316,13.154838562011719,478.5127129607425
1302346376069348224,246.33891522242632,24.773781011228102,0.14509235902363143,0.017460055649280548,0.5610614952277468,0.012589553371071815,-17.830365830916435,0.017365355044603348,-113.45370483398438,4.465670585632324,0.9797749519348145,14.456168174743652,478.48732207850685
3570934632797982080,183.62608600849555,-13.759682130058897,0.16192854967916498,0.019781503826379776,-19.203957945877153,0.022033315151929855,0.8936827016819728,0.018147677183151245,246.18319702148438,3.0792901515960693,1.1241971254348755,13.694225311279297,478.42806881260094
1242566547341043328,219.47234377829784,23.18904925767852,0.19642435522700155,0.023841658607125282,-26.431624006889407,0.017608510330319405,-4.768871720316261,0.020419344305992126,-122.58110809326172,4.990048885345459,1.0192276239395142,14.47212028503418,478.40201507624823
6656557095228727936,286.48089179865855,-52.67928243686647,0.1353708316178607,0.014332320541143417,2.363646537072506,0.010982261970639229,-18.792562865296365,0.009272727183997631,-86.20469665527344,2.0552866458892822,1.0509957075119019,13.420926094055176,478.3870707253113
1320449457063448704,240.18903546708825,30.042778923620347,0.4526438802876751,0.015648676082491875,-54.93010439229451,0.011502617038786411,-14.937230395576274,0.0159197598695755,-368.31719970703125,3.8091533184051514,1.0127794742584229,13.9493408203125,478.315580360556
4882090566610735360,63.1939085181819,-34.22448772543817,0.4236569630509548,0.010851919651031494,55.99737068158009,0.010609145276248455,-15.594601591603261,0.013729279860854149,216.36685180664062,2.321209192276001,1.0512100458145142,13.510114669799805,478.12652180530154
4576968423384308480,269.8786845511654,21.921251341608755,0.12362515699594673,0.011547649279236794,-0.997757974843842,0.006954878102988005,-13.031296019044678,0.01250631082803011,102.78861236572266,1.01728355884552,0.9598310589790344,13.467573165893555,477.9867986723283
5844888609379829248,194.95100624840447,-69.31737614740986,0.1091708822690125,0.01246294379234314,-13.571295175967608,0.012466094456613064,0.004739551199273922,0.014377458952367306,377.4006652832031,1.1710021495819092,1.067838430404663,13.488661766052246,477.5444137547204
4450042282840862720,242.2275467730294,6.694014566077617,0.14271209428297216,0.012609281577169895,-0.3277060705259136,0.011112328618764877,-17.35836273043577,0.008644595742225647,133.09999084472656,0.4991418421268463,0.9148275852203369,12.727198600769043,477.34920181562575
5812070764249853568,268.6170832884355,-68.00012541806933,0.10904744345028143,0.012660798616707325,-6.609831171034079,0.006909471470862627,-14.333668792264172,0.011204696260392666,148.8335723876953,0.829021155834198,1.026686191558838,13.491963386535645,477.08621497050615
5946923288437866368,264.3550475987555,-48.809831233837386,0.1716446373970787,0.01945759356021881,-6.782685070383728,0.021071631461381912,-20.06076923157375,0.014152184128761292,-252.08827209472656,0.40189406275749207,1.064674973487854,11.312474250793457,476.77096259344165
6701888447817891072,272.6816374915941,-51.90546371434338,0.22728312266460696,0.01723288558423519,-10.064657581922445,0.015595493838191032,-29.389954593776004,0.012957829050719738,300.0427551269531,3.3169915676116943,0.9886316657066345,13.502065658569336,476.7108125499203
4400737810628212992,235.74841360182765,-4.959026958758935,0.1375081584440643,0.014192706905305386,-17.790479292365468,0.017181284725666046,-0.9905478504587293,0.011497702449560165,-62.8299446105957,0.7830448150634766,1.056841254234314,13.055296897888184,476.3833251645785
2102080178625744512,288.1438695011609,40.71443723350435,0.16158854167597703,0.014395209029316902,-12.770173598058175,0.015158005058765411,-12.484110636151756,0.017585990950465202,-395.8883056640625,4.319157123565674,1.077865481376648,14.231012344360352,476.32395378703086
6250518102610184576,241.55875418466638,-16.345438797309896,0.1536520043176031,0.01888047531247139,0.7301288334087537,0.021410716697573662,-20.360918664601193,0.013865625485777855,-25.526853561401367,3.59621524810791,1.031351923942566,14.094795227050781,476.1415134188463
6731275060732347392,285.3410371711346,-36.451729836263794,0.17465653319418947,0.019744286313652992,7.466346796345958,0.022073306143283844,-20.680334297882297,0.018298840150237083,-212.47764587402344,4.01389741897583,1.1643975973129272,13.801651000976562,475.92995554811836
1359836093873456768,255.2869250936269,46.43231871446769,0.28351916169161073,0.010798316448926926,-7.075568586047222,0.013542404398322105,-30.399675999275267,0.013337066397070885,-34.24507522583008,0.9068892598152161,1.0284929275512695,12.634025573730469,475.89662969493133
6821398897823930496,336.21646723217873,-19.6642287332194,0.31023077010741695,0.023707877844572067,-24.85243200069715,0.02339373156428337,-25.279606102736363,0.02299816906452179,-112.7373046875,1.962479829788208,1.1849472522735596,12.959918975830078,475.77840927366
6908159126988841088,310.2771975019363,-5.956420329900298,0.2061159345303707,0.01876472495496273,-19.752874847587535,0.019144365563988686,-14.764218099710359,0.013481603004038334,-64.21180725097656,2.1588563919067383,1.0389866828918457,13.669649124145508,475.7769481074972
6263319682136330752,240.27332534376663,-13.997098830391995,0.14574643549306496,0.015463546849787235,-18.809670679614804,0.01898917742073536,-10.260942884424463,0.011016270145773888,12.159647941589355,2.4779603481292725,1.0698046684265137,13.100834846496582,475.75826661456995
4286341425448519552,280.11190152371427,6.426071101423147,0.27152757253953314,0.02240767516195774,16.423207119049643,0.023920342326164246,-22.087917916363327,0.022800033912062645,26.93881607055664,2.3854784965515137,1.056920051574707,14.560942649841309,475.7272961869106
4443807639593951232,257.26081214756215,9.910680138616952,0.22574467025664335,0.013640839606523514,0.4458709109026956,0.013508666306734085,-28.796463065936347,0.011027268134057522,-32.04280471801758,1.0311757326126099,0.9019865393638611,12.924582481384277,475.55739744447084
4221142138242155008,300.3306101155288,-5.249450766454177,0.22559126978390606,0.019862839952111244,-4.76772137056089,0.02127452939748764,-28.06408681044763,0.016823047772049904,-402.972412109375,4.237961769104004,1.0692815780639648,14.373575210571289,475.5317876836686
4019627942065692160,177.6813173385058,28.327446056547398,0.20073960286320736,0.015553707256913185,11.17861141831807,0.01918088272213936,-21.137565005036684,0.012882224284112453,4.3245849609375,2.453528642654419,1.0822606086730957,13.635956764221191,475.4966189265771
4275148392751249664,271.425487971984,-0.5236943543808872,0.14977492837000217,0.015585891902446747,-0.17482938666668113,0.016937026754021645,-19.936375442617518,0.014489313587546349,-8.03038501739502,0.48058947920799255,1.0271564722061157,13.012992858886719,475.40485295610443
6707274646050420864,270.3258457454438,-48.63277893609834,0.12800667545847427,0.013940154574811459,0.11847993508982423,0.01406934391707182,-18.045805723148362,0.010638833977282047,-4.419981956481934,0.8896065354347229,0.9168897271156311,12.852438926696777,475.29471565426815
6869220339308492928,293.5570077239862,-19.85200801831,0.2704530934138005,0.017312875017523766,-17.637030985062488,0.018705172464251518,-27.7576725112518,0.015266703441739082,217.32666015625,2.621410369873047,0.9345972537994385,13.61030387878418,475.2543142596368
3914622279510527616,173.17098030925905,9.796763653329235,0.391035622622915,0.0162101611495018,-38.639434751007684,0.018160659819841385,-39.74735369412754,0.012063995003700256,222.16925048828125,2.822364568710327,0.9254571199417114,13.340238571166992,475.25280951845866
6742688128864661376,291.2519120959072,-35.609243307638465,0.18458729236047372,0.014750827103853226,-19.41376273595298,0.017260948196053505,-7.199094532190209,0.01239568181335926,159.29490661621094,1.664551019668579,0.9654231667518616,13.052597045898438,475.2479485686357
6249129110190645760,240.70437813564158,-18.01286741460342,0.12390558217275693,0.014818373136222363,2.401152069881734,0.01755225472152233,-12.87231991184133,0.010349118150770664,272.19219970703125,1.744231939315796,0.983343243598938,13.389103889465332,475.2476073124213
6726860693358612352,277.6749160609485,-38.92514165256862,0.23012013806711445,0.02076007053256035,-24.943983397860567,0.020566703751683235,-3.387966410530589,0.017672132700681686,-157.42454528808594,2.8971474170684814,0.9866169691085815,12.918904304504395,475.24097821044944
4495784921495465216,268.89249631965487,11.554992304621093,0.1644574109464407,0.020297985523939133,-6.59645432957563,0.0185959842056036,-21.487391096964153,0.01830380968749523,-99.1849594116211,3.7156946659088135,1.1569527387619019,14.171195030212402,475.2011726799407
2045420038046238720,294.58313770383444,32.79574866961073,0.15817442678002375,0.011853216215968132,-16.085697984453816,0.011520029045641422,4.565499951358927,0.01284222025424242,-246.53225708007812,1.580715298652649,1.1714410781860352,12.422245025634766,475.1529880211033
5814795182269687680,256.3118177468319,-67.16947462793826,0.2178068234503909,0.013982336968183517,-9.06554683367996,0.009974888525903225,-27.598345961355463,0.012809734791517258,-22.05956268310547,2.5452706813812256,1.010916829109192,13.746341705322266,475.1421609668873
3930415011696970624,195.92661619140338,14.970920988905265,0.19209000651327432,0.01989716850221157,-15.335122532195431,0.02236248552799225,-24.618110843713435,0.022657746449112892,-18.860376358032227,2.8158960342407227,0.983248233795166,13.658838272094727,475.05435894549953
1170223252078552448,228.32261631762572,12.457104759399641,0.2155713388938522,0.02154618129134178,-26.301193878602195,0.021891843527555466,2.701138583378493,0.02207820676267147,-93.15630340576172,1.3561028242111206,1.0937844514846802,8.991768836975098,474.88252215754176
5790707631279793664,206.13053711999973,-75.16927404871463,0.12946602972433263,0.014125746674835682,-16.898804007758432,0.013480029068887234,-3.2757041302526373,0.015873320400714874,171.35415649414062,2.764739751815796,0.9987238049507141,13.769719123840332,474.8599325447097
4568989993356383616,261.0475987306411,22.549074421548937,0.15482915878525133,0.013723206706345081,-8.404609253118034,0.01055374275892973,-18.91198104826715,0.013073574751615524,-88.18961334228516,3.824817657470703,1.0556185245513916,14.112988471984863,474.85768224984065
1945845069576623872,325.5431106706711,30.995573205314074,2.7326588294949588,0.01586356945335865,-128.19849878744833,0.012407231144607067,-260.21208162603136,0.010845883749425411,-114.80570983886719,0.8303204774856567,1.0727131366729736,12.485440254211426,474.815322412364
5945983613988626688,265.55193387967887,-51.94522323259546,0.20122012483899956,0.017561253160238266,-13.88550422136686,0.01700611039996147,-21.20082426052131,0.014503206126391888,-234.25489807128906,4.325767517089844,0.9906737208366394,13.691490173339844,474.8139256600803
1304464138543815808,248.97598145525035,26.788765660010306,0.14490161163025997,0.010814337059855461,-10.91662853606921,0.009040318429470062,-14.922245229226688,0.010664484463632107,-377.2064514160156,1.1441874504089355,0.932131826877594,13.16683578491211,474.77336217751275
4102131789969632640,282.89414001718745,-13.87266733029235,0.22672408359755922,0.015887904912233353,-20.538469073634797,0.0203519519418478,-11.08917332950118,0.019138682633638382,227.76702880859375,1.4074082374572754,0.9198571443557739,12.923970222473145,474.67436928901776
4048270288763398400,278.09324531447265,-29.258007955502563,0.15786102359165693,0.016919955611228943,-8.25047785299272,0.02249385416507721,-18.89031324907625,0.015920251607894897,260.05657958984375,0.49845564365386963,0.8336910009384155,12.1212797164917,474.6717521112702
4578185140381305600,273.5785123590816,23.798139152270863,0.15704309693831914,0.011027954518795013,-2.6585702398290687,0.00873525533825159,-18.94081195896002,0.010757730342447758,-70.23345184326172,2.5847275257110596,0.9503465294837952,13.638683319091797,474.6654655930943
6051533058061919488,247.7008224406618,-21.877847050967723,0.231719466394369,0.015280110761523247,-20.396228153354237,0.01714751496911049,-11.845807450269437,0.012401980347931385,-387.34979248046875,1.115825891494751,0.9973253607749939,13.116433143615723,474.3662639567409
5558740845662882560,103.97276767914353,-45.16764772018209,0.1322204698433257,0.015254758298397064,8.277634127914038,0.018729303032159805,-11.52715661920143,0.01883370615541935,67.19776916503906,4.451888084411621,0.9192424416542053,14.503881454467773,474.31043338224055
5818025135126506880,251.2132454077002,-62.82308459523243,0.11519063962133703,0.013862633146345615,-10.687457024758523,0.00989182386547327,-12.625546485583861,0.01031136978417635,56.15211486816406,1.4948519468307495,0.9687312841415405,13.262751579284668,474.30979872325815
6715468722088138240,285.32110384528534,-42.7964965551827,0.3037728363211115,0.013230551965534687,4.186202268338874,0.0141278225928545,-43.813550495331754,0.01197012234479189,-23.39434814453125,2.847367763519287,0.9935687184333801,13.18358325958252,474.27360566663157
4461153844272546048,249.85570181030096,13.28928136759601,0.17353964993220639,0.0196649432182312,-22.39740593842712,0.015294061042368412,-6.568253997905035,0.012621098197996616,-215.8290252685547,4.324984073638916,0.9405651092529297,14.466533660888672,474.2124340276005
6150721823066096896,186.73953909109693,-38.181080365268826,0.15501738029586185,0.018379217013716698,-15.966174689080788,0.013301226310431957,-9.920033458518951,0.013898099772632122,-34.82664108276367,1.8367984294891357,1.0146552324295044,13.680940628051758,474.10547156514536
6556416015709446528,346.48646612135786,-33.21853376369399,0.17243894310182145,0.014946901239454746,4.894472280660741,0.012589323334395885,-25.441873321266925,0.013941986486315727,-7.280351161956787,2.2224535942077637,1.0521570444107056,13.290586471557617,473.90982420737225
1456601122936745344,206.06837556857158,31.52943530495804,0.20101195922185466,0.016153696924448013,4.899938547774313,0.011040467768907547,-23.688014835358516,0.010783245787024498,-123.84249114990234,3.024540662765503,0.9462375640869141,13.603562355041504,473.7820731658702
4035855290649188864,271.6266938202461,-39.29896358520885,0.14794673002915137,0.018359147012233734,-2.7612179227102227,0.018593261018395424,-19.01009445782976,0.013557963073253632,-250.65794372558594,2.5669291019439697,0.9414786696434021,13.578672409057617,473.76941541898924
4373869491657285504,262.33012876767754,-0.15951411348165503,0.1771278755224157,0.02055216208100319,4.831863828223696,0.018055781722068787,-21.32110730619887,0.01569421961903572,-28.326963424682617,4.429545879364014,1.0191164016723633,14.124031066894531,473.7636035858313
5817553856950014208,253.69223775621535,-64.40421151704018,0.126308262244084,0.015573197975754738,-15.640652038542154,0.009134349413216114,-8.047660908383635,0.01148860901594162,47.83753204345703,2.1899518966674805,1.02619469165802,13.920531272888184,473.7560517071538
5916294777131964544,260.53927910017467,-57.13289388319736,0.16790632809049763,0.013995028100907803,-2.607977577043903,0.010325861163437366,-22.227238371642535,0.009348406456410885,-57.276100158691406,0.7929512858390808,0.9304543733596802,12.877448081970215,473.6174183297951
6303723569059007488,213.9780235533943,-12.023744037365411,0.15308456941485715,0.015444226562976837,-6.783204789848456,0.019763516262173653,-19.68088776161324,0.016381792724132538,236.79263305664062,2.6098058223724365,1.0820125341415405,13.373478889465332,473.3490341224354
6124121132097402368,212.01663696340833,-32.47640788485102,0.14889378111045132,0.014083483256399632,-19.857060001157436,0.01585261896252632,-2.56195254201394,0.015171720646321774,83.85198211669922,1.313814640045166,0.9820120930671692,13.040740013122559,473.1426381448755
6757582044666730624,286.4633143551455,-30.97033843055252,0.16213137444545317,0.015090877190232277,-14.412313318387897,0.01741919293999672,-8.560770992003206,0.014320055954158306,286.3025207519531,3.4680466651916504,0.9636087417602539,13.403985023498535,473.1067033498517
6350265041565477376,358.5172104172316,-82.70240546073023,0.11649287968797087,0.0122762406244874,5.267960921249488,0.015467812307178974,-10.458745802093956,0.015720617026090622,-199.648193359375,1.9524095058441162,0.9698147773742676,13.720685005187988,473.0744342028098
6306210599937721472,224.1059591033468,-17.670197772879384,0.24242863925036662,0.015573879703879356,-22.942088996161118,0.01895972713828087,9.20022013879198,0.017425749450922012,-88.38504791259766,2.0792860984802246,1.0769617557525635,13.053647994995117,473.00335927133676
6460173731410289920,322.221608276749,-56.01835038664893,0.19177662638002263,0.015288910828530788,18.95596724082334,0.014319022186100483,-16.35753681987946,0.013054409995675087,31.483783721923828,4.326633930206299,0.9479847550392151,13.934593200683594,472.9788379420954
4428245701768432384,231.9503936850872,4.117476841396733,0.14842108365395654,0.017460478469729424,-17.559462457996926,0.017631061375141144,-7.879079203212092,0.016232479363679886,-286.91180419921875,4.464074611663818,1.0458638668060303,13.72711181640625,472.9364918549406
4575547961737569536,258.7290600141552,29.133666488217404,0.13413619091007611,0.012747159227728844,-0.07338981664664712,0.011122130788862705,-15.571935291171243,0.012504113838076591,-284.6678466796875,2.8118956089019775,0.9902448058128357,13.899083137512207,472.83693611999126
6724487225715339392,274.02749321825104,-42.60285534651667,0.12850227868222724,0.015426671132445335,-6.978862089007379,0.01766023226082325,-13.888386236440638,0.01338779367506504,-312.2770080566406,2.2530698776245117,0.9454567432403564,13.536541938781738,472.44630818152064
6802679098181960192,315.0386150105365,-24.876652185971185,0.2218679672381998,0.020475562661886215,-8.157237455157876,0.02481992170214653,-31.380807227736582,0.020193209871649742,-94.7503433227539,1.71757972240448,0.9166113138198853,13.669435501098633,472.44416694361956
4429723960792755584,236.5181834972063,6.265133045322731,0.15281505618643915,0.0185826625674963,-15.782147843785566,0.015608442015945911,3.015545927195409,0.01374050136655569,-267.4671325683594,0.3894551396369934,1.1467456817626953,10.90257740020752,472.38605624876067
145601560294975232,65.01981590453086,21.9946347703864,0.5745442003522557,0.016217278316617012,62.749838984707026,0.020053382962942123,-59.023398412812625,0.014120453968644142,-70.90260314941406,1.2422308921813965,1.1335102319717407,13.329573631286621,472.3113846163232
6768722296469179904,293.9397277508141,-23.33325357748462,0.15184396075405018,0.014818103983998299,-14.321610254936768,0.016903899610042572,-14.297256439151926,0.015603027306497097,73.37886047363281,2.2348179817199707,1.0922653675079346,13.22616958618164,472.3020928364697
5969052506158891136,249.725431476531,-40.97234019626161,0.18567930354207027,0.01918884366750717,-11.856419372416433,0.024401230737566948,-16.903508205182174,0.0199735090136528,-310.9067077636719,1.9795633554458618,0.974727213382721,14.28083324432373,472.2475471949034
6090102242344494976,209.3473896808525,-51.775723291229184,0.19541222112637072,0.02163105458021164,-1.1375998930689093,0.020841404795646667,-20.91619924897262,0.022783935070037842,15.082552909851074,4.25345516204834,0.9069125652313232,14.436120986938477,472.1690359505698
4164114485900291456,267.3482084539274,-10.033876873990042,0.14002000357026329,0.015373064205050468,-7.455570282993244,0.018121931701898575,-18.89970666410008,0.012848025187849998,-184.80560302734375,0.5269744992256165,1.0487579107284546,13.319116592407227,472.143351985562
3705761936916676864,192.7642053871954,4.941082818133101,0.31627687997748943,0.018153946846723557,14.963843666228714,0.02352386899292469,-32.15015552108868,0.023839037865400314,86.81454467773438,1.3602699041366577,0.9796403646469116,13.183564186096191,472.0794199167293
6176135625592740480,205.6453069974205,-29.670340328617815,0.21708230224168268,0.017063042148947716,-28.192959614131443,0.018229970708489418,-1.4330388342419884,0.01742558926343918,67.31249237060547,4.294925212860107,1.0757882595062256,13.620102882385254,471.9831158447345
6340209900353750272,224.13861886428123,-2.092862723188936,0.16171497489978365,0.014894765801727772,-19.68142741594646,0.016377879306674004,0.3854767655509365,0.012875620275735855,-129.79281616210938,0.6519810557365417,1.1659884452819824,12.302698135375977,471.9757702519354
6528580607542943488,353.52478494696135,-45.73735576010318,0.13613497524944668,0.015794536098837852,15.699422057482,0.011161869391798973,-9.490535358281162,0.013120566494762897,174.20852661132812,3.2096312046051025,0.9997999668121338,13.67363452911377,471.912776204418
5805222249914568064,250.5398976191044,-74.59252123139999,0.15607106633532075,0.011302218772470951,-8.992519451416683,0.008290511555969715,-18.977375879245642,0.011526176705956459,124.01398468017578,0.6991655230522156,0.9596263766288757,12.790152549743652,471.87895347093973
4366218814874247424,256.0614029715866,-2.675248565504535,0.19406440569348904,0.014397346414625645,-19.251268360103005,0.015538799576461315,6.0579334823024045,0.012112028896808624,-133.83998107910156,1.5638073682785034,0.9835229516029358,13.163002014160156,471.7336570354195
6365151776171959040,277.7925226943554,-77.78388170582551,0.25220385385758554,0.013201827183365822,-6.537540071587761,0.012442389503121376,-33.60919617891916,0.014635896310210228,48.25495910644531,2.850187063217163,0.9564268589019775,14.016790390014648,471.6016535827781
6257774467036174848,230.42890017632638,-19.145757358066675,0.42406065597028225,0.018084857612848282,-21.41666006097005,0.019864488393068314,-42.32046935569796,0.01617278717458248,-321.29010009765625,0.25436386466026306,1.179038166999817,10.256032943725586,471.5857980062363
6563014597305697280,324.0108249396987,-48.76204176759404,0.15290209114368133,0.016432585194706917,16.01099163552659,0.01423159334808588,-8.23511697368456,0.012419568374752998,-51.46006393432617,2.7979860305786133,1.0009914636611938,13.919923782348633,471.467967471824
4180389392594608384,294.33839484526766,-16.247605415435334,0.21884739058327138,0.017846712842583656,-17.598750475723616,0.0192665196955204,-22.104616639257532,0.01639578305184841,114.77870178222656,4.113120079040527,1.0906916856765747,13.990030288696289,471.38689110978794
5801911895280383104,260.65638964154766,-75.86173830035946,0.11135091774505114,0.011431501246988773,-9.065464102421684,0.010238290764391422,-12.685115038895697,0.010936313308775425,159.18972778320312,1.1608597040176392,0.9968750476837158,13.491403579711914,471.27549704587454
4405808242861059072,241.01484376078872,-2.6931265776733584,0.24263505162072901,0.017464950680732727,-5.1069446439636215,0.019539188593626022,-33.033888660098725,0.015646444633603096,-112.43601989746094,4.606516361236572,1.0364066362380981,13.948770523071289,471.2685557071249
4276406478873117696,275.9464980315149,1.2497406302874239,0.14622475972649832,0.016806108877062798,-7.882616925013094,0.018199050799012184,-18.020033764142486,0.015598038211464882,44.21602249145508,0.7383625507354736,0.9937660694122314,13.384371757507324,471.1702359066792
1327043297014218752,252.53487095689977,35.51629575693624,0.16398738604068974,0.012797689996659756,0.11578856981370844,0.012908129952847958,-18.88883960109662,0.014983044937252998,-152.56298828125,3.833360195159912,0.9369150996208191,14.247395515441895,471.1247723977112
6094798497018776704,206.2917521680622,-48.5071525243198,0.24854792629634964,0.014452259987592697,-30.155357881412144,0.013715950772166252,-11.911925464495766,0.011961751617491245,-2.777850866317749,1.8945618867874146,0.9883923530578613,13.237512588500977,471.09146599363277
4487427396172829696,265.28682202087276,8.105284184846479,0.14670045130161175,0.012101063504815102,-12.054076735677663,0.011286670342087746,-12.469741944291435,0.010524876415729523,-442.6247253417969,1.872894287109375,0.9930372834205627,13.12795639038086,471.0428027989177
5887727506569445248,226.21425018530135,-54.00974644397897,0.18246637677250627,0.015928668901324272,-21.390117054393777,0.015704113990068436,-12.688143413972618,0.017612440511584282,-13.854308128356934,1.207726001739502,1.0416713953018188,13.59937572479248,471.04098581799576
5887804094419383040,227.6019540632005,-53.47964523318813,0.127451378670729,0.015130092389881611,-9.877776554159519,0.015062743797898293,-14.605653078364194,0.017925355583429337,108.0019302368164,1.105109453201294,1.0155681371688843,13.496359825134277,470.9910314586907
6007801250078509824,230.58963162770345,-35.74896952842783,0.18938571267167903,0.02122402936220169,-19.523323566228548,0.01951226405799389,-8.607455428577655,0.016556495800614357,-250.09246826171875,4.263792037963867,0.9873641729354858,13.45412540435791,470.89507210395084
1593314467453835648,223.85782762953076,50.936742946920724,0.11933375653850366,0.0121177788823843,-13.647986662712764,0.012077974155545235,1.1722169936905473,0.014160925522446632,94.14146423339844,2.216245174407959,0.9806419610977173,13.624387741088867,470.84616612840614
6812361977394894464,330.09127231895263,-25.03973991075053,0.25200874258684913,0.013426479883491993,-0.3880910744864208,0.012149813584983349,-37.024494440550036,0.010786871425807476,-26.460880279541016,0.8016694784164429,0.9093078374862671,12.4396390914917,470.36623654783966
6746154133115211008,292.09147735975745,-31.4489814287425,0.14160154171930614,0.0171512383967638,6.2538356850151935,0.018542975187301636,-16.866531589255146,0.016315199434757233,162.7942352294922,3.2215099334716797,1.0442513227462769,13.61708927154541,470.3480005172931
5851729113570827392,205.39419323889138,-66.2701357415106,0.10491484688293184,0.012756139039993286,-13.3214599779402,0.010198845528066158,-1.969085562892924,0.012847274541854858,331.4930725097656,0.7904627323150635,1.0392615795135498,13.375372886657715,470.3368573121792
4459976988872598272,245.24353600336548,11.58670040413366,0.23904326998453412,0.016124393790960312,-7.276793269634387,0.014825881458818913,-29.727199075087515,0.014382260851562023,102.58686065673828,3.4819180965423584,0.9524927735328674,13.808442115783691,470.2306095870087
4190030597741387904,296.87543454397843,-10.966546868640238,0.1598612981940771,0.018233727663755417,12.148120217733275,0.01883474737405777,-10.86780168153433,0.01244764681905508,83.62303161621094,3.0219733715057373,0.9788318276405334,13.525285720825195,470.22471311805725
3527730251097596288,186.41414346393572,-14.877835314134376,0.18674347267669925,0.018774302676320076,-22.5110486431303,0.021423708647489548,0.9052594203381127,0.018532173708081245,140.8881072998047,2.8979239463806152,1.027944564819336,13.841497421264648,470.0979023281423
3727307245219281792,209.71983917038634,11.151311295060554,0.18304425198799246,0.016222897917032242,-22.69108929821881,0.016888102516531944,-14.817529738042294,0.013448459096252918,26.539138793945312,2.744232177734375,0.9401991367340088,13.714290618896484,470.0526172491956
4610563696231135232,268.61578352904445,37.34326887541707,0.14215751946757993,0.014782847836613655,-16.770076718769463,0.017443852499127388,-6.20890811786203,0.017373884096741676,-286.6493225097656,4.247607231140137,0.9886569380760193,14.437914848327637,470.01082174259915
4582516700796812032,269.7262214560853,25.536324959875913,0.2927882829555897,0.015310803428292274,-19.79403786297672,0.011640193872153759,-24.84918086167925,0.015231274999678135,118.03473663330078,4.40809965133667,1.0691423416137695,14.247631072998047,469.9560849016539
628446834591652992,152.69321382512118,20.647278270946565,0.18852784988392107,0.0206594355404377,5.0903236446545765,0.01994258165359497,-25.79876036911525,0.01846683770418167,-0.5100724101066589,4.0816264152526855,0.999998927116394,13.838597297668457,469.91885232496315
1754680099618809728,309.34677613486383,11.443401399791735,0.2221098589762042,0.020884500816464424,18.715681835777918,0.02326417900621891,-15.601897635543432,0.016505766659975052,-328.860107421875,3.665548086166382,1.0805121660232544,13.82962417602539,469.77918302302623
6701095764350753664,302.91594983376183,-31.749750560449765,0.1187329847542507,0.014785979874432087,-11.740749711390176,0.013393311761319637,-8.778496639542398,0.008997694589197636,79.07154846191406,0.7365244626998901,0.9222307801246643,12.182318687438965,469.68847097194094
3576360825760221568,185.4253579198935,-12.699482665831601,0.23106949167548205,0.016847854480147362,-29.087101690379587,0.017884979024529457,-5.727580753669119,0.01380912959575653,80.30160522460938,2.118732213973999,0.9666184186935425,13.407522201538086,469.58775259892366
6866324088238990848,302.03425020471315,-20.417427090267328,0.1389323723493397,0.015303637832403183,12.650211160051995,0.016043078154325485,-6.593041719983677,0.011405393481254578,-165.84286499023438,1.4488273859024048,1.0410873889923096,13.385822296142578,469.51406552774637
4369536861791875712,266.0203132870944,-1.7202731046941577,0.13795259089112705,0.014585413970053196,-5.605213939463332,0.018337968736886978,-17.448660134474004,0.01290302537381649,98.51252746582031,0.39882606267929077,1.1384550333023071,12.102507591247559,469.45483397276246
5913899422321158528,259.3142421674014,-61.04232587533943,0.21881608908190925,0.014835254289209843,-5.695707356675901,0.01286809891462326,-28.576604804536146,0.013071815483272076,-37.726661682128906,2.3943915367126465,0.9030666351318359,13.556207656860352,469.2091110181121
1182215110006656640,227.71850580288034,12.302099472306075,0.16904382702665555,0.01606018655002117,1.986599739914436,0.017705131322145462,-20.930690231219657,0.0167362242937088,-53.68709945678711,3.3909666538238525,1.0491887331008911,13.603280067443848,469.12578491840753
3623589660536367360,199.6015104169255,-10.478061190984501,0.25599909442587493,0.014356374740600586,-30.58511686338936,0.020070267841219902,2.8074723667715973,0.012232283130288124,53.818729400634766,3.3172082901000977,1.053471326828003,13.248723983764648,469.12360452964765
4472543680926213120,267.8348303246045,4.17445860826694,0.12995821475625818,0.014090592041611671,-0.5248701229706736,0.014324943535029888,-16.982054012866964,0.012045083567500114,-229.15267944335938,1.5089699029922485,0.9501839876174927,13.551140785217285,469.06688775254815
6713290898789487104,290.88612321867544,-42.341653111775,0.20885426339198127,0.018176080659031868,-20.907181379187854,0.017740460112690926,-4.6942196619108,0.015930544584989548,189.78353881835938,3.4060699939727783,0.9397948384284973,13.907496452331543,468.960427231306
4052509210959805440,273.55224113622285,-26.98737237325363,0.2334906550079454,0.028856310993433,-0.7592820201316784,0.026197679340839386,-30.07614261386138,0.020039523020386696,209.30503845214844,0.5517399907112122,0.6458650231361389,11.671664237976074,468.7718727822891
5914741270278096768,252.9513126791333,-60.28054477159496,0.20051862204494905,0.01614372804760933,-21.64730689293662,0.013015993870794773,-1.9382456832670936,0.012454570271074772,383.0688171386719,4.703372001647949,1.0184929370880127,13.611427307128906,468.7703950240531
1558248773901786624,205.69297475282235,48.30712588506745,0.25206177074630526,0.012613457627594471,-29.27470091932249,0.010460415855050087,5.135991701904787,0.012860046699643135,-148.10389709472656,2.490950584411621,0.995931088924408,13.591300010681152,468.69054009586904
3653135079867163392,218.8890121085603,-0.32152224869814067,0.24320276785966682,0.016092460602521896,-31.373840645436637,0.018119502812623978,-3.273907764814718,0.016442498192191124,-75.85731506347656,2.2029786109924316,1.1293532848358154,13.109957695007324,468.6521884398044
6755615533752379648,287.20251397177736,-34.43069667585961,0.14238840601481198,0.017298826947808266,10.765355541288141,0.020004188641905785,-12.15125566610423,0.01669980026781559,-90.43545532226562,4.855848789215088,0.9566618204116821,13.727056503295898,468.63102549486143
803852165091710976,151.54699472077257,41.21416211162892,0.2015229616226221,0.015823189169168472,-17.59254573984984,0.012780118733644485,-19.386361120233488,0.013327118940651417,207.00169372558594,0.35003823041915894,0.9753112196922302,10.249590873718262,468.60327527917616
4402540322507190016,236.7376140050892,-3.2243232872414866,0.1888568410691282,0.01833454519510269,5.587788876328725,0.020597711205482483,-19.408545610636462,0.016685105860233307,158.669677734375,4.05620002746582,1.0181471109390259,14.087306022644043,468.50217275641273
6245601498926803072,243.3183993651271,-19.441315358290655,0.14501514450828168,0.017492851242423058,-17.281174542569815,0.018926896154880524,-6.763497657546798,0.014469781890511513,-221.7085723876953,2.1137382984161377,0.9475478529930115,13.202566146850586,468.3956460001183
4346556317157349888,240.27730656218793,-10.519684339245249,0.14722918810674224,0.01718236319720745,-19.051897645411223,0.020149709656834602,-2.4430706533163002,0.012806869111955166,23.557430267333984,1.5768117904663086,0.9760226011276245,13.76775074005127,468.3794083091089
5977727584190675328,254.1695709109972,-35.74433639509967,0.14687996189356134,0.01528842467814684,-14.946712465891096,0.017937224358320236,-12.790562423638798,0.013212949968874454,-204.38616943359375,0.7021411061286926,0.8780009150505066,13.012537002563477,468.3462657050058
4574102000868788480,260.17637432927734,27.047831244461822,0.148595721487887,0.014400020241737366,1.0308195284242987,0.012523340061306953,-16.445343515524073,0.015550698153674603,-16.858577728271484,3.4233055114746094,1.071743130683899,14.062223434448242,468.256676316733
4037640038528971136,273.28144076473353,-37.57740236414063,0.17946495998396236,0.020964110270142555,3.587551414304749,0.019991951063275337,-20.376411534134846,0.01511530764400959,-271.1753845214844,4.064463138580322,0.9097627997398376,13.821471214294434,468.0741858576111
6838615811101023488,326.53889687923066,-15.244649529519348,0.4633559813806096,0.021847711876034737,-6.4544843359601565,0.021748607978224754,-60.75577179980047,0.014874350279569626,-319.49493408203125,0.38936758041381836,1.057820439338684,8.978203773498535,467.90075222216166
4455755826295298432,239.02785145894617,9.777936619325557,0.1460967134013018,0.014737212099134922,0.669344267954373,0.01470663957297802,-18.320115492768128,0.013115732930600643,0.17292991280555725,1.564283847808838,1.0783659219741821,13.090808868408203,467.82057299724784
1329067875877937152,244.43943069200242,34.91452286530359,0.20599953388197606,0.013212050311267376,1.2537046333227595,0.012173386290669441,-23.092933927634615,0.015751628205180168,-53.38341522216797,3.138918399810791,1.0625537633895874,14.078085899353027,467.69439343416167
5839686407534279808,209.43709702339666,-72.14965535123302,0.17225890057217988,0.014579069800674915,-22.701752218936228,0.015617650002241135,-3.160811689409457,0.017445005476474762,179.15675354003906,1.5555543899536133,1.0137042999267578,13.898080825805664,467.6118305939511
5848510916081810432,221.52439884532626,-67.5118773236274,0.1654002277763163,0.018395263701677322,-19.546733220506844,0.012070758268237114,-10.892231149680555,0.016270829364657402,117.7596435546875,2.9487462043762207,1.0391045808792114,14.351049423217773,467.2844091648181
4101007882913888640,284.183154376893,-15.074949854966466,0.13968245822249367,0.015981819480657578,-12.257248219888298,0.016220975667238235,-10.019119689980158,0.014667659066617489,204.84645080566406,2.015488386154175,0.975436806678772,13.583683967590332,467.1217602160549
2044665811751803264,292.47145670594955,30.528895065043645,0.3084544073628613,0.012045525014400482,-17.871501060153687,0.011277854442596436,-31.88881032841143,0.012707383371889591,-208.96617126464844,2.110232353210449,0.9782028794288635,13.101956367492676,467.1085353195651
2035778562330791680,287.7173333354232,25.570882003240545,0.14510627557525088,0.012061401270329952,-13.948649149213422,0.008798780851066113,-8.44656329496147,0.012502971105277538,-410.9194030761719,0.4362814426422119,1.0578469038009644,11.960211753845215,467.0440049077613
4325505548564126464,246.6190403671588,-15.825179844773913,0.16591218801244434,0.019494332373142242,-10.860468256992096,0.02639126218855381,-21.376836476915017,0.01740455999970436,119.6208267211914,1.5070033073425293,1.0687024593353271,14.114855766296387,467.03920359042377
6226432338334643200,228.92766407944973,-25.76567821502788,0.22185855404602356,0.0226858202368021,-12.011873491208615,0.02568408101797104,-28.72829190169189,0.0194932259619236,177.75619506835938,4.530466079711914,1.159254550933838,14.012873649597168,467.00694349329876
6139607134899487488,191.5550796163201,-42.857767927437116,0.12203545185424651,0.013174117542803288,-15.657595506980357,0.011473716236650944,-2.45082883886061,0.009658990427851677,162.3608856201172,1.832703948020935,0.9532397389411926,13.058109283447266,466.9942373592518
6199250074434009856,228.29623671731912,-38.02889772917956,0.15801303407570372,0.0167715884745121,-20.97935413878936,0.01647934317588806,-4.988453968023814,0.014738304540514946,40.10372543334961,2.2497832775115967,0.9783686399459839,13.41671371459961,466.9518109107818
1197781136644152576,235.20360993027262,18.47617774950237,0.2670841318060371,0.014738542027771473,8.85195640656655,0.015424240380525589,-27.716558007161073,0.010312949307262897,-18.212955474853516,1.9982465505599976,0.9953466653823853,13.557573318481445,466.70434487333455
5826566347625353600,232.70033582476444,-64.27964477877153,0.13620534890969752,0.01619853638112545,-12.405628254411425,0.009840933606028557,-13.939005627648141,0.013152381405234337,120.82568359375,1.6462470293045044,0.9419853091239929,13.995092391967773,466.631608092029
4710806377492141312,23.444152127072915,-65.86201926542812,0.13300264791596164,0.013499039225280285,17.337938433069795,0.018409688025712967,-4.237001870032906,0.013525662943720818,72.96552276611328,3.311516523361206,0.9700286984443665,13.914091110229492,466.57222060582933
6040127171121946880,240.68649320275622,-29.871221596586867,0.1923222575671207,0.01950875297188759,-22.511240136994257,0.02418356016278267,-0.05701608779320636,0.014371813274919987,-122.08880615234375,3.5667834281921387,1.026811957359314,14.08297061920166,466.46227142946566
5987068519560200832,233.80708108438006,-47.274743374825434,0.24359988527132603,0.021739494055509567,-23.788886585428436,0.0237882062792778,-22.3866918820892,0.020383823662996292,-98.14346313476562,3.9400885105133057,0.9457926750183105,14.12266731262207,466.35705604219413
5017947116692463872,28.1752276109073,-32.84749495938781,0.19852382743342697,0.015930259600281715,22.740832004515017,0.009810119867324829,-2.5007813202611824,0.0131921311840415,-179.7393798828125,2.7443482875823975,1.0119026899337769,13.936079025268555,466.3552688051467
4371290926434510080,266.99961258256417,-0.3115453616060535,0.12014271014011269,0.014156674034893513,-3.841055861688721,0.014947990886867046,-14.773010876224198,0.011440296657383442,119.72062683105469,1.4163576364517212,0.9964732527732849,13.18612003326416,466.09034327544657
6709934910125142272,280.0459063654938,-43.66324887750383,0.16523963707620648,0.01710735261440277,5.9429645063245085,0.01567317359149456,-19.80806882817693,0.013047268614172935,-157.548828125,1.9470971822738647,1.1999984979629517,11.793119430541992,466.0635944359825
4126579121735762048,252.4792302831841,-22.2981446864684,0.15323700257052653,0.016680769622325897,1.695892001676864,0.01973174884915352,-16.983246271521914,0.012907944619655609,259.2933349609375,0.5539436936378479,0.9106112718582153,12.915176391601562,465.97729996269044
4155291459210512256,280.7136941268837,-9.800752898305815,0.17253541580523693,0.020598985254764557,-18.04954423964717,0.022679099813103676,-14.866236039687717,0.01989160291850567,-12.895281791687012,4.786224842071533,0.9947435855865479,14.222027778625488,465.90976604490135
4190950025682119424,300.6086680680934,-10.568329802346904,0.10306083703666655,0.011808018200099468,-8.908962454723552,0.012954906560480595,-10.367565169381907,0.008185097016394138,-195.74864196777344,0.6229887008666992,0.9253406524658203,12.300870895385742,465.864987018631
5922478460569158656,260.4549161065796,-55.58684632428161,0.26625123726141664,0.015266076661646366,-12.653917029985005,0.013968068175017834,-29.92414371495557,0.012343458831310272,-204.98855590820312,1.1080988645553589,0.9200855493545532,13.370370864868164,465.8584144060601
4114975941212591360,258.8513088314441,-22.025669623772274,0.18946136008754066,0.022899163886904716,-15.425271209704377,0.02527722902595997,-23.79900869770348,0.01816539466381073,10.890291213989258,4.160562038421631,1.0210598707199097,14.186139106750488,465.8427796705041
2796582811359131392,7.408501700189931,21.051431948354253,0.34342440112163475,0.01898724026978016,43.19424999622382,0.021821536123752594,-14.76317780954263,0.01342572458088398,-157.2804412841797,0.5473557710647583,1.0965920686721802,11.916121482849121,465.8101487745574
3574002785636820992,179.51774011291232,-13.026150924169146,0.26203115099110375,0.02087421528995037,-14.622572824290609,0.01748513989150524,-31.493738915662306,0.011620750650763512,9.9026460647583,2.4315342903137207,0.989635169506073,13.694894790649414,465.7925930910858
697111679344857856,143.1328574882959,29.837640215891252,0.15336657840654905,0.017808103933930397,9.347780180139864,0.01629338599741459,-14.29573437592741,0.009996166452765465,325.2213439941406,2.050281286239624,0.9617912173271179,13.35159969329834,465.7743194164697
1266613691274526336,223.84698706231399,25.58363724283945,0.10562043053012422,0.012334042228758335,-9.70356998570673,0.010778945870697498,-11.92506006199319,0.011462715454399586,-6.100975513458252,1.120383381843567,1.0347386598587036,13.069332122802734,465.76476482553437
1437564247332953472,256.6419194635417,60.11773235047229,0.15113007175061324,0.01613955944776535,-18.095466184158262,0.02031964808702469,1.0124615144770106,0.02724546194076538,-380.1457214355469,4.661764144897461,1.0867838859558105,14.387730598449707,465.7199176550502
6708836089992877824,280.9379167688029,-45.37025209484097,0.1326211436827108,0.01558852382004261,-14.285537899572143,0.017130054533481598,-3.3750028713881934,0.014554248191416264,194.61932373046875,3.640692710876465,1.0256133079528809,13.48525333404541,465.6810183907627
5353108531791990272,164.1167641412478,-55.33163994761071,0.3132481934321249,0.012678106315433979,-32.96626143099812,0.015402109362185001,13.807094129964446,0.012730458751320839,323.71441650390625,3.812084197998047,0.9376145601272583,13.559706687927246,465.62084938906685
6447308212712662528,296.8006229595869,-58.640784026666346,0.27173929190993007,0.03147822618484497,-17.042363487014057,0.02615508809685707,-34.55344539165248,0.02674144133925438,196.04904174804688,0.406017005443573,1.1529613733291626,9.997358322143555,465.5676700195041
1304724825878116608,247.64158337049375,27.15002607173531,0.17551561960878154,0.012043102644383907,-22.619018548079367,0.010201656259596348,-2.2745646883670982,0.012137659825384617,-178.68212890625,1.8796473741531372,0.9959214329719543,13.401901245117188,465.4071722490177
5807558437247744384,254.4326786934241,-71.15281716264825,0.13053679282859,0.012124910019338131,-12.338656728115495,0.009662564843893051,-13.422696943309806,0.013050775043666363,89.39505767822266,1.6598705053329468,1.0209072828292847,13.599908828735352,465.2801982122941
6795367242779424000,310.82310024010627,-28.74383682580688,0.17865168987166985,0.014029803685843945,2.352777818285113,0.015304092317819595,-24.824006825121735,0.011967702768743038,-247.2460174560547,1.4316203594207764,0.9866489171981812,13.163323402404785,465.2274474755426
5933582325426559616,246.38574070507437,-53.622433846737565,0.1362295282597627,0.015215977095067501,-8.70580531623096,0.01731649599969387,-17.01755559761776,0.01394491083920002,19.327655792236328,0.5948865413665771,0.9533834457397461,13.113286972045898,465.06443459869797
1397141320812723968,239.0200895762569,45.564162489962904,0.15160545398550257,0.011624125763773918,3.9555810561088265,0.0118191447108984,-14.758774911871654,0.01423836499452591,-144.90625,2.9911460876464844,1.097218632698059,13.546087265014648,465.03606197067717
4430540588694552832,234.63025670097844,6.805114895970165,0.16855281413153067,0.019263319671154022,-18.36675143671222,0.019598377868533134,4.5158637260432695,0.017641915008425713,-62.868438720703125,3.887686014175415,1.1349505186080933,13.907865524291992,465.02190767589434
1492540447197304320,216.93274712531382,42.93764973978698,0.09694784671800373,0.011404194869101048,-5.624819948984985,0.009869267232716084,-11.435947802743621,0.011754876933991909,-289.8827209472656,1.5047460794448853,1.0028831958770752,13.535330772399902,464.9971012249636
5819863862157033728,234.3910336729625,-70.06008827952824,0.17127772926465407,0.016136128455400467,-20.822626264979696,0.011765792034566402,-10.277372193383782,0.01483238022774458,63.70189666748047,4.202409744262695,0.9688873291015625,14.256385803222656,464.8976513084266
4341777461668881792,240.99637580502477,-13.444567177025714,0.15042659479141596,0.01713895983994007,5.481095071221705,0.021474016830325127,-16.24774144118191,0.011510795913636684,25.25910758972168,3.2823612689971924,1.0076779127120972,13.852096557617188,464.87566048339636
6758271163571330944,291.32409903320615,-30.650730272719834,0.25239117165561464,0.02197098545730114,13.094297349012681,0.025881504639983177,-30.0199938547732,0.02137710340321064,-155.55029296875,4.105607986450195,0.8514726161956787,14.229595184326172,464.86317452268196
4091797342779332224,279.0482440885902,-20.328471455388883,0.1959524888467261,0.020481280982494354,5.741087006862607,0.023908592760562897,-24.88669323372706,0.01852315664291382,-186.61000061035156,3.152291774749756,0.9041434526443481,13.717689514160156,464.74332160825344
1811422213937562368,309.9615722130893,17.373386975873508,0.16970402668306636,0.018112679943442345,-14.977385132592882,0.018233386799693108,-12.130626968053855,0.015182480216026306,-253.23538208007812,4.256193161010742,1.0304783582687378,14.046974182128906,464.7410072909459
5811396935422893696,262.99007116971507,-68.4781066544257,0.14233092392964114,0.0175356175750494,-2.2065133259792975,0.010036703199148178,-18.573135402218814,0.016034957021474838,38.213863372802734,4.815821170806885,0.9605951309204102,14.484081268310547,464.6951177252135
4712261752930056576,20.12816587139465,-63.55733623140991,0.26068378062881054,0.011107580736279488,21.681078537398445,0.012806420214474201,-26.36773441073877,0.011724279262125492,-71.68011474609375,3.1579716205596924,1.042791724205017,13.555835723876953,464.6528805918707
6745011190777021568,293.0260231012287,-32.996306282246444,0.20488634599291475,0.018256282433867455,-18.618530953786784,0.02172432653605938,-20.528555151659805,0.01746375486254692,106.5231704711914,2.8425605297088623,1.096442461013794,13.642355918884277,464.50870951534114
1503123933809908736,206.40895467650378,44.18462007530911,0.1458890197175779,0.01261715404689312,-18.703230555941165,0.010001149028539658,-6.551512356302191,0.012043710798025131,20.720306396484375,1.5013625621795654,0.9747779965400696,13.603995323181152,464.39972048542717
6850910137808387712,301.2030827075633,-24.634853178933245,0.20388437285572805,0.0214836448431015,-15.627119504569501,0.02339387871325016,-14.728634683398916,0.016236206516623497,235.15924072265625,3.8004817962646484,1.024662733078003,14.522113800048828,464.2383506999893
6757802221861804288,290.4896956210223,-31.81999912875523,0.1969600976673226,0.019607359543442726,12.773881466075578,0.02098720706999302,-17.992169632779767,0.019184526056051254,-231.47293090820312,4.770191669464111,0.9646833539009094,14.075338363647461,464.2337846986356
725973412895939584,155.87674177239288,24.65538054711057,0.17717229180383295,0.014724249951541424,9.925629595799098,0.014590403996407986,-19.742849327815946,0.014000510796904564,-63.611305236816406,2.9924423694610596,1.0676833391189575,13.30101203918457,464.13756373131696
1555978179311251200,193.95319104130857,50.84743427563138,0.12625091410563502,0.010956613346934319,-8.630038188882887,0.008421911858022213,-15.809973644163883,0.010758591815829277,11.555456161499023,0.9361454248428345,0.9253032207489014,12.680461883544922,464.1227969275465
5809671488137026816,268.6622986677782,-71.89909439426414,0.14677521695737844,0.016138162463903427,-3.4504970200830405,0.012107380665838718,-19.50713197952645,0.015021277591586113,77.39178466796875,4.285950660705566,1.0247249603271484,14.395522117614746,464.0023970656648
6651708317669868032,282.9473258988,-52.18815428080529,0.15785819351202654,0.016794370487332344,-15.283836697524626,0.017202474176883698,-5.5834055647813265,0.016322266310453415,-212.3546905517578,3.6055803298950195,0.9757502675056458,14.081844329833984,463.9538881399379
4556394469186188928,265.67917177522736,22.254692057694818,0.16508868574383884,0.015513494610786438,-9.588537691122959,0.009797805920243263,-18.936505803436678,0.015782112255692482,-46.01332092285156,3.8851311206817627,1.0266129970550537,14.151261329650879,463.94367295332336
6325568769158547584,223.0122987684285,-10.43164518549879,0.21491684338045364,0.02473095804452896,8.796160618212038,0.02721666917204857,-20.073867020996875,0.021046683192253113,154.21157836914062,0.5518494844436646,1.1342865228652954,11.282600402832031,463.9412190136423
4229882431044917376,308.1877918882178,0.40989558844541146,0.16264317110858414,0.013783834874629974,-15.73675581950344,0.0140085993334651,-10.627672666828353,0.011488205753266811,-191.12680053710938,0.8137048482894897,0.9280465245246887,12.741158485412598,463.8837420321285
4130561381051681536,252.69865722380501,-19.433357785275046,0.17179462080628904,0.017158571630716324,-19.248512666854335,0.019573651254177094,-1.252675633284586,0.013846145011484623,-216.24069213867188,2.0074307918548584,0.9950708746910095,13.640673637390137,463.8759411143447
6272032727665252736,218.9950418649191,-24.479397487198725,0.3325568582708246,0.015068099834024906,-37.47958253232031,0.018055418506264687,-13.532331803965508,0.020202431827783585,366.2211608886719,3.3622848987579346,0.976558268070221,13.216894149780273,463.8029534923099
6694497015254142464,304.08703936233553,-36.67458704403952,0.23227985539996665,0.015080658718943596,-22.548970009868718,0.014445259235799313,-17.300695371763855,0.011957382783293724,95.74498748779297,1.9270637035369873,0.9923568964004517,13.210853576660156,463.7027500131857
1810063561166869760,304.8771756845824,18.065452982520778,0.16252557570677134,0.012999909929931164,-5.967569199209528,0.013396092690527439,-19.031044696617332,0.013404976576566696,-273.0733642578125,0.26858052611351013,0.8745715618133545,11.531338691711426,463.64755386806837
773392841141366528,179.39494890740517,45.588563179732276,0.21126006873693826,0.015479927882552147,-11.742247375454596,0.010592997074127197,-28.23605626597815,0.015460394322872162,69.86009216308594,1.4208604097366333,0.9076016545295715,13.499247550964355,463.50900982171396
6049754391846260864,242.8328575358927,-24.93641647798469,0.21330348146964423,0.014773953706026077,-24.88624368136055,0.020021580159664154,-19.03522803510168,0.014216330833733082,-25.025409698486328,0.2865421772003174,0.8720571994781494,10.69791030883789,463.338752679045
1283488411626738432,221.75648142878768,32.33003239585416,0.2866431885832394,0.013888218440115452,-8.088715461115028,0.007950492203235626,-36.84479524306504,0.014220668002963066,-175.60594177246094,1.231535792350769,0.983745276927948,12.929563522338867,463.13537824946525
1204751112647982336,242.32960621995434,19.938136470869672,0.2239400989127184,0.01375435572117567,1.4374003914216975,0.011265330947935581,-26.34840007224257,0.012489903718233109,-230.7788848876953,2.334272861480713,0.991771936416626,13.363235473632812,463.0493338895858
6221350429945324032,217.64138097945707,-28.645471858746248,0.1444847640070525,0.013517863117158413,5.46243778163378,0.01661491021513939,-13.911929330342376,0.015758367255330086,56.721519470214844,1.6197885274887085,0.9438467025756836,13.01498031616211,463.0364847890069
5800686352131080704,268.93215426269853,-77.52944012737055,0.28841799790682754,0.011060843244194984,-4.92616083992142,0.010223018005490303,-36.57998612906521,0.011669476516544819,28.185588836669922,1.5748039484024048,1.0321543216705322,13.250223159790039,462.9895486967421
5905945830082244992,222.30600150697134,-47.583329985939336,0.2529231221824179,0.02073650434613228,-25.56719359920042,0.021993478760123253,-18.96551655846706,0.02092224918305874,-113.23560333251953,4.532476902008057,0.9316363334655762,14.206300735473633,462.95257955324934
5902732026332999168,230.80308624847396,-48.02808798218999,0.13445095563235018,0.014585195109248161,-17.488902323156104,0.015363265760242939,-5.960810409343708,0.013671097345650196,192.36044311523438,1.1665512323379517,1.0197169780731201,13.307846069335938,462.829378739865
6900718633021528192,307.57507318704864,-12.731450591730676,0.3289513438302921,0.020235519856214523,-8.540328520599077,0.01985776610672474,-40.19180420386511,0.014373266138136387,-383.9186096191406,2.013878345489502,1.06570565700531,13.006093978881836,462.71690000829324
1298532651268997760,244.90380109411439,21.925130150468426,0.2011957980667906,0.013466374017298222,-10.688369148054107,0.011538482271134853,-23.810661031945344,0.012154640629887581,51.389644622802734,2.249100685119629,1.0266010761260986,13.661711692810059,462.708154405766
4693977767913376128,27.934604831288265,-69.91044699791,0.1201246034166191,0.014444665983319283,12.22812888065609,0.02204090915620327,5.354992342162703,0.018358582630753517,264.42266845703125,4.257477760314941,1.0489174127578735,14.317354202270508,462.6196800124013
2095732148240710144,277.15895274726074,35.95959819403868,0.19413507974958827,0.011036504060029984,-7.696296919804939,0.012591255828738213,-21.212071196615785,0.013267051428556442,-262.7791442871094,1.5609097480773926,1.1589747667312622,13.384552955627441,462.39937928647606
4414150817397879168,232.23852515069441,-2.9136524455224433,0.1616463390902953,0.015153811313211918,-10.50226661266116,0.016545062884688377,-20.05710980261798,0.01400198694318533,150.27117919921875,2.864917278289795,1.0131829977035522,13.51486587524414,462.3193328266816
6123345048687161728,215.06112127633978,-32.922090137326634,0.16253409159261362,0.017249539494514465,-20.069110171923786,0.017806943506002426,-0.17114856623628572,0.01610514335334301,-21.149097442626953,2.431955337524414,1.1310455799102783,13.182502746582031,462.2736467896723
4045032978563686272,277.3740820749516,-32.77681015507416,0.13004673648242004,0.01507619395852089,3.131376875359622,0.01601761393249035,-15.337166804572878,0.012734933756291866,223.94012451171875,0.5740598440170288,0.8103067874908447,12.317914009094238,462.2321776630857
4079010056850164480,282.8379227058551,-21.6776051241164,0.14514119736095935,0.016136033460497856,-8.02995457777939,0.01834782212972641,-18.12016049793114,0.015226253308355808,143.48455810546875,1.465988039970398,0.9096003174781799,13.365304946899414,462.0968143820089
4161663094682970752,263.98328083327,-13.268708389389385,0.1699846103802154,0.018679844215512276,-2.02259479237996,0.019095446914434433,-23.29157228518352,0.012934497557580471,-151.1438446044922,1.5576162338256836,1.0210034847259521,13.702881813049316,461.9372259925113
4147989323252878208,267.8534694592359,-15.831658973368222,0.20124798421162235,0.02139868773519993,-20.477975110229533,0.01785288378596306,1.9728893251949247,0.01489163190126419,-194.36260986328125,2.3039650917053223,0.8480486273765564,12.934874534606934,461.82427351368625
6307987342008744960,229.1586966680991,-14.72398417243809,0.1898781032900584,0.015768764540553093,-24.811500260246596,0.02002750150859356,-10.485772344674652,0.014962219633162022,57.05683898925781,2.283388614654541,1.0772970914840698,13.614238739013672,461.77941690526296
4303256827708816384,298.34148253074466,10.350197090239876,0.1989105893410641,0.02172098495066166,-13.577882115238044,0.02322564832866192,-21.592373309925154,0.017071658745408058,-174.00338745117188,4.78931188583374,1.0584315061569214,14.414178848266602,461.7504419082761
5101685956622191232,52.092614750903984,-19.495459703831703,0.17776399555906186,0.014752909541130066,20.169439436315095,0.015296058729290962,3.341627479763289,0.016302669420838356,-20.58098793029785,3.5478570461273193,1.029030442237854,13.651262283325195,461.74852071698064
6796164182550626944,306.7487021865214,-31.386486117115528,0.12178082227443333,0.01416894979774952,-3.805810804326059,0.014544808305799961,-17.54899878824247,0.012672336772084236,-23.398590087890625,2.069497585296631,1.064717411994934,13.365468978881836,461.68364114271895
4303804212701416832,300.03933018359123,11.478536377128929,0.27905301375586616,0.014311598613858223,-11.311688275731512,0.013979058712720871,-32.19136110277952,0.011199334636330605,-361.4242858886719,1.828288197517395,0.9294710755348206,13.443065643310547,461.67473757418134
5998219319794779776,240.258222877375,-37.54588421458777,0.13504208502728096,0.01609400101006031,-17.1582046835618,0.01765962690114975,-6.221423083549581,0.01477719470858574,-50.548343658447266,0.8062680959701538,0.9846656322479248,13.307600021362305,461.4507302079582
4143003209811281536,259.4107043094355,-10.546174363572057,0.19290006528118794,0.021336892619729042,-23.58654730307275,0.022491445764899254,-11.319242476585115,0.016679944470524788,-152.96546936035156,0.5425176620483398,1.0259654521942139,12.060056686401367,461.42181535311437
6863305207265313920,308.4255093317817,-15.514795476687862,0.17861829128101653,0.02083125337958336,-6.767969251798652,0.023742681369185448,-22.087214620427268,0.014828022569417953,-336.0420227050781,4.957444190979004,1.041365623474121,14.013086318969727,461.40930416783596
6412167443129785216,330.4450689000888,-57.72977324653319,0.10375181045185598,0.012737946584820747,9.471174100141296,0.011816720478236675,-7.580874129420104,0.012127086520195007,297.39947509765625,2.354322910308838,0.9645856022834778,13.569988250732422,460.93316790462484
5985406745209214848,235.28099400007716,-49.93340962925599,0.2708292216610392,0.019945651292800903,-23.492734898863315,0.020424112677574158,-24.443299236258248,0.019633179530501366,-149.07171630859375,3.4332926273345947,0.9587743878364563,14.261507034301758,460.883199945556
3154409902728232320,107.70709777557349,8.4456323467977,0.1243800759781539,0.015360429883003235,-9.655007305704917,0.016509413719177246,-8.76443659659664,0.013782455585896969,83.5993881225586,1.8561936616897583,1.0570448637008667,12.66977596282959,460.69815195561773
3645437815573697152,210.50110216644143,-3.6057262852952605,0.3390615307297113,0.018974030390381813,-40.416090143881746,0.01981663517653942,1.3910968994949255,0.015411627478897572,-59.70309066772461,3.182898759841919,1.1974583864212036,12.675737380981445,460.68003891277283
4389811997946501504,263.3458098473313,5.591207386402457,0.3002933673468292,0.01366228237748146,-1.8010705032413599,0.012002517469227314,-36.71761896522698,0.01030690222978592,59.466064453125,1.7167607545852661,1.0369188785552979,13.351091384887695,460.5696568950144
1677649895521907200,199.41458134732534,64.25268752105885,3.1549974240079752,0.011454890482127666,-283.82062793444015,0.013578454963862896,-155.95512809910434,0.012314735911786556,224.1628875732422,1.9849494695663452,1.048206090927124,12.751896858215332,460.52455450480124
4439062078689009152,249.72354523535535,7.275417416064372,0.22909610907585184,0.01642334833741188,-5.158361519873077,0.018061375245451927,-26.31432633361139,0.01607380248606205,-361.5913391113281,2.6118667125701904,0.9964964389801025,13.680463790893555,460.44653061001617
6139817416498389504,191.62721473508813,-42.382724562211756,0.13087365518259012,0.015519951470196247,-15.848727074786265,0.016042295843362808,1.0827946743242873,0.014095962978899479,298.74810791015625,3.3166110515594482,1.0199487209320068,13.818615913391113,460.4182871618249
369471061241098752,17.576664785542214,37.15128878548249,0.12127014052327215,0.012892300263047218,14.353914137094765,0.012536241672933102,-4.039316853178071,0.012660318054258823,34.37268829345703,1.7975401878356934,0.9453576803207397,13.3392915725708,460.36653129220366
6061453917139569280,194.38437050004953,-56.10729266337984,0.5059396748905547,0.014361592940986156,-57.54535330847672,0.009175000712275505,11.330429073614166,0.011704536154866219,389.28155517578125,0.3057103455066681,1.1520779132843018,12.001317977905273,460.24857618319817
2115754117541579008,272.8895398532848,44.993777039403874,0.11103366735870078,0.013050434179604053,-6.580305172816833,0.015784038230776787,-10.365937259438223,0.01803670823574066,-351.07073974609375,2.629892349243164,0.984531581401825,13.985907554626465,460.13956075498334
6629867584337398656,275.3543462063529,-64.7319128389206,0.14196430251664582,0.0139523446559906,0.41575576221511024,0.009816749952733517,-19.05760060782371,0.011106975376605988,36.76698303222656,1.4770584106445312,0.9741620421409607,13.584294319152832,460.1178309376836
6220673921057192320,214.71738436760964,-30.78249870957166,0.23798349909164873,0.019433531910181046,-29.746905168480644,0.021306214854121208,-4.628278705319768,0.01816968247294426,-49.35724639892578,2.658186674118042,0.9039719700813293,12.829634666442871,460.0592354923108
5815543017668451072,250.74194320639666,-66.04154776061102,0.16775425056399823,0.01115565374493599,-16.6514027002261,0.00685974583029747,-11.326158369187198,0.008872024714946747,-143.01832580566406,0.5503122806549072,0.9245893359184265,12.661711692810059,460.0179560622267
2686868185319279104,323.87450450761514,-0.6287935806748439,0.23556525256854458,0.01409584004431963,0.43268732121197284,0.015611683018505573,-31.014080504764905,0.013332010246813297,-288.9647216796875,2.245962619781494,0.9577105045318604,13.245288848876953,460.0162527156521
4206715274380234496,291.382080450291,-8.617357581873932,0.15818336077138595,0.015343478880822659,-3.860767669779385,0.01953468844294548,-19.193724040392365,0.014836128801107407,137.04519653320312,4.769529819488525,1.0651295185089111,13.053383827209473,459.9752270342838
4497814345087739008,273.3863107899839,14.74518621748378,0.1740985084814152,0.015308460220694542,-7.2359143593485395,0.011846276931464672,-21.60711099447011,0.012065495364367962,-105.8675308227539,2.970205783843994,0.9617935419082642,13.922483444213867,459.8582630129853
6147204176131426048,187.40835034203272,-40.48851839283546,0.1853161345107107,0.017231157049536705,-23.168369813756367,0.014718236401677132,-2.7872254147606297,0.01730312407016754,140.1095428466797,2.6870498657226562,1.0285383462905884,13.854865074157715,459.81498070758875
1180456372438570112,224.56475100638318,11.415602385621948,0.14263288219378156,0.01454856339842081,-15.015495015411208,0.014967638999223709,3.820270649194343,0.013891471549868584,54.788204193115234,1.561987280845642,0.9387757778167725,12.895766258239746,459.73757936612486
2093249725866266112,283.55038707150624,35.79862024576489,0.25631218730366084,0.013575089164078236,-15.59497509049479,0.013590903952717781,-25.53771723544844,0.014648259617388248,-214.49876403808594,2.8641293048858643,1.1696857213974,13.883965492248535,459.6969738272847
5987203003574973952,234.4848786405493,-46.64073258107236,0.12820563598603646,0.015216250903904438,-14.024047052193861,0.018134281039237976,-11.836112576242346,0.01551753468811512,69.89100646972656,0.8721586465835571,1.0583008527755737,13.120896339416504,459.6154838338694
4071397244501242752,282.07132450999904,-29.17665367147245,0.1456240179038034,0.015809353440999985,-0.6725109919468044,0.018280459567904472,-18.592002750852206,0.015429136343300343,217.2879180908203,2.4423015117645264,0.9473658204078674,13.330648422241211,459.6144619373787
1826568403277566592,297.0541312438257,20.61919408342091,0.20986957661722305,0.01921696960926056,-18.100813096658904,0.019128484651446342,-12.999009647724211,0.01954607293009758,-430.04974365234375,4.188977241516113,0.9832180738449097,14.73435115814209,459.5723435218138
3688109243372403200,200.2749988228039,1.2283340674238403,0.257293318980914,0.015754617750644684,-32.96301166638624,0.02015707641839981,-5.931216095122255,0.01269298791885376,45.68381881713867,0.45035937428474426,1.0102015733718872,11.896425247192383,459.43862885871044
4401709950705035264,233.52685571697037,-4.575849546108235,0.1406835054346928,0.015325799584388733,-16.079933201055812,0.015462350100278854,-13.143353258754455,0.013274292461574078,-40.63925552368164,0.7035618424415588,1.0903222560882568,12.4036283493042,459.34779860633694
5835015235520194944,244.51978573710772,-58.32871018629389,0.15018971660808744,0.01393280178308487,-16.293812636427578,0.01605183817446232,-13.720275284120909,0.013489938341081142,104.42521667480469,1.0903385877609253,0.9627098441123962,13.160003662109375,459.34740657414625
1191989287342960640,241.07377944592912,14.542525041096347,0.10842602649588506,0.012923981994390488,0.6623064811783218,0.012134058400988579,-13.020260924642981,0.011561744846403599,-195.10791015625,1.3620585203170776,0.9637247920036316,13.087556838989258,459.33850591219544
4108805688146500480,256.7776908418968,-27.061164432116655,0.14271602860007815,0.017793433740735054,-12.171458980483418,0.020609717816114426,-15.996361851956127,0.014206021092832088,-181.41189575195312,2.188537359237671,0.8119233846664429,13.464597702026367,459.2984970972588
6856971539252536064,312.5751880996283,-20.57698115167899,0.16730670505315987,0.020361902192234993,-14.5094361604582,0.02005143277347088,-14.871011037209382,0.014688875526189804,-18.953195571899414,2.6297168731689453,1.0266777276992798,13.933530807495117,459.1527802880878
2397975215969166720,341.86992089198,-20.78606015165093,0.19395851636352657,0.015588909387588501,-3.1344996520705197,0.017572376877069473,-26.04797629419141,0.014128228649497032,-187.6717071533203,3.7561702728271484,1.0349370241165161,13.577279090881348,459.1176911519116
6854707576094389760,309.5650329824014,-23.43031481794257,0.2876577382510201,0.02144720032811165,-20.94083986297945,0.02264346182346344,-33.05011320020749,0.014907884411513805,-53.37018966674805,1.2603933811187744,1.0509772300720215,12.97502613067627,459.01011554031294
6367935563517186816,296.8805122901225,-73.45116553719286,0.14613083047698952,0.012537581846117973,4.564959231120103,0.010160811245441437,-18.860436177987985,0.01369606051594019,213.92250061035156,2.0495214462280273,1.0305613279342651,13.51662540435791,458.929733587952
4199840749731776000,289.83107905069363,-10.786093987334928,0.15685643212089356,0.01750156655907631,-14.308681539584068,0.01997268944978714,-13.71574577037911,0.0161929689347744,64.11528778076172,3.1726012229919434,0.9848860502243042,13.68353271484375,458.9098293650607
5798661601483311616,226.4755602839684,-70.43376070274682,0.09939793077474472,0.01017689611762762,-10.571809028237658,0.0071454038843512535,-7.4097425429740795,0.009258723817765713,294.8319091796875,0.6295326352119446,0.8554863929748535,12.184638023376465,458.89889800728076
5892311920288709248,215.36630857050392,-56.65832274467947,0.22521485502937003,0.01375897042453289,-23.60011403557951,0.010771553963422775,-18.385900955276995,0.012163994833827019,80.74944305419922,0.5648099184036255,0.9480755925178528,13.170795440673828,458.6159001507677
1163111885748176384,229.31299183947547,6.5311440161625836,0.14285924133052105,0.017783500254154205,-2.5789380708920433,0.018953954800963402,-17.292463724756914,0.021000025793910027,-255.12208557128906,3.6750338077545166,1.0944584608078003,13.592679023742676,458.5893316695817
6224884466484614656,226.087836904855,-27.0822849445278,0.3177895623213234,0.019642449915409088,-37.06825651151502,0.023844720795750618,-15.411686272925978,0.018307510763406754,-163.871826171875,3.435624599456787,0.97620689868927,14.130212783813477,458.4272048758123
2328889842379366144,351.60530609417685,-30.576233481771826,0.13902499521335954,0.015789831057190895,15.19828145575408,0.011787810362875462,-2.204183926936763,0.015881113708019257,110.1815414428711,1.8370552062988281,0.9926578402519226,13.419971466064453,458.3661017014243
6321072698610561792,231.1717058302169,-8.05774658449175,0.12566966533648183,0.014532101340591908,-1.5819384996386896,0.018583571538329124,-15.63543554288685,0.01601804606616497,182.95899963378906,2.2696406841278076,0.9847484827041626,13.40359878540039,458.21352710271964
5345506680183570176,174.31449772856288,-53.17520667899242,0.12447082070830959,0.014514006674289703,-13.951145512049402,0.014190311543643475,0.49209863872868964,0.013446069322526455,398.240966796875,2.178168773651123,1.0143382549285889,14.060196876525879,458.1550014555788
6208752187060415104,233.68539644019447,-30.331041524139867,0.18615961014260599,0.016508042812347412,-20.82691657665561,0.017966357991099358,-12.581730046987682,0.013980302959680557,-166.73744201660156,0.7027660012245178,0.8526439666748047,12.916478157043457,458.0797392163298
4130922360161363968,251.63185683560798,-18.438205680971997,0.15542027757554502,0.017126455903053284,1.8827917981726465,0.018161172047257423,-16.050168924261317,0.01308732945472002,268.6086730957031,0.5145822763442993,0.8551065325737,12.951780319213867,458.06652088130556
6596528841294937984,341.47174982563973,-35.39066071482198,0.14999672134525616,0.014518667943775654,-10.124782719180471,0.014016651548445225,-14.349183369824662,0.012699618004262447,19.654329299926758,2.970728874206543,0.9922731518745422,13.43703556060791,457.93439643058775
1280125108631953024,221.0096271774165,28.25976390048715,0.2111926062801943,0.018367329612374306,-26.012995767217937,0.01426483504474163,-7.870397605546041,0.01641117036342621,-268.81524658203125,2.558276653289795,1.0381816625595093,13.617541313171387,457.8730922754518
5911232861797973504,268.70177794804766,-61.533457736483705,0.2676285018156981,0.013759922236204147,-16.67014837503124,0.00735185481607914,-25.932738121284363,0.0072762612253427505,-222.98590087890625,0.5680903792381287,0.9574666023254395,12.771470069885254,457.66714554860005
6894396436865459328,321.47179256451244,-9.089539745884512,0.15131631784119348,0.014959425665438175,-7.792462913368297,0.016892213374376297,-18.353644218939753,0.014061715453863144,-130.2476348876953,1.6481115818023682,0.9939968585968018,13.39822006225586,457.58986614961486
4170588277234857344,270.69528661418497,-8.09898380577048,0.15269729047381392,0.01738540641963482,-11.676625262660744,0.018889838829636574,-18.202196419232262,0.014866945333778858,7.289309978485107,2.7568702697753906,0.9977492094039917,13.392044067382812,457.5216185200044
6866508634394390784,303.2867465774155,-19.295271640837164,0.19011452548374635,0.01639225147664547,-15.755775544482729,0.0182175450026989,-11.83301487342927,0.012348068878054619,171.6021728515625,2.536503791809082,1.0417413711547852,13.73138427734375,457.44019419992054
6477482453910217728,314.6841151304484,-51.36258599480414,0.20693499791441822,0.017737753689289093,19.814167358512968,0.015986012294888496,-9.893610245197001,0.01307521853595972,-48.30289840698242,1.581207036972046,1.1500602960586548,13.033820152282715,457.3773043200255
5793977059162535680,231.74441591255754,-74.4892958134668,0.1384094424555001,0.010111403651535511,-16.029796387431507,0.008740440011024475,-9.132693726846062,0.010011324658989906,231.00978088378906,0.352880597114563,0.9116908311843872,11.819153785705566,457.3157133079818
6084615473160267392,195.90609464083752,-49.48254246391764,0.18221818601108247,0.022344185039401054,-23.116157416078448,0.016750922426581383,-1.5330146770991726,0.014917910099029541,125.97154235839844,2.124176502227783,1.0212318897247314,14.143024444580078,457.2950694542793
1803316682937074560,305.11534239807514,13.273650607428774,0.11717095849190703,0.013507790863513947,-5.271349862222301,0.013688488863408566,-13.632263937761444,0.011055130511522293,-245.49505615234375,0.7739204168319702,0.9617516994476318,12.438081741333008,457.2615771726415
5246267818680711552,150.90711266931066,-65.13327756463474,0.13477627825439903,0.011318453587591648,-8.755183625405023,0.013512834906578064,11.949396253478763,0.01349200215190649,369.2148742675781,1.4028024673461914,1.0700767040252686,13.648250579833984,457.244853996268
6038889082362759040,244.53589898645842,-29.020111997293398,0.16581915330980512,0.015641702339053154,-21.389198942687834,0.02071152999997139,-7.348447552265722,0.013300414197146893,13.389459609985352,0.9135231375694275,1.0260467529296875,13.207242965698242,457.2145947955624
4602326700573862656,265.4074975780132,34.528843308971666,0.1041308227802682,0.010723545216023922,-4.488915925272373,0.011155670508742332,-11.751647890954018,0.012122368440032005,-193.2803497314453,1.3962894678115845,1.043060541152954,13.311124801635742,457.0841030911292
6370451589719302528,323.67194624046857,-74.33905451273003,0.18811602087487747,0.009801449254155159,10.26893296983878,0.009237111546099186,-22.044460912245246,0.00979128759354353,-58.159637451171875,0.27319440245628357,0.8273571133613586,11.689872741699219,457.05959706331856
3950313865761262464,183.61568438362266,18.850770707016622,0.45251841400188797,0.016984593123197556,-38.907673502583506,0.020977424457669258,-54.152858960767595,0.013930224813520908,49.104103088378906,3.144935131072998,0.9364587068557739,13.525542259216309,456.8288029009941
5976607280567793408,255.75693036206997,-37.16993487931484,0.2564223167714981,0.027931829914450645,-3.047772971442938,0.03526591509580612,-30.403831544685083,0.02305568754673004,300.9197998046875,3.012713670730591,0.992081344127655,15.040908813476562,456.8082551989659
6120253909184402560,216.6903282474559,-34.081503986820415,0.16958169547665963,0.019598983228206635,-17.324033172281393,0.018957341089844704,-16.701531099083272,0.019501134753227234,115.42404174804688,3.7629330158233643,0.9734439253807068,13.783266067504883,456.7037603931345
6117242381201461120,212.88069370642964,-38.56050303347756,0.257664575531398,0.016459312289953232,-32.223482619000684,0.01589474081993103,-1.4747230539406602,0.01577584445476532,260.9575500488281,4.015239715576172,1.1125329732894897,13.424115180969238,456.66134361662426
4122387504234674816,260.68318401318413,-18.88986633287468,0.20103267187449284,0.018202081322669983,-23.464360358353964,0.02113324962556362,-15.756148402408677,0.014616125263273716,-93.49543762207031,0.30737629532814026,0.902039647102356,12.000798225402832,456.6377802391001
6260960061460945920,236.95389553114438,-16.798007428707205,0.16432728296720853,0.016045192256569862,-18.52814994274368,0.02041282132267952,-0.9482858413405875,0.013756664469838142,-198.22544860839844,2.5665719509124756,0.9961520433425903,13.433218955993652,456.5548154986886
4436082127304474624,245.01085244366823,2.763230809040817,0.25763745782814895,0.024879666045308113,-12.409249188606578,0.02483673021197319,-29.003772823831294,0.014325120486319065,204.75733947753906,3.1333653926849365,0.9973074197769165,14.259570121765137,456.45164639588535
6426415086603073920,308.7265549743718,-64.87470319084728,0.15127921698536512,0.016318265348672867,9.072413243275312,0.00990491546690464,-16.339531624702886,0.014069312252104282,-105.07614135742188,2.0226986408233643,1.0066685676574707,14.130300521850586,456.3767394034571
4243623543258258560,302.3245068728881,1.8583197288558364,0.17303771134767462,0.020285671576857567,-12.785305117632383,0.019844533875584602,-17.849007221638423,0.01662287674844265,-81.33944702148438,2.4096693992614746,0.9492416381835938,14.101696014404297,456.20957195038693
1420386680251096192,260.25580372817274,55.2550788582743,0.22737514360059344,0.01126016490161419,-23.234526097279666,0.01362365297973156,12.195246295113005,0.015265222638845444,-110.48535919189453,3.6006815433502197,0.9588894248008728,13.787763595581055,456.01785220340776
6403722575354444928,325.4212564358303,-62.1995414306605,0.19575388638483923,0.010715564712882042,10.737063394624013,0.007181414403021336,-24.109516855990375,0.010112548246979713,261.08673095703125,1.6867793798446655,1.0320930480957031,13.080604553222656,455.9583796162542
322573007666633728,23.982460360264295,37.334395838248895,0.1737269440028551,0.016874779015779495,21.325379060678753,0.016527963802218437,-5.636243689466275,0.013304992578923702,8.787866592407227,4.002281665802002,0.9595453143119812,13.951000213623047,455.9311550357325
6300811684311204480,211.74689678676785,-15.240109456662662,0.17356980433486516,0.017867475748062134,-17.862475602983217,0.01904008910059929,5.565448605163733,0.015094630420207977,38.67549514770508,1.4205749034881592,1.1125177145004272,13.095539093017578,455.77978488701507
6255550326810449152,228.2529031746234,-21.333361760551757,0.16976917598241106,0.016690285876393318,1.5292058368377734,0.022435981780290604,-19.87285206747106,0.017910709604620934,-86.05933380126953,3.271153688430786,1.117980718612671,13.475777626037598,455.7678695356832
6035425350171066112,243.67676127511393,-33.67887248399264,0.14668193274945396,0.017042895779013634,-17.813225074352847,0.021672766655683517,-3.032804730789874,0.015374135226011276,-104.8274154663086,0.37716978788375854,1.0257734060287476,12.593362808227539,455.6150370095987
6707244959237620992,273.1051679613522,-47.71009391136277,0.1809872565038788,0.017562391236424446,-16.028511124780565,0.017077438533306122,-17.274235021930718,0.013313593342900276,-184.8758087158203,2.2079317569732666,1.1413387060165405,12.897751808166504,455.6071807246313
6099112976350020480,217.46006660900028,-45.45735326493397,0.17674971516821258,0.01634380593895912,-21.459875464138047,0.01675255224108696,-8.93481859448164,0.022997139021754265,-16.257108688354492,1.4037119150161743,1.098039150238037,12.731307029724121,455.5906092382436
1442129179093046528,203.22855244566205,22.440786817739014,0.2333076751389949,0.01777605339884758,-29.203235048552845,0.018763506785035133,-3.2558462713205416,0.010502545163035393,-63.17056655883789,3.363579750061035,0.9534040689468384,14.16744327545166,455.54530878035933
6519251698057832448,339.5493908258234,-47.052609070298004,0.2719912552444873,0.012332134880125523,3.5295421364021866,0.008783954195678234,-35.653261727877094,0.010984056629240513,-206.16746520996094,1.1900044679641724,1.0052179098129272,13.149218559265137,455.49045707590926
5922785675309458944,258.83508321086424,-54.678655797686744,0.20076081647364927,0.019351569935679436,-12.339788818080724,0.017508093267679214,-21.796056814098336,0.015951352193951607,-180.85885620117188,2.134216547012329,0.9083836078643799,13.97081470489502,455.4680670554987
5948776274771642112,265.8455296068673,-47.39227514338746,0.20242953793381324,0.018683450296521187,-14.03285980244605,0.016030902042984962,-26.066664538766744,0.01179010234773159,20.592992782592773,1.7354347705841064,1.088862419128418,13.057504653930664,455.44065517680474
6231319392636738304,226.22039413520378,-22.841266631138847,0.142064325176255,0.014194062910974026,-17.694693140849786,0.01570430025458336,-2.9423364429101806,0.014707706868648529,211.86476135253906,3.0031163692474365,0.9609238505363464,13.381789207458496,455.3853781457447
1589705595413649792,227.8623459937725,50.28372505715359,0.17070543374052793,0.012720011174678802,-3.1066694340367578,0.012664531357586384,-19.533324868393805,0.015267499722540379,-244.61196899414062,3.5922422409057617,0.9787482619285583,13.880647659301758,455.3749816415322
4545351214910248320,253.93938396984976,13.870994578390698,0.12546703157778233,0.01269521564245224,-3.2838350025833054,0.012163495644927025,-16.022631055986068,0.011036256328225136,-189.25457763671875,1.373207926750183,1.0183058977127075,13.2216796875,455.159660689434
6883932663876131072,318.76396675804847,-15.909921421054037,0.13640334021325784,0.014638151973485947,-3.3964737624603205,0.015817584469914436,-18.799647115948012,0.01420049462467432,-85.64250946044922,1.441733717918396,1.1420552730560303,13.408616065979004,455.06348654890945
5637997011047611264,140.81473672725494,-26.711146848973314,0.23113797471353575,0.01218797080218792,-1.0108360442112003,0.010874602943658829,-26.39329076875912,0.009815188124775887,255.4275665283203,1.7004637718200684,1.041904330253601,13.308415412902832,454.91756855920704
6683268012237286784,309.66096972228917,-36.2365291303151,0.21785693386529592,0.01614866591989994,-19.072131396640085,0.014677595347166061,-20.725436307840926,0.012328464537858963,-24.463850021362305,0.3923240602016449,1.0203207731246948,11.79196548461914,454.89935335318415
6007913267139731584,236.09896614455235,-40.81459688703365,0.13252829256775026,0.016004890203475952,-11.488760406713821,0.017367182299494743,-13.090538253964315,0.013707773759961128,-136.43426513671875,1.3304822444915771,1.0675631761550903,13.742477416992188,454.7919442875149
2554131533838061440,9.794034707722574,3.946409596030956,0.16662937376072035,0.017021462321281433,20.37822853007642,0.022485807538032532,-9.841831431422204,0.01737600937485695,-61.53913497924805,2.115126371383667,1.0288779735565186,13.500824928283691,454.6299623643636
1284444436982250752,216.97615971515265,29.847908655349055,0.21990143006777169,0.014032919891178608,-10.479294189493869,0.01418745331466198,-28.52243992357363,0.013718183152377605,-40.843994140625,3.630261182785034,1.0025715827941895,13.373501777648926,454.56227760473683
1805549657914986624,307.23815687632685,15.527140514735963,0.1459981411865487,0.01535345520824194,-10.983659418311984,0.01632002554833889,-11.5338920956225,0.01369384303689003,-384.91851806640625,2.184030771255493,0.9691673517227173,13.545791625976562,454.4809758232437
6914784169878244480,312.52259423650594,-3.933970100503323,0.17548120489147367,0.01761486940085888,-11.734959512358154,0.018344629555940628,-18.749748442789034,0.014141478575766087,-65.54388427734375,2.9914894104003906,1.0248523950576782,13.861591339111328,454.3848666471203
6575475637460705536,321.79121245097105,-46.72864107670373,0.3962470252121197,0.014766893349587917,-13.04131399033764,0.01419227197766304,-53.18904329562136,0.012812178581953049,-121.56423950195312,2.0345585346221924,0.9755235314369202,13.185256004333496,454.38207973890104
4543905391480451584,261.03145047823267,15.689073545366133,0.2328652653624088,0.011357035487890244,-26.426723539626895,0.011270870454609394,-7.107992311501894,0.010684369131922722,-350.6732482910156,1.3191795349121094,1.04298734664917,13.14932632446289,454.260895611091
4178452259268650752,268.9566739161236,-2.3494945370845826,0.24416414254986235,0.023233888670802116,-8.695806761945892,0.025188148021697998,-27.939872085047487,0.022860243916511536,163.3727264404297,4.078704833984375,0.9563782811164856,14.463459968566895,454.1307734392895
1786135065702630912,323.7847587198245,18.5709472629746,0.29483256742784025,0.014789930544793606,-14.776132226955427,0.014164126478135586,-30.00103136976056,0.013757203705608845,-168.04180908203125,2.909302234649658,1.0316953659057617,13.164246559143066,454.0803462554137
6474052011990883584,307.36642810852106,-53.265155410385354,0.5746279769968017,0.016888437792658806,32.166578869732604,0.015919547528028488,-72.40368138249623,0.01437801867723465,42.547977447509766,2.972280502319336,0.9984920620918274,13.57241153717041,454.07769471482226
4165908991953976064,261.4267040067393,-11.531006898188725,0.39463779709291213,0.01696619763970375,-22.619787310885734,0.018280480057001114,-51.393969708585665,0.011888306587934494,35.90040969848633,1.3944413661956787,1.0623530149459839,13.480353355407715,453.98551893284326
6764724575269362176,292.1372724662646,-28.878384215925575,0.13035166282319363,0.014876846224069595,-11.98995164339098,0.018048521131277084,-9.412551715524277,0.016801156103610992,179.74989318847656,1.3541131019592285,1.0612432956695557,10.914008140563965,453.9211957077245
6087590373666222080,201.76813310917018,-44.50090894646986,0.37612412108786164,0.016751637682318687,-45.67245334117287,0.014682934619486332,-12.037658519054936,0.01655125431716442,329.0326232910156,2.6555819511413574,0.8871635794639587,12.611152648925781,453.90751873641614
1196253502675947008,236.17526578459598,16.61767797485923,0.220440626641036,0.01650887355208397,-26.946789584921174,0.01847798004746437,-15.266538601781196,0.011257526464760303,-20.205490112304688,3.012826442718506,1.101305365562439,13.385357856750488,453.859033752304
6376753204392298368,315.60844847655517,-68.04458838282062,0.31200050581513,0.01822504960000515,25.173612354522884,0.013506410643458366,-29.564780818817752,0.016556594520807266,-12.354979515075684,4.304966926574707,0.9166282415390015,14.512696266174316,453.79427071677435
1677490397616254592,193.17017494594413,65.4982675577609,0.30534510760850214,0.014809860847890377,-25.658883335980512,0.016184937208890915,-33.907373316183154,0.018295343965291977,-112.08771514892578,1.4707086086273193,1.0838232040405273,12.920464515686035,453.744191534123
1457045394353294080,207.89377839756523,31.097973223623356,0.16617559792773495,0.017374558374285698,-20.41831779250648,0.017645452171564102,-4.8658326195403205,0.013916714116930962,107.72883605957031,3.6295719146728516,0.9487559795379639,13.905735969543457,453.6965543265747
1817992105153270144,311.30966409968835,22.063884886778105,0.17202392948243447,0.013712698593735695,-11.157968488771484,0.012214201502501965,-16.037649038453996,0.012864243239164352,-248.9886016845703,2.1480634212493896,1.0050008296966553,13.486268997192383,453.6893457101282
5373571508317699456,172.63659579146855,-48.33179681616505,0.21306823389338675,0.012803525663912296,-4.645242584769974,0.010439667850732803,-21.43181265932643,0.01031452976167202,191.8567657470703,2.24363374710083,0.9466750621795654,13.303759574890137,453.5968106891498
1210883913628412800,232.16003051840278,20.393693082866214,0.19611854804059667,0.01789388805627823,0.8391705065964477,0.016509680077433586,-23.079860428303512,0.016726404428482056,27.594234466552734,1.5608803033828735,0.9677207469940186,12.89001178741455,453.5640331591385
4016507665504709248,184.2069703126463,32.85704808847398,0.20598163734534533,0.016216875985264778,-2.5240249404593955,0.016306938603520393,-23.2853044516694,0.014794188551604748,295.3187561035156,2.778994083404541,0.9674301147460938,13.321352005004883,453.4698735142161
1219139390528748288,239.43173749366346,24.3814848384652,0.1591733842768076,0.015573405660688877,-7.245772018765498,0.012864267453551292,-19.239021279479765,0.015764502808451653,-257.2832946777344,1.7351839542388916,0.9638201594352722,13.924100875854492,453.4406803055614
4532763421688250880,281.1312915923405,23.76573318612974,0.29335432689500346,0.018904147669672966,-17.840228186382614,0.013378063216805458,-29.344782959420527,0.016771849244832993,-380.49615478515625,4.385828495025635,1.0101021528244019,14.673507690429688,453.3864446671048
4386830809603661568,258.3614729897672,1.1279852426021815,0.1858088256794724,0.018477877601981163,-5.63808655722993,0.01667877659201622,-22.68598569862397,0.011679568327963352,113.32886505126953,3.6307313442230225,1.0468980073928833,13.701004028320312,453.38114855595234
2080053078073153664,294.4416554246098,45.773523754746805,0.16915140340750298,0.010122798383235931,-9.790601356305313,0.012159147299826145,-14.548264448072668,0.013472485356032848,-264.0012512207031,0.4726549983024597,0.9751096367835999,12.7853422164917,453.36541677984246
5834918615957381888,241.58306916383822,-58.13927874027644,0.6477598215442122,0.015782754868268967,-51.798644319554285,0.01874113269150257,-69.65794134114029,0.01589791476726532,268.4718933105469,3.766415596008301,0.9603961110115051,13.263886451721191,453.3474727530409
6851687389449910784,300.6252643880023,-24.287024576269115,0.1329143113801153,0.014786908403038979,-12.828311735314287,0.015683379024267197,-10.954460378998485,0.010722044855356216,-27.005401611328125,1.9436891078948975,0.9446601271629333,13.434643745422363,453.1130691388718
6736813094675734912,279.62632163697435,-31.60584035302241,0.1493154822785868,0.01862301491200924,-9.304559983984916,0.020156322047114372,-18.29123533094353,0.016238709911704063,172.83441162109375,4.649016857147217,0.9835814833641052,13.783390045166016,453.0527102549722
6716309092571643648,281.91345982829137,-41.88859257812503,0.17974041862853712,0.02086516283452511,10.9729005531702,0.0212194062769413,-16.41558693169129,0.017986010760068893,-137.1673126220703,4.358856201171875,0.9837104678153992,14.204549789428711,453.0070058105104
4088392430087726848,286.19461502730786,-16.804546890721937,0.2593559571478301,0.016311274841427803,-21.2563990496279,0.017437370494008064,-24.32236081742844,0.014094965532422066,143.98387145996094,2.8079535961151123,0.9272904992103577,13.342071533203125,452.97221651389
6433646712021868800,286.8899388143356,-67.62332716465856,0.1634394147692621,0.012701612897217274,6.531911185143102,0.007570580579340458,-19.740826181615176,0.01143562514334917,58.6816291809082,1.3043010234832764,0.9748877286911011,13.619939804077148,452.9191946352198
6834439213103681024,321.13422391560744,-18.182053221522775,0.2710937455703067,0.01505617517977953,26.42188870231049,0.016524825245141983,-16.52594806260081,0.014760134741663933,-193.10867309570312,1.4569892883300781,0.986403226852417,13.096331596374512,452.8901778892465
4509780330133642240,276.69346839153025,15.39838035910305,0.1342889999639781,0.016611870378255844,-10.445854615103926,0.01768653094768524,-14.207677757077029,0.016759881749749184,-159.4987030029297,1.963436245918274,1.0695366859436035,12.807908058166504,452.65441367583946
6319046637981279488,227.49249276511682,-10.328486491289615,0.2566345578637093,0.022715890780091286,9.319490847866327,0.0263566505163908,-24.811900976951424,0.01988706737756729,132.45863342285156,4.38659143447876,1.0582023859024048,14.40764045715332,452.4478431745759
6618212761078489344,332.43606642841615,-28.78681343727427,0.3399641213904229,0.023446746170520782,34.219763200521875,0.021937992423772812,-13.632163540255217,0.0175253227353096,-208.45326232910156,3.300022840499878,1.064908742904663,11.623841285705566,452.29126284135174
5814833390299730816,256.30695574874187,-66.95068913331575,0.16660255221875098,0.013035471551120281,-7.347507507469054,0.009238015860319138,-21.065157759446656,0.01249632891267538,82.46105194091797,1.8352738618850708,1.0310078859329224,13.452624320983887,452.25695693948626
3829022408774668800,152.83253982667645,-2.0604452990355506,0.23147351677042113,0.018932614475488663,-15.713050320468534,0.01980377547442913,-21.61929131705095,0.020661156624555588,413.453125,4.319099426269531,0.9838384985923767,13.73058795928955,452.24157291185304
5767223231135309824,246.76443613130277,-85.57605494529864,0.13776063828105792,0.014444503001868725,-13.216286812075811,0.015867339447140694,-12.037261001252299,0.01496623270213604,222.64547729492188,3.6460354328155518,0.9575580358505249,13.980177879333496,452.2391977454178
6042977723735516032,241.19420858739613,-26.897163978897968,0.20348777025468992,0.015582168474793434,-22.865720425451297,0.015824340283870697,-10.405466972353981,0.010267880745232105,-212.14727783203125,2.4431121349334717,0.9911674857139587,13.273451805114746,452.23804474895945
6107522732769619072,207.80731994080995,-45.86088456365935,0.2246417995137704,0.0190774854272604,-28.34554456823201,0.017900194972753525,-6.098769479476514,0.014563010074198246,49.40467834472656,1.40330970287323,1.0633469820022583,12.984537124633789,452.21378123045116
4209983813211532160,294.16636559161435,-4.565502998277296,0.34633649768493796,0.016342593356966972,-21.257499277119454,0.01770014874637127,-32.26809679919062,0.013993690721690655,150.7738494873047,3.2361485958099365,1.0378516912460327,13.493148803710938,452.1889264441963
6409274696757626368,330.25617701829657,-61.26573672960892,0.1857742141388618,0.013911321759223938,17.00655868558562,0.010006734170019627,-17.831197978776846,0.01293241512030363,14.822091102600098,2.7019991874694824,1.0118569135665894,13.819727897644043,452.1632538388214
1563886657212013952,198.16458662296003,53.17657712674022,0.549885437802033,0.014171730726957321,-67.55328514312504,0.012616925872862339,-3.6647557554117687,0.014967411756515503,-69.62530517578125,3.168097734451294,0.9981822967529297,14.123866081237793,452.14526908859466
6372916973963260416,305.79434625103613,-73.98548282974542,0.1919764998347615,0.013227059505879879,9.887770746663044,0.011658923700451851,-22.697233793141066,0.014125406742095947,25.56576919555664,0.23307368159294128,1.068758487701416,11.074403762817383,451.9989486127227
4608392744881604992,265.54179704769075,34.95529298412635,0.16667436087934173,0.011377671733498573,-6.269173184989166,0.013177969492971897,-18.691302324319253,0.013411460444331169,-174.49160766601562,2.9961655139923096,0.9895434975624084,13.930292129516602,451.9901156060623
4482616276888044032,270.5940558494234,9.926534083718627,0.15946674122672463,0.018237518146634102,-3.084277731761239,0.017438258975744247,-20.216289952710213,0.016831031069159508,-71.3986587524414,3.6926164627075195,1.0440077781677246,13.94619083404541,451.96415512834307
6471274886139584512,312.07731039461913,-53.12329861689498,0.23038749825540006,0.013425929471850395,-8.845026946074896,0.012325944378972054,-29.675062309336113,0.012697507627308369,234.8491973876953,2.3173375129699707,0.9988689422607422,13.217657089233398,451.93932779139095
6421067783601224832,285.4994223324951,-70.08062378988578,0.15584144722553722,0.016800178214907646,7.0535443112179195,0.011467698961496353,-16.595264883181283,0.015823669731616974,282.7578125,3.4182846546173096,1.0111219882965088,14.103477478027344,451.825115961864
4511142144019325568,283.2743170790951,17.013130685260982,0.14580970340159702,0.015066266991198063,-6.438588478151631,0.010878392495214939,-17.310485924049033,0.013477866537868977,-226.4689483642578,0.8720229268074036,0.8895007967948914,12.969880104064941,451.80632632046365
6468303073709138048,304.32323260761166,-58.61316070572714,0.1349304201433063,0.012718704529106617,-12.230958503130829,0.010697100311517715,-7.048365435836756,0.01066554058343172,269.0397644042969,2.116563081741333,1.0302040576934814,13.351828575134277,451.6891730353457
5903730760844755328,227.85254173496293,-47.487914527868,0.1320842520142935,0.014602347277104855,-17.04615882187992,0.0157809779047966,-5.503571933671572,0.013926777057349682,87.47138977050781,0.6871892213821411,0.9502438902854919,13.034180641174316,451.6332419828298
3470203837092167552,189.40933877064617,-31.64411836683733,0.18712564930897926,0.0194394513964653,-23.02313720960196,0.02595469169318676,-3.762822624566101,0.01515215914696455,92.71355438232422,3.2165658473968506,1.1442971229553223,14.035210609436035,451.62494523011856
4445851661773476864,251.9462194930307,9.650036915363877,0.1283034155779978,0.012386401183903217,3.3948095694009606,0.012785211205482483,-13.452446683210036,0.01063174195587635,30.565032958984375,0.9373852610588074,1.0709973573684692,13.119507789611816,451.5550112823377
6474154300931920128,307.9576145924377,-52.932832626436216,0.21038403305594,0.012857330963015556,-10.954792997252007,0.013379843905568123,-27.30174693279617,0.013492884114384651,-58.13806915283203,1.9661188125610352,0.9897078275680542,13.22453498840332,451.4985174355805
6037401309999544960,244.55236719667545,-31.515453474490112,0.1248166601994326,0.015352525748312473,-12.989267276187334,0.019280141219496727,-11.050719458162884,0.012297917157411575,-144.7219696044922,0.8171587586402893,1.0736157894134521,13.27858829498291,451.4353479081967
1550504947867879808,200.64643627628993,44.23288284749641,0.13680530353854814,0.012614786624908447,-11.721412909042215,0.009182644076645374,-14.092870670907253,0.012522381730377674,-284.1902770996094,0.31180933117866516,1.0501753091812134,11.873885154724121,451.39245090563196
6878939403622862720,301.67816528064,-12.995873050212554,0.23091980894837122,0.012701433151960373,-21.63826499444348,0.012324155308306217,-13.127790657196375,0.008377586491405964,57.98915100097656,0.8370764255523682,0.811091959476471,12.065045356750488,451.3316418701829
4373853102062038912,262.3736541092604,-0.3223326402616966,0.18693405690419476,0.01706715114414692,5.598510840805731,0.017466114833950996,-20.94724520338195,0.014014404267072678,-16.910371780395508,2.3341758251190186,1.017508625984192,13.915776252746582,451.17940000451233
6418605667828859136,279.8518583368268,-71.86643891395508,0.14868609672490865,0.01165820099413395,8.784322661290654,0.008674493059515953,-12.443290003252814,0.011850866489112377,278.1917724609375,1.7084451913833618,0.9577233791351318,13.389241218566895,451.11199053761044
6349181159322160512,309.2472321631244,-81.22255851837403,0.10178101295360686,0.011232602410018444,6.495483450173883,0.01178630068898201,-10.118323157341429,0.013107432052493095,318.5921630859375,0.7515219449996948,0.9631920456886292,12.025531768798828,451.1034476303542
4538761085817990912,280.7932559506542,27.614674399727615,0.21392708505755564,0.013387094251811504,-6.318363139887383,0.011706916615366936,-23.746049927837735,0.013540972955524921,-330.27093505859375,4.1591925621032715,0.9816431999206543,14.155996322631836,451.08833200583365
4419532656233649024,225.10103279044694,0.019144865116641544,0.17089328346801227,0.013902582228183746,-0.19225049865887556,0.01674930565059185,-21.546519354840317,0.01446574181318283,53.15736389160156,2.459155797958374,1.0223939418792725,13.366474151611328,450.99300598647983
4508892646295658368,280.28667474020534,14.5453631067086,0.22655642719379396,0.01806495524942875,-24.5085969392653,0.0185703057795763,0.7610895155969306,0.02064797468483448,-202.13270568847656,4.103442192077637,0.985379695892334,14.266345977783203,450.8115916410818
6442434558701470080,300.8325510519602,-63.04601672972992,0.12919743019059052,0.014990514144301414,9.819659590931241,0.012214845046401024,-10.609315914999726,0.014012457802891731,230.64869689941406,0.302190363407135,1.186344027519226,11.804420471191406,450.80479564890123
5913361245738205312,258.6186405943124,-62.11630500186423,0.14576029030899001,0.013105599209666252,-12.78979756250388,0.011620232835412025,-15.780914225715259,0.010507912375032902,29.732574462890625,0.35286545753479004,0.9731420874595642,12.135416030883789,450.77545963817056
3676471355173706240,189.02869535016677,-6.863552301895181,0.1914464789166833,0.022541655227541924,-16.21593926899231,0.024749603122472763,-20.95299917102076,0.018824223428964615,219.55245971679688,1.6531555652618408,0.9949204921722412,12.951732635498047,450.7343153247213
1292042509007461888,227.43639834119796,36.19027778424067,0.2245634009982172,0.014462453313171864,-6.697981811573758,0.01139038149267435,-27.867704194575097,0.015388979576528072,-115.32099151611328,2.4049904346466064,1.106585144996643,13.896803855895996,450.6698748589077
4126487724832898432,252.223668550223,-22.496509250846746,0.1763867082138243,0.020041052252054214,-15.29365977637776,0.024194981902837753,-20.051998002722613,0.016827376559376717,122.4977798461914,2.158491373062134,1.0146913528442383,13.835945129394531,450.57168684551846
6346564360304410880,304.8276839898977,-83.87335061752974,0.19210098812134835,0.012619582936167717,9.764466329904034,0.015832779929041862,-20.333726009502026,0.017290707677602768,340.078125,2.488821268081665,0.9856162667274475,13.7775239944458,450.5586584497673
6015661285054800128,237.73340545870357,-31.804420129652083,0.21607434442108317,0.018727922812104225,-25.84110304828241,0.017929431051015854,-11.134178364469552,0.01286239828914404,-124.88052368164062,2.362619161605835,0.9710652828216553,13.48809814453125,450.53683983651086
6128661187414944384,187.38614164093426,-48.02033038458001,0.14915422587712654,0.01571047306060791,-17.750428836845753,0.013119356706738472,-5.832056029543999,0.010803393088281155,225.8426055908203,2.672974109649658,1.0436545610427856,13.861218452453613,450.5338972316306
5954633510647694080,268.01813058841054,-45.15423258632531,0.14741063330353998,0.01710129901766777,-8.223192646067167,0.020844800397753716,-15.414852490819754,0.015255154110491276,-272.0400695800781,4.564509868621826,0.9358842968940735,13.974427223205566,450.4180280328372
5852939852051079936,213.7089695891011,-64.24334615349117,0.12159362814066414,0.014711854048073292,-15.58704560867657,0.010000251233577728,-3.0638655030419466,0.013167672790586948,222.8747100830078,2.036724328994751,1.0113734006881714,13.934085845947266,450.3299938751276
4448076734007302400,255.6160641505617,12.22370177071075,0.1254916846534064,0.014965177513659,-5.1861057622521916,0.018121400848031044,-16.003080066596215,0.01402917318046093,-119.68512725830078,1.5815356969833374,1.0472204685211182,13.736448287963867,450.3242573730708
1419012565594414592,256.1221565441683,52.87672972453351,0.10954858754176944,0.012735646218061447,-10.94018325834644,0.014422886073589325,5.944838301397146,0.01579948142170906,-126.79452514648438,3.159116268157959,1.0410557985305786,13.833126068115234,450.29351634672435
4138696495788828288,261.7083410966123,-12.812799261606768,0.23689430892575136,0.02746172808110714,-15.222837285029318,0.025785690173506737,-20.857165359574896,0.017766553908586502,291.6138610839844,3.8961000442504883,0.9871498346328735,14.734972953796387,450.2181225334576
4496994964101673984,273.64245822014954,12.854409837381217,0.17002946467335053,0.012425899505615234,-5.460074226878435,0.01198188029229641,-21.352997440359708,0.012456894852221012,-171.52182006835938,1.4656580686569214,1.0056456327438354,13.086960792541504,450.20147251018835
5920606713822817664,269.4176055735197,-55.034108276466924,0.10701409053227434,0.012914578430354595,-1.8050294614948685,0.01271211076527834,-12.978719594976447,0.010570175014436245,329.5931701660156,0.4636593759059906,0.9123575091362,12.061198234558105,450.1847860163762
4585993906320503296,275.25893474740946,27.368087006937643,0.15839384810300475,0.01222479809075594,-10.71278357286593,0.010928171686828136,-13.71602712613365,0.01230951864272356,-442.0854797363281,3.266326904296875,1.0428508520126343,13.853316307067871,450.1558736700113
6258677475319012608,231.23902305193795,-17.033193332604288,0.15587815226240023,0.01739087514579296,-2.8082333643138404,0.020508499816060066,-15.676121474437759,0.01699945144355297,358.8104248046875,3.5606086254119873,1.123581886291504,13.487977027893066,450.04191081489853
4388207535601370368,259.01506775700494,2.688914351244692,0.1938267496522086,0.019545821473002434,-0.14895859197850161,0.016330350190401077,-22.493635260537154,0.013715019449591637,106.26213836669922,3.612367630004883,1.0475976467132568,13.997091293334961,450.01233476443286
4292250785071698816,289.36350516207034,3.439842162807632,0.16526276562968548,0.01541456300765276,-2.5697364786667394,0.016766168177127838,-20.8345773324108,0.016378283500671387,-19.604103088378906,0.5820383429527283,0.9607338309288025,12.983317375183105,450.008073672847
