source_id,ra,dec,parallax,ruwe,phot_g_mean_mag,pmra,pmdec
141545595042005376,42.58725310321632,37.48368381358235,13.253293758246073,12.165733,11.572197,175.42229551512253,-83.97684426674778
197819630945098880,89.20170100015491,46.64273565379554,7.740636591099316,20.525187,8.8188505,-22.93853867510814,-11.299298244916184
215942885401270528,88.19059500532184,52.92751784775748,3.900918276439129,10.012697,12.249026,-21.83644497943172,-48.054818399332824
224869030034826880,56.836759210709985,40.42479518436976,12.930066382857053,11.380975,13.1261215,-21.431137159505305,-49.85037510500064
250910103946201216,60.01111198884288,51.57086949385011,3.8950212285614843,11.3220415,12.682572,11.863979109593718,-36.814905353468916
258775391656136576,67.33137335422063,49.91508966978731,7.508112339452128,14.3045,12.759339,26.289858036320247,-39.18195459128682
262120101730772864,81.01195155282664,51.462463699611064,3.712859245463189,10.667733,13.150161,16.002654555812477,-13.140509885037744
265150119553871488,86.4369490328515,54.43221892588305,9.906811277164488,13.861958,13.005315,25.659382783384157,-96.38788222889134
270871187792446976,66.60564681679475,50.55862203390074,10.881513543138466,12.148824,14.554605,-9.169108175633335,-51.49171870707522
276135821266566272,60.91051544582396,53.78512962483658,5.36920704128567,14.301396,9.754488,37.30634101196569,-21.13358624364398
276164988384459264,61.50066347771557,54.139145399180904,6.413997682100734,17.977432,12.2274685,3.600068025975573,5.715597968983023
276447601532081152,64.69838134419255,54.95547426351969,7.94044397939324,11.416297,13.12297,74.571644404267,-70.70229494545977
283809725230077568,74.10812463915784,58.184798596579554,4.7322972345966745,13.527677,13.143066,23.64842853690115,-17.186079467410856
285513074899680256,76.9160062536012,61.2741921990254,4.185979500891843,11.294189,11.847351,15.082427187490975,-25.492208027510067
334227590403093760,40.369431460278555,39.03130950391527,4.293302609096565,11.301304,9.862931,28.157138728668162,-13.632433959082487
341180077303809536,37.508068645626366,44.04999663734123,6.931626998021273,13.966523,14.285754,-9.888325470935797,3.268097432801509
354674624030118400,34.28273290391964,47.06183117589316,4.507548626888638,11.844575,13.06922,-11.596920039798256,25.15631198541795
391686311427787648,8.188333532963377,50.08336015152789,11.944127320519641,16.994648,10.191983,76.8792743714708,-44.58139889142553
402203247524757888,15.258798106795155,48.492778619431554,6.300393238714155,10.942101,9.626309,-11.162507735576401,-12.619519353892137
407949050480041856,25.538499243680995,52.80823806798135,7.071469460396196,13.9984045,13.011028,-12.76293910394554,7.849106731078569
411467973022244736,15.600573609214624,55.188240362546765,6.626545245705039,10.40773,14.807542,-27.409368214210765,-74.30441708355345
414752592208162944,10.194989659333995,50.3900088223203,8.151385037431407,19.856611,12.161148,44.517199207463506,-32.92737779047156
417954095196788480,9.545325243138066,54.60308777796087,8.710145554563718,19.196327,14.484992,3.0951003675871864,-3.72266281451752
418731583051163136,9.906844125516804,56.40201017422017,8.306697301307858,14.949399,11.831938,81.7190961723266,-24.206850971877827
425198090116237568,12.030151240299253,58.763999039047704,6.879245347583614,10.973482,12.784178,48.37456272649595,-28.946795747101564
427934529739779712,6.488697304113957,58.1050877532567,7.826024780639501,13.282806,13.090959,-31.391506652604328,-38.95928841854121
430724235562514688,8.640295125101371,62.9042422550289,17.618476345054397,13.749121,10.103921,-22.80430183999652,-68.38341121050291
432151710889532416,0.7737496718575099,65.08879868862361,5.319793758640912,17.111391,11.97893,-19.63722683988092,0.8109120173120274
438161980745678464,41.68810523886023,48.056007919429966,7.454313909851555,13.172029,11.730604,-4.82137350751648,-83.45929189887786
444143225214062080,56.38051343085924,53.93736620499315,12.817465452765607,28.170118,13.659819,107.09409556205354,-52.823188310477214
453388709255534336,43.80482375922254,54.1335088041352,5.7363484175731845,10.521782,13.252385,64.44346093986951,-12.706883280930775
457211986066951936,36.58698990313347,55.2692219498876,18.723966741172216,10.190774,12.797943,66.12966495056693,-27.360658988089625
463222191498727936,47.774196295973944,61.126812497701096,11.96150130342333,12.859402,8.762108,32.74843988112509,-46.3814065520108
479435418163646976,75.36698164489646,65.02702372859912,7.50674687880635,20.629423,12.524955,3.0830362935084494,-87.06174955731034
480154395684650752,82.74386267398685,65.85128620831023,6.163220971821315,10.065931,13.539388,-6.364971063305083,-19.64523344616222
483056109952604288,70.60634370565565,65.64370200189848,14.114748983609847,22.205841,14.149326,32.49132107113879,-84.23201929682737
492535171494526848,46.858492165954516,67.23347884075702,4.52336731432262,16.738811,12.610989,-8.66745496532026,-2.6679356353723196
496075736373101952,73.90649286274343,68.99452395143172,4.886485705034064,11.807296,14.525525,-13.546208656163023,-7.856397583798065
503944700573352192,82.29622985238214,76.33707312931894,16.186650913668334,11.60509,14.479591,10.978522585501777,-98.00765000272399
508746302222933504,29.670709363258844,62.35017764415053,6.30262249001939,10.948998,13.589212,33.115689040878806,-68.08681145731389
510352035874765952,19.992548947025927,60.22889503449471,6.15182615754451,10.250991,8.022924,67.38569369342802,-61.70113094733732
512668260195992576,20.214055380217054,63.61045189112515,8.267898571703665,12.267822,10.491313,38.06394393736969,-53.52205810154403
518705403661191680,31.84624020711866,66.5880663424285,8.746781487017133,29.977106,10.750199,87.82750172151702,27.98666803268895
520540144969274880,30.310938639749303,67.90074327648016,13.77795674202938,24.23793,13.365635,164.07084373981093,-29.829961217297896
526365632454242304,16.60038925399242,66.71012447951942,7.470869107999055,11.246978,14.657933,19.925927843198153,-2.9982009782460985
526698647040053504,13.701867277952616,67.9655268550615,5.449421866207156,17.17755,14.074309,24.462158419831592,-1.45754177064379
526840690197536896,14.231241882342088,68.77551030560892,16.974971947105963,10.168792,6.300178,123.99638146917815,-28.716865888071727
528231675479502336,4.966385132644451,66.42295735387161,5.22558093106973,12.172275,12.464347,24.54606413264989,2.1639841682642835
534376777250964608,26.243864267799605,72.21460388073966,2.9062903723302513,11.573253,14.138082,16.52205643709237,-27.316426567300756
536524913735358336,12.873067823024863,71.53201372229844,17.66023960740762,18.662323,13.184018,-79.39576181362911,10.6593858757261
539382029057972096,5.435091394934532,74.41314415718297,6.040647022998988,20.163435,13.788988,4.810646852104156,15.4236749841529
542333942900585216,45.806726203957275,70.67715724195497,3.6871605837185766,10.908383,13.388855,-10.059567713695127,-6.613955108046676
549307561039156608,45.51309628606098,77.03692537833676,3.9061048696051586,13.454513,14.050262,1.732679609602317,-3.2802030589502733
552870352373162624,72.24855939736734,77.4584269472609,5.131586838004328,10.417388,11.92857,29.934892691405828,-44.334801829212886
562110240072547328,25.911857021540396,77.68051475207761,8.110372375739571,18.685469,9.136039,25.262835678162034,52.46931663415189
563321553993707904,10.649917875014857,76.80162919747991,6.002364047789985,13.662008,13.529944,19.523455010344854,-16.592167102133544
564147222802572160,7.596190979596321,77.28770183579313,6.551293148759948,16.092405,14.4990425,2.5047451505730205,-39.429949818835475
564715395436546304,7.6967818037020965,78.89057518280123,5.543440223136029,15.181756,14.036416,45.70220300717082,41.657701240194946
565557209025784192,15.167818366894716,79.56862766610031,7.533111461320552,13.001917,14.192326,33.07730137812556,-15.928181803138566
569534142583228800,39.71130866350899,82.82422170572501,4.7090670454354155,22.54346,12.164901,-19.135159170925693,4.857611066585023
574532419363538688,41.47020362730937,85.47850732577896,6.662211220447965,10.320524,13.781402,21.509249467576367,-32.682932162249244
574704973969358464,41.556887643936236,86.15612527410192,6.131902704148945,19.642788,13.822223,-12.866684974401775,-0.7714342140621402
803872677855501440,151.94999159013472,41.48207124084867,8.176060387625798,15.807121,11.093053,-44.65459052415505,-12.314296061262851
812247967159911936,139.71762432727215,39.56364662311282,6.740923678199741,12.015918,12.111925,-14.617631866251706,63.30003294817438
820994719598681856,145.88359114279143,44.75581293309553,15.001087955267472,24.264065,14.675833,-77.68781714689679,-82.31710568936023
836017312607689728,163.98526032165654,50.18928297202135,10.744270711747381,10.34437,13.8312645,-64.77761444961672,-0.1717282369447221
836880463594527104,160.36405220183877,51.211090560505134,5.946461046165347,10.754146,14.959872,27.505756591429687,-52.2151449334839
851321792911891584,153.67025548070595,52.12618466362205,15.515639005738189,13.610061,13.349039,20.557130921446465,44.48623405692255
852773418843119616,152.99662455870723,55.03897230838929,6.7574579033754105,14.583429,12.156596,6.191872472279542,-18.927455898768855
853812461625838464,157.13596895921805,56.04170304493192,5.522587459813986,12.579637,14.728393,-41.15445063788881,-31.664787544342836
858149141645050496,173.93336060957586,58.66483284690558,4.342928244727268,11.062148,12.926593,-7.203737056304076,-17.212045694408168
860134683550162944,178.7027152702818,62.855945516517835,3.5961910014033505,10.517828,12.241058,-60.53588718232608,-12.352418197011785
862235373531293824,166.32885230875257,61.821682651167144,5.070386306064306,10.245624,9.776839,-74.94469909911935,-29.032319336673954
863532659812162944,179.14464545842682,64.35178763190014,10.743983078204495,13.341866,14.372668,-41.772426237065886,-40.492981355294205
910836428882055552,130.66652752075854,39.76795758239051,5.468191386322161,11.686811,10.100657,-7.529808208604075,-10.400000096267469
911274348043131392,127.24019096432727,39.35363719281502,12.939795193349143,15.53042,12.762805,15.783758733252688,-22.56914269541624
928844681294031104,124.43704707856607,46.17957063769448,3.688720044511347,12.530068,13.672672,5.2970092215685245,0.3337518285561104
929412269812420096,121.32112179158425,46.303255731142826,16.382690082066247,15.89686,11.314541,3.4969095114629467,-10.916207243050302
931487632370602752,122.66680869477804,48.219864654575666,6.551745208609579,14.758389,12.668072,-15.832375081401072,-32.09415819178492
931640292687184384,123.10226892468908,49.09876405129189,13.34131270248753,12.07785,14.88014,-36.14081402599749,-93.41921032244176
933776197103349632,116.26680895533792,48.39472831246726,14.717969088646358,18.65252,7.585591,-71.73410720658194,40.10910789666774
935430721585996800,121.33110599240159,51.162965827808385,22.712314251227337,46.03793,12.751554,-33.39348323814031,-80.80152316122492
965367880589261440,97.35174536054384,45.82235018923564,13.71165548612486,14.6189575,11.124584,86.395061437789,-64.40358063538481
988065477078778880,107.527865660964,54.96398740643238,5.018435693500602,11.631291,12.533244,9.487276035784381,-64.16576453743676
988371514971671808,106.49943433481991,56.15504401887483,11.888960576792815,24.565725,12.453858,33.12184753600925,-132.81808508771067
988442983227718528,107.59323378868973,56.58770118188185,4.477378392852716,12.562576,10.055165,-4.444696263306632,1.6074839836930794
990629606913592448,108.07239973444564,59.26311290205985,25.689422414881232,30.073357,10.269704,82.27944527236069,-296.68364463437126
990735537987030144,108.33157347565982,59.69792702900696,3.8358928451446936,11.329181,13.797847,-23.85809565146631,-56.28237009808427
991883153249450496,101.40590049694774,52.106995735476424,5.560054834670896,10.261204,8.894771,7.401171579932692,-2.803518622579415
993984251251254528,101.32877909979997,54.46145620172298,9.113724905684036,31.244516,11.970398,-4.928755943320395,-58.90512385305435
994221677042885376,100.59753504073689,53.68711851442828,12.825446530763859,26.178421,14.042811,1.8500035495515208,-38.156373922574346
995578027714106112,95.20801927486453,52.14825870546366,10.873795505021484,11.607375,7.3929386,-24.304572280077227,-12.297482981144158
995778551147298176,94.628336057447,53.6579715012906,5.031020866010901,12.00528,9.057558,-1.8514474434314474,-24.07468393739949
998486339048759936,94.34687737230733,57.41440561107899,15.296228694735246,20.668879,7.0319767,-46.52376572896423,-67.71701166019844
1024962957002645120,141.8996928954391,56.13340761321553,4.93903144746334,13.108818,12.671981,5.909367258418158,13.354660799047355
1041767755283598720,127.29377141147776,60.19416272329782,5.559010125945692,11.785166,11.986053,-12.440089208205652,-72.28815463197924
1049972826444755712,149.78607302994507,59.403298677424885,12.423456518257732,41.20811,11.126435,-127.68746565721743,-13.433639924222728
1058975009178214016,165.7468037687965,65.83710421554864,13.148473369479527,10.019613,14.006093,-20.574127906257193,-13.749768030126065
1060134409829731328,163.83383182979668,67.36872003392398,9.37201831826396,12.38987,11.905116,-49.9345525219961,14.839032880983419
1066729658529962624,149.2160506560253,67.13278169351946,6.340122663304843,14.350969,14.642851,14.803085275160942,11.91305971224815
1066811606506401408,151.97557666156905,66.83757444974903,17.47733540071521,27.44376,7.925834,-105.87140465515189,-36.167663814368446
1069943389283193728,146.05340194024848,67.99671528351801,3.804749124272563,10.382117,14.229028,0.28913200436009007,-0.33299793493012975
1075984282260593536,179.4992569103263,73.78170080845022,7.431847209751096,10.644989,8.701414,-10.534638733846155,-3.944226850239544
1085845664611986816,113.53108175225128,59.69121746439319,3.827300825575372,13.813757,11.749106,0.19657716990307428,-27.51584779631863
1087081824918775040,111.83095076665884,60.907056610132216,4.898061872175072,11.941238,14.22358,-11.536742281367445,-56.053595499683155
1094644197177315456,119.63278133633268,65.31593345083168,4.0760634976852534,13.092965,13.635518,-12.666614728048401,-14.91619190069015
1102652112159932672,102.67004265491502,66.66498195206471,6.181678437857319,16.216162,13.191613,-3.8741660957911535,-57.867446893354135
1107021605726415616,94.36877829400466,69.84282582143419,8.46244867519039,30.15153,12.098296,-13.973057322848177,7.548126325234586
1107818304982197120,91.66380034150255,71.46988562918871,4.973475295561543,11.897978,13.518571,62.32568866612921,-69.29467548102623
1113565447963748992,96.4207667347481,71.69769789328338,4.035335307231912,10.459859,9.713744,-20.861061661313684,-33.581922108963944
1114511822535477248,94.08671788259322,74.21913811604752,23.289399669405118,10.184028,12.966201,-29.70882839193427,213.92730385783173
1115790451478699136,96.52235552029165,74.2455810792472,8.109173487530478,18.345207,13.666397,-6.966526772625423,-53.83264802597502
1117111892655320704,135.59523155832915,67.8505360378773,7.601048903440611,17.201252,9.6894245,-64.2765132550602,-55.237948461771595
1118402341349245696,129.01406891299536,69.56979244544077,2.8230658398895603,11.500986,14.024785,-1.5095073842857794,0.10363861802997917
1122273378193946624,129.21638098313042,72.24721608342335,4.917953897487711,11.739946,14.884776,-35.560370414344284,-35.28000710635961
1123743833260126208,133.38364248088135,73.19032407918317,5.462783379516557,10.562175,9.339468,-13.630242852070797,-21.453611769137677
139014759794337664,46.371123408808316,36.52076277307741,3.8468996849024903,11.421775,12.435537,13.363512518254543,-24.194551365033256
210985462350242944,85.43098576150359,48.478761175743415,5.86356924203306,11.3125305,14.1521635,-2.305727213823849,8.986485473365635
229517971356364800,64.85944508171373,43.71410072620099,6.643302621511636,15.287093,13.556201,-41.10621803415041,-27.496825809182926
242796807645637376,51.74988127653873,46.242408972386485,13.63210514433054,11.112376,10.516388,11.546718859220956,76.06564409707019
244979647464623616,56.682137727436064,45.92378078672075,11.206118237252545,12.283247,14.426121,31.156542091552616,10.913879336712238
245004867507839744,57.59096038916703,46.260123246518745,13.54269149453929,16.207663,13.577052,-33.8363272934849,-15.463676867308425
247189837637585408,61.52556914846924,48.88495937483604,19.56831957785992,12.382035,14.118584,26.280040154925153,-99.32060969776431
250039973638319232,57.563209747543155,48.849116231186095,5.99238182585022,12.363748,10.355225,11.38770418070192,-98.10670649871909
251002703442914304,61.33770239409475,52.262887170315025,6.1239690714202535,21.347784,13.166605,32.67117740310937,-41.56457764262035
263871696769203712,83.84524135696412,53.26717516780108,6.537306661489613,10.036317,13.748128,11.78814467379689,-37.58365873736825
279827087957414016,79.06807067361581,56.432141419443816,4.94501991009836,13.442926,14.174878,-3.0646361685634504,-20.42275112402949
280685119343394176,74.89784766143639,57.33853448622092,5.7609942464532065,13.394221,13.7426405,19.975602432240755,-31.536221973313268
280742603185583360,74.7916811065138,57.66857137539596,3.5871781508193297,12.255779,13.357675,10.18776188320255,-35.02667339915527
282092700382886272,86.86960773475222,59.63317500578987,7.483138637534105,12.17257,8.79473,10.861020404774244,-59.74658796211408
284154039872548352,75.09643021143974,59.092221176808245,4.943795573068457,13.308817,12.873201,-4.704515803904345,-24.5837189572037
339050976116082816,35.892158782508616,41.38464472851417,16.950408527856656,11.745748,13.678862,50.021475843609,-142.20457434831044
348572609373952768,24.987406629873323,42.728456429272526,3.770157820024182,12.514064,11.768262,23.0041162953986,-2.6938446012948516
352883691386997760,31.450367867107214,45.7459922934892,15.254987706415,11.335228,9.709993,114.03132064828011,-109.53945176761525
359150284892539776,32.12724473674465,52.408131806718984,4.102665338272959,16.084772,12.604672,35.92106517316554,-14.225388156405781
359294325214775040,29.537489421609628,50.91231813784366,5.816801894361152,11.73402,13.039383,140.48577359433318,-35.195011109558365
377073806192914816,16.687895133973186,45.57287818408993,4.557697034826276,10.996343,9.3644285,41.73795212139296,25.83318331810197
386870454794743040,1.8954414741006358,46.069843169552186,5.903882384806731,11.617722,12.159087,34.14307332135741,14.283317311447778
392315923570929024,3.7666950486962762,47.250938358174686,4.181362908588572,11.215289,11.973191,-32.07943003145075,-11.027921191230082
402128137135905280,15.64660284286601,47.96563804941884,16.882339803935377,11.866439,14.378698,3.2251367266129574,-27.64677650810315
402995686170816256,14.82830659761758,50.650846095812106,7.1075834741086155,14.089096,14.038429,-13.809053903158947,-43.04975722318002
403753112242852864,19.52027704968051,50.87078242613183,5.336711747340791,12.934313,11.92784,13.01550937404913,5.485320489038813
406748486856371200,22.00412156386151,51.00147961815024,4.586346192350338,11.245692,9.418002,7.109833913706921,-8.326003514842029
407247596415900416,23.50070099428095,52.82690207162185,5.245583941999832,10.388871,13.443418,-8.360828229795228,-10.324021115830217
409983975918264448,21.114768904487548,52.4563544360487,11.571656251957888,29.585587,13.820635,137.85541728071192,-99.1457288605782
410304380478808448,19.5839495332605,53.535425709555696,18.87237340078085,14.796467,12.875603,287.7010385431626,179.52861242471067
421754728934768384,6.140088063195781,56.9674327561018,8.864340542646215,13.225047,8.156347,38.226683092960634,-2.4291433007400327
424104003024313856,15.769176777573403,57.45490704843841,13.968611230384914,15.898799,11.854414,13.004396706853841,-49.3013409718104
425758841045180544,16.254314482460373,58.658473534718546,17.168816444340386,39.30935,12.443891,186.1446303350731,-122.16955569808815
426543166493777664,14.620462415314721,60.61864239951466,4.263491327845999,13.6821165,13.685539,-21.245205651793995,-6.5473985929012235
429780098670317312,3.5227587492002796,62.14785855503606,4.392608082230828,10.063677,14.565034,57.72986281806332,-28.147961692212263
456448547038490496,32.18026987320277,54.85465895025699,7.064430356786416,12.44241,12.875794,16.11655215272502,-37.38983944526357
462876566891703296,46.92445556868173,60.194713818838885,19.439143362155594,17.617258,14.734858,-60.54197136916045,-50.68899415878537
464640694640181120,44.24133990076086,60.56449151603552,12.386691127222905,12.536586,10.148339,-23.860870728992104,-20.45775968487898
466953173748182912,48.53667285197877,63.843780310608075,3.9440197703331332,10.172229,12.313012,20.93427936083106,-23.313336629308395
468306573785260672,44.43426468155421,65.47505295485928,6.0232187211758,20.013672,13.260213,15.093324588033118,-30.43367258677605
469742535974824064,59.73208052541319,57.547964853365144,3.962939174387078,13.74882,13.180459,17.154687853777816,-6.901091355994857
470335585055861120,63.28548083646731,59.451032944521806,13.294190283887849,26.410908,12.379064,20.148617496810306,-80.19982520150852
474640894632056832,58.27159879755462,61.01970228155804,12.263358562677924,23.34907,14.571974,-38.01673776763198,-3.1839238174219187
475833005751616128,67.4413509015469,63.378328394111506,4.749638853693153,10.363188,12.494531,18.721406187308084,-34.95554796490379
477111222378143232,65.04658319155145,64.51232820833897,2.8522074270767295,10.787511,13.066628,4.268391921719033,-24.435860037872995
479737371540720256,80.81110955482563,64.47602674233782,4.66030728680397,10.677545,10.130256,4.78376312157822,-3.823806731321421
480996449793955968,82.19936968686191,66.6021789571476,24.648114984244195,13.6562805,11.33675,202.80431484509322,-160.659895712465
481405674279981184,85.59476868574224,67.25038885504878,4.39414017985991,19.317501,13.074388,-5.0566249672430805,46.25289410004666
494257934414800512,61.475027821113954,70.56086908949968,4.165982207946634,11.013604,13.037972,70.16292574416983,-43.723121312771674
496231592147468160,76.10026751840178,69.79728414955648,5.155484585571076,20.96917,12.158626,10.963693939743987,-25.075549176773734
502193625229265152,77.01966551664358,73.00226852853878,10.919891554330201,10.017334,9.58347,3.2645474786928492,74.56577706684246
514080857761307648,37.61217476627917,62.82980773711717,2.65829370135446,10.058975,13.933742,-0.40322582416680103,-0.1603486485043904
520518184797753472,31.060327125722477,67.62944465062134,7.952097445612681,12.405338,11.157555,68.85673762776727,-5.542245659085658
520952667987765632,36.75938361302392,69.46542531097444,9.930222540810966,11.767865,11.480835,-18.6667384375386,15.026093701296706
524566281676341760,13.390486620659248,65.45418742047035,5.063006320399432,10.102613,9.226124,12.595709443059889,-14.323722087119839
526133360624120192,13.184202421995964,66.45145170246454,6.906171581309692,13.364312,14.145816,51.384862533165105,0.6546006618754766
528434565438630144,1.2583912093101897,66.51678719860325,7.139455241505239,10.194353,8.622691,51.126413399432124,2.262516464892325
530940906494977536,4.182844971752493,70.14020693440713,4.269728974120116,14.029427,12.233311,21.843344555743077,20.693267471170415
531823883051498752,19.575787684489356,68.27502733544038,5.991040663539867,11.708506,13.556719,47.17512066481619,1.0442507679308548
532685346111400960,16.66069292569214,69.20375180796245,4.320676856649317,15.552796,12.122333,-41.9894866843463,22.32424264344542
533733043255171712,25.512459792613626,70.17593793355832,14.809378412607748,20.038845,12.763848,-62.217510077187214,19.815448909563965
535217353890858880,15.89669496178954,72.86184673132234,4.509130569253487,12.2131405,8.852821,-11.160214394574602,-14.115708006761174
537764235137569664,7.132108461043857,73.36785204622353,11.701819173679127,18.569172,9.512043,137.8593579286423,-19.776222389679976
540985907284353280,44.53395678978965,69.19299292752297,10.26367150701362,16.062265,9.822453,99.78050625615035,-91.32098070877069
543764334510669184,55.41891626632167,73.2129932185799,10.309711083570647,10.687149,13.375289,180.51155225149608,-3.48358002884589
547905958591884416,51.85051144790768,74.99470546240323,6.7321646385267115,11.23569,13.019478,20.993582586930305,-48.992756980917655
550819217725961344,60.98707797234357,75.61501399213739,4.5053096681678895,10.824414,12.598145,39.243767652030265,-74.24715435087515
551055230474667136,60.24894772869007,76.30631741907987,7.324301192182286,18.72574,13.588033,60.38637507035534,-57.72939188707958
554255535162181376,52.056953021752186,76.61612207747073,3.173185414971247,10.383729,14.802807,12.933672294487554,-10.6844565952107
555763343561444864,56.65152435338469,79.53410323162137,4.5987615687650285,11.856548,10.396589,6.504964149350972,10.506679398666378
557535756305032448,69.2642341131735,81.07523181681586,12.715072479349837,15.777192,12.782598,-26.157558708639165,20.83372531238967
563511739441362944,11.546096390436777,78.22056064648405,5.421294796138541,17.043133,13.780448,-14.861052699036211,-1.883109534761339
564503803870177792,4.5074230548839855,78.48427535333067,4.710571438220281,10.528616,12.354737,31.4342525163305,83.58120060395319
566746571368872192,0.4510339338638755,81.73302524789547,5.5609377180509565,19.308147,11.796951,-17.471328623020987,-10.297920389557225
568246266573044736,53.589461527824334,81.1670518247906,4.2342826867442165,17.793676,12.332901,11.506209152253422,-26.057832098935215
568461633413550592,51.490061902012805,81.60714497566072,3.134110725410293,11.433798,13.895414,13.447044746851818,-14.412003118006927
572275499950185856,25.45711587289752,82.44237445155721,2.4106378754698974,11.222463,13.485657,11.417189089128541,-7.034556529486821
575804794834724352,27.087557175553254,87.82705756515512,3.268207324339994,12.255646,13.633765,20.277377640008986,-4.550434632928837
576395090843410432,22.82222511174243,89.03718204564221,2.7797729914642946,12.170613,12.281159,-8.622133668899197,21.98284003907624
715497261810846464,136.18176047815496,36.83097616807424,8.178605509159286,11.318637,11.846156,-111.54964105069803,-6.25810954086446
806878777004415360,151.25130659834502,41.69753356167714,9.469924082426585,10.877187,9.250694,-16.5640884512078,-59.36861551756254
815506335509129472,136.89805493518259,40.033071132676746,4.626107984261158,10.199295,12.887489,-9.556888456611532,5.913525893354022
817958723179078400,140.93381849030953,44.689855528946204,6.546725241655738,12.107793,9.115709,-59.21806547475257,-21.894364875893338
819141355309707008,141.64573134319681,45.78941495607236,6.126952087727383,15.348593,13.032265,6.200385529336238,-71.06641427882056
820587969015044224,147.16813801444886,44.86514932110133,6.783430357335271,10.964848,13.177926,9.053030074372893,-5.371942841433451
830696191727249664,159.50422292630796,46.724566701128175,7.948451500931843,12.239053,10.388497,-0.17213591787946925,-81.5379660859913
835398287562006784,159.20241605295075,50.91686852379201,40.72950835068143,12.715825,13.001137,248.87347366169047,-199.64057121127155
835592110845286016,162.4899344235031,49.590892182407416,5.5934141643971955,14.551938,13.015408,-99.3243644979561,12.684016576371679
835748825612078848,161.3117904571487,49.690721671495034,53.07193017080455,12.470608,14.31748,16.12934766762678,-209.39445544183917
839732936059130368,169.41081282663856,52.804006644599326,7.055328274926691,12.837157,14.530188,-49.91664071833516,-49.53502272923635
843944035529852288,169.43030250142021,55.10068618381137,3.8219712430032686,12.806411,13.770045,23.640939989392653,-5.1643670442214145
845004067817969152,177.01063242570828,56.363201495136295,17.420127948064405,43.69707,13.900925,-130.50435401344043,-34.54134785004906
847286653958686592,157.90818986062038,50.489134951414506,5.335829701522846,10.438753,12.394042,-17.718587411465915,-29.730178911445996
848366683613755392,155.735871335054,51.31522074988853,5.7439937879908145,13.922661,10.847406,-24.118849209366793,-21.051395252107614
857994660261313664,172.85076495572795,58.19662593421419,3.997687014053841,10.003424,13.33657,-35.70232691682172,-37.03465792103769
913065177607803392,133.28811537058647,42.881536177006275,10.327966278148457,10.566016,11.981326,-34.29609683649926,15.595946004664064
928808878446700288,124.25668505711823,45.76532830010514,21.92043827990042,32.807644,12.382282,137.2346882763335,-13.169169029102537
932012301278603520,124.6829671731459,49.64593654946108,7.400694177381086,21.834272,13.159645,-10.488831798955282,-36.96442554103726
935642858610030464,119.80309135262806,50.05181689994656,7.299431872206671,12.532795,10.285098,-44.92012247002014,-8.193533239634792
936264220118163328,120.379030273269,51.94804454363457,3.560841068152136,10.450962,13.042867,-47.41194538381819,-29.24341805606489
976342999499470208,112.42616876586831,48.14051976864516,5.493383902554879,16.269161,13.451036,-21.64836723525171,-85.96762524539795
978630189843946112,105.18090336321589,48.17979343901154,18.330612313005272,11.093043,8.2379465,-59.9235047398802,-31.61867252437679
984361286828036992,116.53609308384928,52.71841244412737,5.020315874368849,23.430246,13.148456,-5.5827132468831335,-7.869554318475538
984619710716201600,118.53726195366528,53.16348569372183,3.9187227020425572,13.685593,12.568205,-5.852873465505234,-27.328316635739323
988223875472790784,108.53479990386904,55.92977905085452,9.219235528229973,12.150859,13.489937,28.366761608675787,-25.00995094077429
989183130647757568,112.81417626930434,56.54499784744264,6.182307962331495,11.401518,12.430618,-6.246783157891759,-78.22142931709901
991361744218944896,103.12282591597737,49.935198825883504,7.001934989999109,11.938189,8.87502,-28.983203489709638,-18.977954576085395
998488675510943360,94.58819964437804,57.451081453799056,17.4750144772918,28.460806,9.08348,-45.34688585757385,-61.56274707982027
1009841270506526080,136.94828866357486,45.78349638354225,11.041651025664342,14.950805,12.346514,-41.68463748574896,-35.00594077573861
1013150388189741568,137.80502361050276,50.211806611314245,11.971353353043211,15.471325,9.320635,149.90151658384212,22.19743723432062
1013294900952804736,138.2851511063924,50.82781792336345,9.130573441428405,13.896708,13.974081,73.05517051339515,2.345366159745624
1023529193839931264,136.60975868474992,53.6359114262717,4.771947982179624,10.724555,13.566316,-14.78434802667642,6.280267976599154
1027630921966276352,130.71602515430453,51.36685755757032,9.286186441349846,16.72117,14.534781,-20.13664554566123,-21.324753172485313
1030516968191117440,128.963424913903,54.11421168936359,32.480051246902164,30.304535,13.832655,-62.49863967584482,-205.46373477766826
1034706519810416896,125.04680507334311,56.006484974240166,7.375602107533787,10.645289,11.193903,-51.272735394083064,-47.97356851402208
1036110424360476160,134.0911638828606,55.22698145129522,12.727285835329237,14.000441,13.520588,-72.25403316689165,6.759326668315073
208278327286066944,83.1253773904974,46.10872559180724,5.030833465489381,11.076854,13.021622,11.333646990203388,-32.19439419081549
209731400619047040,84.3246670083178,46.41047640144887,11.294567621480535,10.825311,10.437627,-19.067954134255302,-89.68628254308467
214939581042241536,88.99026604728422,51.90707336203652,5.035552301118848,11.0301895,13.270229,-6.229622966494096,7.059407377460474
216077575575583488,89.6315123541917,53.49392491735779,4.5863672066594265,13.175784,10.4809265,-1.6501112922257684,-21.590968681306638
248287081519946624,55.779450036866564,47.1130637004976,5.235033368613037,11.095939,14.288698,-13.163760000681972,-13.776716202451269
264351015117986944,87.81492574381653,54.300354350138456,8.93878554530373,10.6566925,14.857688,-7.329765281223282,-2.660045160122679
264382488638217472,86.59950705189642,54.23635677113183,5.335307454047335,10.260635,9.74739,-1.9861998635238347,9.015407345249365
266076492460606592,76.37829902959312,52.80974113879777,17.38172103944257,19.14261,9.670526,13.878965133572466,-96.81852319566127
266451013607507584,81.49710614703464,54.28948877846957,8.381264018443327,13.051838,13.472578,25.544125803082366,-69.08326037072719
286293109680203008,81.48167755795056,61.78315409384069,22.866572876969958,12.425741,8.831804,198.9619076081176,12.595801650762644
287658462604050432,84.00670098975179,64.7327804464539,7.655810944389908,15.871387,13.265053,3.136054891811429,-77.96136239103558
338413633032167040,37.75827579510254,40.93948084546783,6.088833698490798,17.394695,12.311348,64.37962582452815,-80.35153654107988
340590219380026112,40.49556898895132,43.571937113543385,33.48953397133953,35.66685,10.499132,-45.50420451374747,-20.337868329960017
350276160904866816,25.796875155939272,44.64671700424285,41.361237603843456,10.415942,12.2619705,-25.11458139288465,18.812766625543546
352623038411506048,31.87502632012798,44.7931747472914,3.266477363927992,12.051789,12.946481,22.58573449998317,-13.474055936963605
352939491602034176,31.173849834382974,45.97078823676468,8.730595863553823,10.488599,9.0479355,30.380331676601227,-24.257754622740894
377329472708610304,14.764933582504268,44.59754988237383,4.207703880969216,10.671516,11.766946,-4.037387977122101,-21.473985066541182
378043953405346944,13.188025148451121,46.21500287576499,16.847407582116034,10.907018,9.268297,121.87322370065976,-68.67468236702305
390839588694295424,9.538771162814236,47.72216053596167,8.488943625819603,15.275729,13.564407,108.49612549404695,-7.098532539890137
392547950586407040,5.737904697403863,47.89539776283346,6.3567197594346,11.456024,10.014073,-3.073167887153534,-4.932620236376989
412798210293777536,23.84924638632563,57.06667738374009,5.2281281265634325,11.167794,14.019308,-44.15008906427295,-20.624774538485838
415489402434439808,9.33958211225547,50.3074740008392,5.132861672501868,12.414683,8.976817,63.236168842270814,-4.050372492478257
416583725746958720,13.842393241568397,51.35064998778622,5.047427116550111,10.011734,10.94315,19.285214104430402,-15.652945633015054
423165776010743680,0.9406195978839119,59.07730192816986,6.698946345117814,14.076468,13.372308,0.43698729159858596,17.688510811221178
424274225472022400,12.63222251611659,57.397572398458635,4.6915208464644245,11.520326,9.8206835,37.90928302329478,-6.3204927280015575
426761904889795456,12.950881748471978,59.630431995567434,4.121244942646291,13.164689,12.507357,-5.290465775200694,-6.085424757949357
430873597343844352,8.123696328724495,63.25476751150737,2.8515146926423274,11.884704,13.28308,29.128727497542766,1.531989711189936
438728916423940864,43.04708060246947,49.731569148758176,8.052707080529519,18.488132,12.064153,61.574591183311014,-19.6208303333434
441868473096281856,51.00393589245384,50.44567467397832,6.40611623264944,17.143074,13.968344,-2.05481419315044,-26.2337921305212
442335181421822208,52.80319580276252,51.854449129508545,6.411076878296094,11.328899,12.764527,51.29975227778933,-113.24915515206695
451661067249449600,37.148771806690306,51.17887761716054,4.790397744854611,11.919687,10.60216,-1.8761720194532376,-27.460276700215147
455440638472206464,36.04707423077668,53.20650891738497,2.464670030041392,11.302123,13.092873,28.47793106506338,-3.612845717225454
456891478420916992,32.418144463130496,55.835591144069994,4.204065607938059,11.071564,12.728495,18.444846420898948,-32.485871842785386
458265112049845248,34.73392383840602,56.308796037304695,5.673371494642039,11.380744,12.774517,39.35379051872853,1.4036335443057886
458792602752507904,33.92307091098096,58.57338605432655,3.087748593108186,10.312288,12.28506,16.014156069362496,-13.286437609109928
465059784667342464,38.888631685155666,59.79194415647588,16.31299932689823,32.100967,8.783759,232.10104811835993,-77.27756620431941
475531189810290560,63.071768889053104,62.30268075452298,3.7352878610637696,10.676856,14.284247,15.326295696985499,3.436906850425277
484758871207666048,85.648610042112,68.70793695051313,15.376929748415632,20.254946,12.660577,-9.954718461940091,132.23356937313844
485480704889840128,80.94103535838477,69.26672940643894,7.261794564300381,10.064217,10.833158,8.019515465455788,-21.10670546622419
493814865590181760,60.8015904839254,68.78909601411321,10.293630043855527,22.379868,9.874694,60.90724477256937,-151.29779655075134
493873895619008384,62.10251464093316,69.18275356506828,43.003120979627575,19.486805,13.394921,269.9985529178805,-73.38653641989318
494448802762176512,57.187306274966595,69.21306175046057,9.81356956688611,15.638902,9.402446,69.97447008568358,-35.364550806164864
499666225951869056,85.73984302217187,73.90834329384192,13.461323794416991,12.074879,13.321875,19.985866345227375,41.782735633085466
499751300663960448,84.9822223234615,74.33486860816161,4.225882825938873,10.045494,12.738655,16.652534233181534,-52.53576272933487
502668889129215360,78.02269141218638,74.68564565936256,3.6683411174674707,10.498298,10.63013,15.943977786640039,-1.106962461307354
503872643905276800,82.11612735274281,75.89582192794437,9.884886453074238,22.482002,11.398767,-11.676525231639335,-66.1480056871429
506266181943725568,29.001517813429317,58.81113143063661,7.381577826255765,14.901256,13.969923,-35.45592173420625,-23.138491776838634
509352648513188480,22.903873775801085,59.32830471379867,5.182660521622753,10.31014,13.401745,41.137510643736874,-87.97986051364639
516840975539895808,37.24601592210653,65.54937890690728,2.430375950804954,11.129549,13.408738,45.102167480992854,-22.29284582833619
518138330544542848,29.98070039238256,64.87483161430096,5.21191943839884,13.003406,9.608936,7.046371845047611,17.095700537199182
518211821720050432,28.400696471817177,64.6859534929058,8.139700782875945,12.340687,14.960915,36.12387763434095,-21.17638067928759
518542675941490688,32.01653318657856,65.9329908850703,3.2702276875504985,12.506681,13.629437,0.015076702710858036,-10.30437758932868
520345119095579264,35.49117216165145,67.73339553473853,3.2732132546494515,11.031287,13.30688,77.40501742546326,-30.897623184481574
522658869525598080,17.034263668840275,62.16477976299329,3.0680340015262284,11.060764,13.537941,-15.787926928663303,3.211935917970874
528231675483413632,4.9668260582061174,66.42291154906412,5.08664895926364,13.092193,12.336822,21.618431516050446,0.66641402462368
529874586377571584,9.957390758747815,69.2676217842077,8.897600227348892,26.259922,14.886975,-27.228025030299968,27.770375054264566
530291571860606848,7.344451635837901,70.63960165559878,5.165328133794819,17.216076,14.396911,22.9604661211055,-6.012962686828269
533930135011789312,25.863563816602298,71.16994865456307,6.116420807109144,10.557999,13.494052,33.29813543361284,-21.763718957423933
534662615914351616,26.172019118410315,72.48138769451708,5.951095932232336,14.384722,9.384333,54.80549181083004,-33.33602466362157
534667868657893120,25.789799795224386,72.61125261216344,5.8562781406087385,12.469303,12.0002985,11.558605983195338,-6.356386240109396
537128167661331968,5.040713479961156,71.47417345440905,7.849791582675164,23.610703,14.324007,79.62564609957485,34.31691969409955
541765117430090368,44.10087057263831,69.56811978877597,2.9748955700050654,10.035145,12.232684,7.12799215190831,12.021102935305322
548813055684594176,39.21043714171904,75.95988455893648,3.4849585147709328,11.325225,14.290411,19.272977597357198,-15.25855930134392
549989017731369600,61.67679143995446,74.91982262453827,9.889261140082763,21.9085,11.9495735,87.93257718100628,-133.54778636594395
550209126213851776,70.78637697846783,75.47884560884175,6.947211239272177,17.516195,14.771412,12.078407761517143,32.763074737294744
550785953204021504,60.29228048794301,75.27548733790789,7.239219028805971,11.473849,10.212553,37.64421898993536,-37.66931795704707
551250879121602176,65.17619741277382,76.56803035903059,6.6862385269400875,14.758962,13.652425,16.668468584199577,-50.73234758601949
553344933375644544,75.04516114533338,79.06617551854885,9.817557689937429,12.126747,13.214788,-20.370832865262912,-24.587180497085694
554232857735074816,52.181882466785844,76.40626325701196,8.725158155011492,11.727745,12.895004,39.53918839545767,-41.00932236364539
554285870514511104,53.744171065141686,76.83248150706932,3.079340069723004,11.29762,13.1406765,22.51044811177014,-7.576892753912369
559229485247714944,33.263525501055504,75.18848630703323,4.633551871802871,11.28082,11.875385,17.203004515048743,1.5284822485448382
559394755590086784,27.95122931102684,75.58945407031675,9.031350994953133,13.254205,6.847491,65.48728811115583,-40.307759690725305
559697941623735936,22.75411762733954,74.91657359823199,4.583215133144247,21.279325,12.375206,21.917024474439394,-5.403107598196999
561164591353121280,36.5529663366892,77.42965446265046,10.046559915390986,12.651767,14.122454,7.173912210839944,-74.03975449320737
562150028650160512,27.541726471007706,78.17942378415458,3.7062056088018736,12.145868,12.268333,-28.821186928724984,-11.585943316911703
563008644152298752,16.694660090955875,76.0842987897227,7.302431933860588,13.871733,11.825164,-12.40432182088548,1.5924218937344559
570229270153408896,62.62695035231089,83.5664275397928,5.1385340074189,10.897177,12.077613,-6.4478581689386765,40.12025727801354
571853012606383360,82.06180541300284,86.07565545110045,7.753672529032282,17.620811,10.442754,-15.72638939880023,23.97397220271063
719601571215916544,134.44338403785713,38.258471466933536,22.53973739010791,21.241089,6.9751496,-112.43980299171866,-107.3208203136793
785572165802522752,173.53278545327035,46.93022816385045,8.229243221782186,20.916225,13.172609,88.1481704539251,-101.66122688899854
787417107658162944,174.67654245166284,48.68063903073499,6.01218313442919,19.973701,12.27956,-21.809291338379794,60.73881455200949
807526286273629184,148.66197665758267,42.1174065927282,6.418204004658307,11.214453,12.712106,-48.56991848232253,-25.238647644179295
813868784738201856,143.94628329890426,42.12577235827389,6.159795864403391,12.591197,11.880792,23.361338485393112,-19.014800989120044
823387325619118080,148.309369015064,47.9233409429818,18.613725987773336,21.203768,12.7384815,-92.1943482096907,-65.82603517006136
824952789658751488,146.56013990665693,48.092211603258946,8.364693877353758,12.41822,10.405416,5.131434347137805,-59.02839478483645
828538228357203968,149.7724571325352,53.263692431344666,9.519316849805321,10.387595,8.577359,-60.10198855864006,-9.141306561300471
832405554349259136,161.19362482002066,48.11295325648282,5.317953501648978,11.220848,14.627746,1.6825873841008838,6.209604182392802
844095115299444736,170.29048342279367,55.80929468112546,2.780531041739569,11.085339,13.476018,12.465818793483578,-15.176291786530001
854031779837442944,161.23137046614232,56.36362113264473,4.7324423384343905,13.243349,11.838006,-36.55521846632577,-30.833053163322262
864457830127666560,177.18409661636943,64.98695223503353,3.926206475520149,10.284177,13.537913,-22.8369459440616,-10.707637854100767
913465743437194112,129.8759858437941,41.65249409696006,3.7831259275396065,12.486487,13.26688,35.99539899382657,-8.069901156966399
929246209196801536,120.39622590153122,45.061022320230286,6.198233845964209,13.619675,8.692083,2.8714098185540813,-40.47862645988182
929639387683215872,123.68279722167114,46.80448831750273,3.9541605351927362,10.959731,13.254105,11.507577315524209,-15.974591115694682
931899262035755904,125.28259806166379,49.533001659561435,9.245457090769023,21.254238,12.133093,26.102853211984744,-55.18726389505198
936471340621063552,120.04529945948214,52.27729601969317,17.054527821876587,20.18109,13.501884,-24.011028470755996,27.45439910447979
953175769809445632,106.38512878513839,44.34345284035778,4.569362708584078,11.895637,12.659123,-5.6235430097326935,-27.662546145834625
953271981373121536,107.46973674327822,45.03546387378702,4.729655111938663,12.055682,13.459666,-36.309151759705905,-46.218856884209856
962913598838553984,91.61446434815493,45.394663092907365,9.360220395178969,18.987156,13.085246,16.477064963460613,-26.945385047141883
966960347087345408,99.64854070350698,48.148047106630976,4.263675468253895,10.060644,12.366857,-3.400274000288334,-20.132041028484018
971583110583475584,94.24245971391953,51.778597236552265,5.407233094070921,11.395465,12.26552,23.463602195524583,-1.4151540915607193
971618840415210112,94.38261647021216,52.17628957190889,5.167466762983618,16.783482,11.930511,-3.3023310928461127,-30.356705315818687
976462399590150784,109.99654435690108,47.86726328186582,8.053266557976519,22.858093,10.021151,18.87514646902116,10.167650905678705
977898499214591744,108.40578958613922,47.26680645087672,15.578869430857,17.659115,6.92593,52.49195776167692,9.306881783733342
979728911197517568,109.49506332876425,49.63214948909454,5.332401049822545,15.256338,10.013226,13.780301955782111,-12.187308475998377
985287217353819648,114.40981160937076,53.87598085958725,14.073599659629123,24.621027,10.889273,-25.523671061371815,-112.85870106876365
985678437334440448,112.97978730653966,55.107679914444915,6.89345513025694,14.992426,11.385818,-0.04510438938904554,-1.446335122564783
995919941470509440,96.49505424036103,53.747719596562696,10.261019269168138,16.035345,9.379444,-59.229197425982846,10.050004350226537
999486855975512320,92.94133966284913,59.02225287765466,6.229063283042972,11.797325,12.802838,-14.528837544017994,-7.115869024824103
1001044073676544896,100.77295507284332,56.97180189164552,4.841819130705483,14.754382,13.303716,-42.9143617385064,-42.182084447376994
1011725352401056256,139.39273008821655,47.65898491883301,8.09594369007179,13.158348,13.794012,48.27852302035391,13.696442904138152
1011999783630746368,138.60317548478886,48.20841924048468,5.741907943273212,11.954674,14.340572,-7.773617264230679,-26.41942706618456
1013461034585110528,132.82121712596864,46.100803202001345,34.40407931525653,11.620057,14.68943,-345.96727112207907,25.380619205300007
1015196682408968064,132.61395615168664,49.61983464263019,9.416717768613498,11.118818,9.289441,-21.197280039283065,-12.049215314217612
1018397017158989696,143.37644011190608,50.10077380419228,2.838167768717392,10.587033,13.472884,-16.427468055750335,-15.77572628724278
1021452731770726016,145.53904115352827,54.78670429964615,19.48768463741946,15.493486,14.85413,-65.6222905707136,-25.72297309048448
1047190340472831744,155.5349614595324,58.37221142047782,6.34713292542368,20.34579,10.5233555,8.307510533692575,-30.873434700788902
141880916025414016,45.16821643315763,36.21340081051447,4.781938358651722,11.760792,12.089087,10.130453456235825,-17.06785306695152
236188330443132032,49.847318762584706,39.964493195307675,5.407904695483037,11.22894,13.778295,44.46237824414035,-24.98576017915255
243104121145602944,51.82878318083813,47.42328386390193,6.041224027351184,16.618748,14.083393,24.06515593100788,-26.643820430422583
249411465299942912,54.55898691854503,48.6018150711404,6.157912845342662,10.889445,12.827847,21.988856201021385,-25.87163603690685
254584946683512448,72.63158791548454,46.33003502713076,3.5209675958039823,11.268219,12.912055,18.306106198096273,-23.17681950634662
265724476942021504,76.70364328338266,51.608730752526995,35.758534604477,14.419036,13.625421,-41.00538467672565,-161.71957417195975
268979855991925248,88.8466912652743,58.00792234009265,5.539131782217471,10.732453,9.609492,-0.19238458875792747,30.55351105589611
271586591906231296,64.63692384547471,51.524644956267025,4.909674689536418,10.89101,12.980924,19.735479647918645,-0.7352349173207595
279571069249617920,75.84627347955394,56.036901102473045,10.93594379497373,19.86315,14.021806,34.13847788835213,-64.22522469993615
281157222148199552,80.02196326126736,59.1695499408361,3.4684638070337015,10.098352,12.782531,9.334132464121094,-28.055967837671968
283325871394680064,88.03354768536232,61.57668400115489,16.648769955521786,14.443959,11.37928,12.650388321109503,-81.7516978056523
285106461755654784,75.68463590830544,60.71705057274599,3.1508587689223075,10.725871,9.792917,10.468805810712805,-16.250937689395936
285120343089948288,75.55008800263299,60.84021150481411,3.370692446702663,10.093181,13.100896,-4.2519864681627535,8.588702979829524
333720337585773312,39.33087599692656,37.7491805630932,4.508093084473637,11.001272,10.66466,16.304114649673327,-29.548135443903742
335917402336147840,41.70272820684972,40.6143004535975,11.015136243808652,10.7910595,8.336195,49.721212659897446,-45.36668075904596
339966731862647040,35.84498063999454,44.27433819046174,12.725843414142776,10.782232,13.21904,-32.39822003184578,20.142057756373113
341204403998712832,37.89572836442087,44.23558846744902,12.115682198389031,22.44466,12.055728,50.574549154937365,-47.89144904939137
355470086333515520,35.94340304224158,49.845547876761444,9.758953937138592,23.920422,13.811537,34.707321059650305,-172.46705968049213
357323755560972288,26.32765729666153,48.54915900828155,5.3478289833419375,10.97453,11.286391,41.25057842510617,-0.47654462429381517
358555208584280960,30.958705919622904,50.50286422863945,18.5186384512523,36.338398,12.888698,-51.04655407735412,-29.017780920417998
378136312381884672,13.208745977289666,46.89277370821463,6.503532623936179,11.281363,11.570229,28.20370601483255,-7.8090403807461755
392889731202534784,3.5547275316200264,48.92242129470622,6.411696406187699,12.273151,14.07638,77.2098625473955,-22.655863683819668
399411931097917696,24.57263755739404,48.7971841272566,6.048676352116436,10.913307,12.183774,-12.127372158451283,-14.132784030816232
403937173063639936,18.39690918275295,50.87636645595674,4.262334348886235,12.828275,12.003521,-33.536349092542295,-4.9240417973873765
407640676121393152,27.78603014996507,52.20904132899688,4.448523819923066,10.997254,8.90765,18.245672181649088,-12.72707896232599
408126728980233984,26.04215195759356,53.944893903717336,7.357835101837224,10.445374,11.359984,-35.127282123395744,-31.292412219604476
409187169288284544,24.332578306617766,55.22877113586339,6.471296258105261,23.334616,12.023854,38.63788380028632,-36.03042965943682
423006316765112704,2.639872206232241,58.83692589589393,6.56034943572771,15.859762,13.473932,-25.921723503827014,-25.980475118966538
425680294685972736,14.915824297770573,58.15768390907522,7.113097088448459,14.81088,13.994183,-2.456940832283678,72.74164226755778
428253220613966592,4.5823448289368685,59.32276052143296,6.607215629635606,19.459843,13.656848,4.393737809584708,-37.84039923286085
439696387875156736,46.59357761462919,50.31345282338595,4.441588574662414,10.950732,13.865015,25.756411187456578,-23.438704262533058
450495000807136896,38.476830178195996,49.50566812945198,20.0196708974552,19.734808,7.614327,459.011623303635,-85.85283225450534
452277240439224064,38.433109866411336,52.93760187410147,5.115994525830062,12.480549,13.006361,112.41691613240494,-37.95666308964908
453577202479402496,42.366143635668884,54.750042313577325,12.017706877022876,10.544605,13.153192,53.26242103225276,-42.977526394329004
463267374554192128,46.841310433507175,61.38631462078431,3.718426145135327,10.593379,13.800381,3.520673758305465,6.696933284113472
467551101917054208,41.01651999312216,63.062241719195605,7.00940386224848,12.29443,9.378316,21.850954822841924,-14.840368794931297
478368788803049600,77.67822770114516,63.596853217672106,13.056147415800988,11.06497,6.6860566,31.454703222804593,-80.28483071527259
479668033588960768,80.91792514803306,64.12419397211922,27.143270258384348,17.332996,7.179155,176.98443499087645,-125.50173474838272
482092280631543936,73.47319297092186,65.1111976737217,3.893276058856515,14.65061,11.922168,12.21641138378234,-19.532848657357473
485295505899384320,78.74174570444889,68.53677429511126,8.01873913982962,11.614141,11.855358,69.36603792941062,-143.0266732247406
487101762989239680,58.82690738298038,62.97418209599561,3.2269118910229375,11.160512,13.821143,-13.332858106204675,5.967399318908309
490732453459316480,62.27289329458562,68.37580832092526,4.13300857509989,10.213433,12.923317,35.76337252883657,-12.832241396151389
494206463526860160,60.80544831576349,70.02960087460693,3.249355917131747,10.2531185,13.98538,-0.8807245577908951,-14.04800265075569
498336263560524160,85.1246193622521,71.9772683189578,8.09979576863015,12.877917,14.852854,-0.5193939600393693,-35.23239115818644
499757313618159872,85.66460605297705,74.50391411365274,2.0378656780601125,10.383814,13.491371,-4.822761022394548,-14.2778619610561
503143427178060928,86.10641996425367,75.56695909397027,6.100788635178875,15.850038,13.813649,-0.019538655867682192,2.908478636613471
506778416927598464,32.081081613610806,58.39692018901489,15.183866465063092,29.148266,14.173314,38.673797028564934,-58.43459910350169
508764993919278080,29.149067108499832,62.58526456302371,6.9046155619671215,12.243925,13.288292,87.38754208952356,18.449715491430368
510498408358599296,20.238622384088956,61.13667283240638,8.941701562090769,19.248125,8.618945,38.45170906901977,-5.964335859095392
510981609358809984,19.216016218560885,62.198152498115185,6.5012200425660565,11.23411,14.609431,20.7528721748501,-12.617306251910733
515682468243704320,39.781719043964245,63.8108845845585,4.6221201584125575,11.048829,11.189905,-15.881053730680506,-4.861649354881093
522245281345625600,29.301100674299946,71.08775580840728,3.424787009176959,11.064546,9.1341505,-44.02830089058074,-24.397010648905244
525862056127397248,15.346471828585589,65.87209957984435,24.685052054877584,14.292135,8.095494,137.15134776814415,-8.856849248123597
529327201383798528,11.302424524078074,67.5082227208183,6.192092031975561,10.481691,12.964715,17.410616258492325,23.524948962333564
540219788198191616,2.797535662942608,77.0727599844317,4.763770549644039,16.528008,12.277163,13.509042585114534,-38.098334330918405
540574307682815616,46.38092723218127,67.31588423660307,6.853622152644065,13.34372,13.215337,47.67153899725014,-4.431577692867181
541823425904277888,42.992970976633174,69.72764712676928,7.184016215621232,10.852986,11.158282,-10.044301029266952,8.970745455609805
547980106907931264,49.893061175002686,75.2086949975951,6.3842600906147435,21.967756,12.404403,6.343449919097144,-1.537370128288026
563496445062594560,11.750042556948562,77.81167950441056,5.21350981457835,11.572175,12.297252,26.610530930868805,-27.89691643203058
566012750437399424,25.926258265461538,81.34770945039128,2.5132928122607967,12.637115,13.092024,18.930859967677602,-8.043031440279508
566467982610114176,7.826894864207891,81.16384329819927,2.716110352369168,12.879708,12.776689,23.809057115779773,-40.413801161711554
567937956640426368,46.88467599746832,80.55510492678744,7.21314021067455,11.354131,12.226255,-29.66953748833565,-36.94782320517838
573068282192308992,30.72869301766143,85.22936238633474,5.3430672057856174,14.530267,10.472021,56.71955452498221,-29.492064159752587
573129889204028544,19.692982988005756,83.41455900345838,5.034589396808987,11.19779,13.007261,25.821473764970797,-29.027507910047266
786046600773631232,175.83177783798817,46.28547311397589,7.140140175511114,18.773542,12.697952,17.348449308753736,-3.7933588118417703
787672026858725632,177.45250606402652,49.232260877682336,30.3459596299212,10.439652,8.554301,-243.09643461725986,16.414811315034033
789952929367948928,171.53459643240362,49.42105840665833,13.622212307265894,10.432182,14.046964,-89.03473501081284,-41.768654043537865
808629508753291264,152.4661932880537,43.34415717465958,6.094867736640959,14.298848,9.22953,9.445458381690193,1.5780057323113863
812736184682916096,140.1152042186674,40.601665578047964,4.278238967602042,10.274098,10.834187,-15.009938657280435,-21.877629818200255
813148742060714624,144.22694479712968,40.40945665851241,7.412546288196235,14.595747,13.417274,-45.3623807239749,-32.39084804168653
816544064030758400,137.08493950722325,42.17969956684421,11.213027843546772,15.371353,8.80487,25.49326838001185,-8.608617422080027
827795199014925056,148.3580355065873,51.656927042071544,3.8058613618283745,10.694179,13.800934,34.61101127650403,-11.941470058930767
838288319515568768,171.01510769573372,50.473569314334775,10.512075313672284,11.383929,10.624104,-56.521414964560705,-162.74964320480316
840433844658801536,174.80836074472558,53.519528070008214,7.106406277985773,13.754097,12.291939,-66.17303957512826,-64.48101890669699
843068686835502720,170.51800328935363,54.40255546067414,9.729918295845549,21.972113,12.405737,-63.07479712953062,-168.95625331029404
848029713363715328,154.79837021856127,51.33429092420097,7.308492946263697,12.420544,12.859873,10.659284039888064,-78.91532167077794
852173845703886080,155.81490889198497,54.66845310773837,6.40834962551211,11.112457,14.842419,-64.77635593497051,-80.10558486409576
860725915864301824,166.38054299185552,60.00669917127761,4.630315544236917,13.073102,12.841406,-27.154255834966325,-36.77719935245572
861600165047361536,162.5192439497095,59.8636599120046,12.313987420601133,10.920033,13.425451,-57.14500161350222,-57.168725271956994
863115773106732928,176.7389314242108,62.98700268830833,8.288918122267123,11.82184,14.627872,6.170264166391108,-34.08349288637524
913024220799685888,133.81158853504095,42.711598845794555,5.81991349042417,13.746759,14.063711,-22.521799744947394,-58.50118616053303
913686985793860608,131.95040706189158,42.14821480681883,5.416898366798414,10.031953,12.357654,-13.829198962990432,-50.00707481149749
932164343121176320,125.07748348074507,50.545720808237576,5.417065498547559,16.015041,10.659729,-37.21114526324661,-24.76077050985772
933092232151203072,120.03743479471706,47.53075701528835,8.62345017719942,12.066355,13.920105,101.21705203839517,-125.94149735756554
936564627311330176,119.26301824084489,52.87239452144606,6.661184923444887,16.149208,14.34516,12.80978568424142,-9.4204657743879
967431526476206592,97.73021443706945,47.52388996235908,19.09268941809269,12.044062,9.382722,17.39235149743889,11.355652294683814
970739746508642432,95.783276514528,49.51150810348506,6.092429222038836,13.274649,11.640986,-30.55121558291766,-42.93861154210653
982051285912835200,115.54196257366144,50.0745897978384,48.584643312807636,20.20505,11.184148,189.17155508078002,50.63518630197075
993376496198565376,102.38742240622332,52.90266799028097,7.057734219159311,12.053037,10.05865,-56.941825790175585,-117.84834276494526
998431977647724288,95.78836696196811,57.19824394388964,7.4642190806108495,26.8157,13.207281,-9.857681462770223,-7.137658584525214
1001501680969728128,102.04669982830566,57.762006861049954,3.4919612545186967,12.192175,13.206914,24.840211908367397,-34.10801813621905
1002144448594341376,104.7146338325201,58.140994701976176,3.533763550145384,11.380557,13.095803,7.718297229162428,-1.3278073787685862
1003629545205968512,100.68493856912939,61.03097497575098,6.725539991689604,17.55418,12.45741,9.734179737206837,6.609829038877803
1004698888984666368,95.28321916443403,59.15409570063251,4.790610351159255,12.743599,12.030974,74.15193425099807,17.551530022990818
1005441162412533632,94.12482103829261,59.31893845062035,5.524467930122196,11.551669,9.278239,21.061521825016808,13.285740029291325
1008037452963714304,90.88178646487866,63.2679674714003,4.148369289712675,11.630631,13.415568,-34.72700603197548,-37.57123120274652
1008918196135397248,134.89419235524363,42.84504819869767,11.571243612164928,16.439516,13.397763,-26.469575188026468,-29.588409230365116
1014184650674567552,132.6905172008312,47.97659379019508,9.605951314715297,15.169619,9.804368,-26.94668596982668,-118.28543363028567
1014215918036415616,133.00056821963307,48.15459513114705,4.364968647152096,10.338947,14.212358,-114.13947543685242,-107.10268269382155
1016148374144983296,136.35379116695898,50.11251008817342,3.1535910909371188,10.009825,13.16623,4.074673557786289,-2.2461962164691154
1017397114412894848,135.71124317741467,52.221952330845745,10.294151959332822,13.704704,8.539594,57.63285983578762,-11.126417716811748
1017593239799217408,134.36217541343262,52.937296265117176,12.350330286790419,14.235898,11.469221,-81.32456031287995,-119.58542381266281
1019184817239081728,140.61846496278054,51.54814794982579,12.469037300081272,25.74602,14.602302,7.0404900867332545,-21.63194015208589
1021178472339004032,148.18856454808395,55.471170828514296,26.95845194744509,32.451687,11.361909,296.47189183916606,-194.27351784874045
1028247674975598464,125.3248388741269,50.81595367367741,7.918999017173161,14.581799,11.767616,-17.1705578997845,-10.466641548917
1030382278017547776,130.76351802817643,54.249905608136864,13.41788704007319,34.897514,9.649215,-42.62895173817939,-68.76764992054034
1035522868538613632,127.86546534425241,59.27741972061246,22.01615448904338,17.099089,12.025493,-78.86271770938504,19.72705182131828
1042540952475691136,129.43487623985155,62.826204954829926,4.731159408007492,15.66845,13.755744,-9.05507679831411,-11.997996579210387
1043467256662144768,136.99553564035557,63.333336157636424,7.385777621538581,13.5243225,10.112544,5.814328649530316,3.5710879865188683
1048801606043253760,157.56787209388327,60.912228894741844,5.444544306007639,10.382516,12.781621,-32.81145163172929,-11.843177383272355
1052993356684825472,154.35345134816632,64.07038891957217,2.9931921016188485,10.403316,13.210223,-41.034821059893,15.293837014242934
1055908024571562368,164.56814977121604,65.02690923379353,13.55930978251153,11.016278,13.489824,-75.06781254408567,-34.34384334514238
1056080476098246016,168.12156995059465,66.10774401748469,23.357447716707593,20.32955,12.295947,89.93538195116207,132.92298949592382
1063467544969478912,147.58492487518353,62.6412837397659,26.09689879617867,10.368429,14.261928,-391.7003559188592,-372.3562622753802
1066446225048314624,149.65456699331804,66.35715846833772,4.293969152190536,12.881579,9.897043,-10.648248163511163,-15.296947194443607
1073206263054159104,158.84150877915906,69.446793871661,78.57484210850646,15.245745,10.719594,-1653.6375443251518,-641.5296492899556
143978509333863424,45.10712494932989,40.47542233964493,6.369701552818042,11.533571,13.865026,42.04025088583039,-8.118712051460616
236430871538964992,50.6931038613147,41.50766596830718,9.057530531196269,13.086895,9.662898,0.7048768755591963,-20.27026275012361
243698682058325632,56.78296356516328,44.19816204916591,7.399744659412769,10.837672,13.290688,64.4851652649167,-249.42948726812966
245323313565023872,57.25430433103274,46.8025608670412,6.06263616903469,10.109866,7.8827167,17.783585612201755,-31.94420541745623
251871008391246464,59.65920769996539,52.818657284519276,5.2275972119427925,12.640196,13.812603,15.009962533765375,-24.61151333243059
253423896768289280,66.66370920018804,44.34915153051343,5.3030543865751145,14.309472,13.985884,32.92900110313876,-27.23698442314501
255328590202336128,74.45224669527904,47.86248718618095,4.216255527155264,13.688063,13.365929,-6.234190248843223,2.8631461320003107
257631040571161728,68.15719649318604,48.06950115921408,14.91682197328754,24.707052,14.631122,22.505047270250017,-50.26337248179853
259340987312984192,70.34800333605224,49.88400997552028,15.131113106921166,14.20621,13.76408,57.126131315010454,-105.26412512407362
267405939457422592,78.74787030960589,54.48010533959214,8.445710529579488,22.021992,10.648323,0.671178658462281,-24.619774948302773
267412841467017344,79.48519192609196,54.7040731158951,9.779458996453245,18.52432,11.998007,7.3441242328920655,-38.66017113796616
268434154626850048,85.81823770377086,56.66002157783907,5.616726809881916,10.428575,12.249804,-5.425719962315007,-11.513992812611953
269263598710822144,84.54694472280207,57.254167848922876,5.424750930418684,15.769627,12.9890175,-3.6463861817982473,-24.200511830390237
275390352381197952,65.36178718724408,53.684322361683215,12.87937766389565,12.620463,9.881196,-25.58462502958664,-32.61442324373856
279472353720229120,77.67184859197467,56.05297973318911,2.975553792515055,11.754499,11.924763,17.880598951308016,-29.810235730991664
283626278586821120,88.99578554381475,62.49808324189059,8.358225157820394,12.449764,10.284124,-55.503406197559144,-22.233090108585184
284555503350841216,80.02526677992924,60.771961693637195,9.713702043512885,24.323408,12.068312,-4.119062966070695,-64.52704774324626
338382369967003776,38.450899730115886,41.05299301717161,7.752572208502973,19.98157,12.444552,5.644407214542349,-38.838771105599974
342156787227017088,38.42454007223915,47.00514576532368,5.204667292944583,10.504796,13.596772,21.889816079029785,1.5559352015604588
349532723543894144,27.24650066403093,44.15548950215396,3.530926956681237,11.77399,13.330338,-23.68698771378165,14.991061402179685
350891410677392256,27.115668558043936,46.44166102800125,5.995658846807917,14.617996,11.83483,-5.162900198327852,-5.757610036419004
388058855065535744,11.81441948588353,44.92881337508094,7.9816346032566905,13.3373575,9.90341,16.851666961820694,-14.603162487518151
394110463988043904,6.357667124603307,48.8388294039326,7.9632415267233165,10.79597,13.267227,39.38388929385372,83.06416714807685
395982240798701312,2.309973140638528,52.92591922891513,5.619842060790488,11.416244,14.745047,8.596187753724466,4.107298086364548
396779700261504640,21.7488860307089,43.96983770240101,9.378410812405988,13.858709,9.458142,1.4108795725730658,-44.31789193724002
404016239120810752,17.814865701966376,51.43665051794794,6.931958984850295,21.754549,12.135213,-0.5921602137331208,13.242215745462302
410145668548884480,19.44707410924915,52.50491297061861,10.50332299992166,12.376553,11.57675,-37.55327232112633,-37.320896996349106
417785556375994112,9.637128250879595,53.42019706523992,5.9958739526414595,10.874304,9.986715,-27.232065273382904,-33.17623885980153
417895443121202688,11.07744702397539,54.29317179678854,23.03855721307493,16.643314,13.309742,238.52677794193923,12.089756626029676
419836527819191552,5.287976886711727,54.806909929917,13.199109805821978,20.550768,11.290128,-11.87890916473525,-7.619986186568855
425802782849881600,15.718586209501899,58.64110207894302,3.26780712013948,12.299737,12.145056,34.98259948238477,-8.042340527422478
428048917610693248,7.762598618492237,59.07193782825304,5.920217194567609,12.965625,12.572259,-5.107538744608754,-8.744192369191236
431117310964224896,7.571230744416509,64.03213196147712,3.442005719591585,12.010967,13.544387,44.29578097922353,12.110669850278741
433993495936591232,43.21843379568538,45.97977299339186,13.969624468912594,20.882408,11.490279,63.787972424707256,-62.35775394058155
442990387273348352,49.572496336904365,51.95845140702504,5.316154247880523,11.10597,11.027491,101.00346651415174,-136.80221243729437
459836863918138624,45.83724256420206,56.64188855269598,8.78700825626284,12.4219265,10.770404,101.82413036507916,-24.162143642043283
460472965751877760,47.28874183808983,58.599125556691874,4.153576639778454,11.197139,14.271048,-1.4757077505074614,-12.644145513021243
466046145377842432,40.96468066040886,62.849603294214866,6.202616296671004,13.137006,12.9002,0.25201596727405295,-23.056285554553185
471948976629220992,66.72205112836356,60.42114278452973,5.013138764920511,11.347,14.053471,40.61478090511542,-64.2862985444942
474275410094200576,57.36661421857692,60.94284089486181,8.486615865672118,12.830241,10.874183,74.43528280622681,4.097026331929849
476479552948428928,63.66290784143102,63.47824984358401,4.15387469261179,14.585661,13.738986,27.983347225073253,-40.63266604783505
478068415968920192,76.74627266324103,62.97726579678126,6.053971594114952,14.275352,14.383453,-4.245079162137959,13.54793311501096
486136323057912064,84.63895506536403,70.70483957027552,2.942284329331988,11.331572,12.32303,8.816826529707113,4.697724251679361
490735992512442752,61.34263389771526,68.2581070757757,3.4812796640995223,13.127048,13.552287,-5.186796138209839,-30.946175097507766
490775987248372096,63.03215347951482,68.3522121777121,6.7369237269544655,12.337683,12.503836,44.17962992463751,-57.18060452758596
494182239911543424,62.00322421528313,70.00487843915103,24.53448145698561,55.122295,13.918625,-66.72852048535668,21.921092260658682
494355928389421440,53.94172410026467,68.70959333394279,10.219135111206763,47.091343,12.726554,16.19323217389095,6.950678075865321
494852804566033024,57.841441362222895,69.7121597561646,15.304088850646526,19.735186,9.888989,69.15717022197325,-81.76107848549984
495953243906664320,70.75683382638174,69.24556597861253,4.202032816335763,12.079648,11.630078,-2.9354594264127662,28.797387563801976
497683050574894208,78.58307341221352,69.82324268010271,6.715795641925898,11.617637,7.102981,26.16169793803596,-105.63492161281005
502314915103799424,78.31590606714202,73.4913520737781,21.82229780293667,22.58528,8.777136,-75.29178535618496,37.7891084279227
506638126115271424,27.078455155619224,59.9619352321831,3.1945481698150258,11.378948,13.198522,-5.218465936526053,-6.586683085461914
509336082823833088,23.375050119991915,59.197717287171166,5.085414391069376,10.258549,11.281743,-27.899404931275193,-7.9080850619246
511758410018994944,28.707100394266746,62.44759279352234,5.519803070206801,10.459498,12.321134,-45.101569799994586,-16.12099460993852
514873468208172032,31.827799560338526,63.44380198310596,7.061138960437244,14.336019,12.594227,26.330475635424847,16.404884025162136
515338561621276288,35.031502063441884,65.08519299225055,5.733304199945083,11.08606,8.891242,-5.2627082657273,-7.59194597755477
517329399218461184,36.28843744391309,67.53085781725271,3.1212968176036084,15.034157,13.073014,-15.505275085944929,4.312781763389152
518655891277804416,33.37220042256389,66.26692932721733,13.050678280384158,13.691994,14.5171585,-115.65421006967136,-43.085471090090856
519141841062113408,24.9593203669973,65.86956705412037,3.42873420494145,10.691599,13.389628,-42.03790127587369,5.822322563947195
531665549080494336,21.69707342843987,68.07469792284508,17.81722801958903,13.748017,13.0243025,47.42611504972406,-120.98628749335361
540157008659502080,3.6688402302274916,76.33306864199233,2.478561240864022,10.696153,12.279721,13.696509526033578,-3.7017849117000585
551880864924665088,79.3013321839738,76.81887545325516,6.259746992624465,18.050707,11.949133,92.86099112592304,-48.724631719143545
557129143160581248,76.17226442318258,81.1433536774284,3.9221132541190613,10.228017,11.663197,12.176389855294996,-21.305361243301274
557915293974293120,76.08675362021376,81.72722830916675,4.774527228743227,10.331463,10.688112,-25.142285713152532,-24.28788845219444
558223019791629184,77.36893873770607,82.70085445202675,2.171687245931786,10.635849,11.943324,3.8033520972778994,3.1244798941784753
568292995816776448,57.26916673006955,81.80797902041843,2.4164686526614,12.478999,12.323297,30.3189767354614,-15.283818984328649
569859563665886976,66.69185270320109,82.26801614290522,10.646358496003401,14.008107,11.361147,86.65527360778047,-54.652126285059246
570300880144161920,73.84425936822078,83.26043176633212,3.2529100203550727,10.060637,13.851424,8.377531612876565,-3.092980538313307
573099652634202880,17.11676491948449,83.14043419851731,4.99516927740312,11.544955,12.329329,37.64279508503935,-18.17997608990587
573247365149459968,15.971482280561057,83.80850036314963,4.336642385593815,11.857863,14.809166,-6.588051511974106,-7.901320309950397
574351682843624064,51.319787306874076,85.0179970611814,5.946981813888766,17.739264,11.992519,48.5307306118651,-12.189892164786063
785401123024470656,171.48445254015843,45.824764363605475,8.85902283369843,18.024221,14.360504,-7.710718164342939,-24.80881301038024
791534881782894592,173.81097902101004,50.18442015200358,4.140669744345587,10.838553,12.303107,-64.61174726762364,-23.78240866756785
792131439857907584,177.61799014451012,52.14725322480891,13.899689762738157,21.48146,14.520579,-163.52268207192856,15.825769620281658
824750342080412672,146.06644213797364,47.08446649318839,11.968127877970698,18.115377,9.754271,-119.79181890516766,-78.3829075821217
826686887000593024,149.39993689431535,50.30197359487288,12.966945518027229,13.367819,12.4891,-138.25721873261796,-193.73120703002377
828511668279405312,148.50559245738742,53.31703984158358,6.015709856530859,10.207092,11.2624035,-62.4074461117679,-32.30700249497442
830598438272299008,160.72310108008622,46.68970504694743,9.551714656067182,15.954041,9.997583,34.32150074444925,-43.17173518004603
841463159340676992,174.1136905912987,54.87429142182449,8.19773597223029,17.426374,11.067812,-6.391094991704777,7.872431043963477
842001129764130048,177.42024247141083,56.08952690095505,4.229872810902646,10.255746,13.580607,-106.68026448899991,-19.45368352784444
842462684130374400,166.0284297647692,52.33129353988188,8.658572017891231,13.39857,9.531843,-46.65018924609847,-97.05153431787875
856793237649489920,170.7444994140271,58.475541977212494,9.649439488632098,15.476827,14.556483,-66.13405373336768,-9.316844884999252
859838094584596480,178.0317551633959,61.70937564447033,6.116952464386645,14.635978,8.0045185,-14.594126431895688,-13.71043869618374
863842000536958080,174.8587748457109,64.06467344851825,11.765874215743436,21.690882,8.885268,-47.92417811341297,-9.293572543070308
924203711432963968,116.01677666214148,42.27571014819443,4.340163384428512,10.107836,10.479086,-8.580031380387574,-16.950053560762484
929088699860855424,122.02794828059456,44.88586282682669,3.131743715591479,10.585159,12.614467,3.7643667032330503,-21.033400311187663
930777588376292096,127.52876275644904,48.03843288457851,8.412823361828645,13.681098,13.165915,-57.10958983944993,-97.55108201051996
932582024396630272,119.01961911284005,46.55383794183237,4.746251897712222,11.833938,13.080525,-7.23972549586475,-3.7072406313063837
935494317164948992,123.07410021164507,51.634523305076726,4.418563129046375,10.0987425,11.321671,-14.792224851272964,-57.143637575853006
963491082961003520,91.51189421014351,45.91398454914567,4.669232521740222,10.229441,9.935736,3.7511537815046547,-10.469291187153306
972248761794940800,92.70915932105434,51.92033889565892,11.412265412612179,18.82205,14.763017,-18.933616216058184,-124.89725906305421
975657007322339328,114.92241837825466,47.56513779440754,3.436322421266857,12.2677765,12.323179,-12.467981099302648,-29.29383747170143
986683867703304064,108.65161166784372,53.12764449889435,6.701524399089611,14.230099,9.994921,-3.2230207195992593,-35.45058855812497
991867725726813952,100.91781487409838,52.004828384411454,15.74933501398529,11.633919,13.119217,19.141124748318646,-92.16203398824294
994085131442752256,102.78227181520569,55.11826320139113,8.897809418069262,15.3218155,11.897573,-7.676683801195946,16.890590448581584
1006697010848758912,99.0787345278214,61.31936725105722,4.000187319885688,11.47241,12.590274,-8.712933166549151,5.12505435965405
1012752502418926208,138.08502227816663,48.30923544174124,4.521079568716577,10.227758,8.93448,-36.76908457126258,-37.96945318500805
1020040340366046976,142.55259399562988,53.86146124582903,4.370826493010914,16.284576,12.965313,-25.287588924211757,-18.961179161544145
1026437333375996288,145.12992503207278,58.72656368625501,7.252138067240641,14.460659,14.253434,-41.58739643650701,-8.908258165587048
1027466506323120128,129.71439776919658,50.495278203635536,27.922653496287094,10.694923,12.87302,-119.84452654530239,-92.91325643083287
1029066403117648000,127.64133474067306,54.11841012358207,6.6661235304118955,13.206263,11.660705,-38.063037804224194,-13.914575593469932
1035971331843166336,136.07205840934014,55.27695923553288,3.4400744659858074,10.556879,12.185025,-39.133232552750925,-40.17400715361972
1038844183928139264,143.08894768479067,60.53508549864175,8.496002146125937,10.565875,12.086044,-33.963581574642795,-39.80206975785614
1044798662163938304,134.34685369493795,65.99614378386606,13.435500221818092,18.182314,14.864249,-46.14944420708176,-76.04475403042817
1047570256099439616,157.30863343359565,59.79986533967648,7.434119228229491,12.680578,13.943207,-108.4000717519593,0.2510525839407914
1052481224784490496,157.28333982229833,63.39017474375467,4.676968347552641,10.851132,12.972013,-35.98558220772623,-15.80189028469773
1053155564713942400,153.08719473758254,63.940875106628056,3.215061319297271,13.158122,12.4783535,5.27175684763139,-10.998390473747278
1056495193844840832,171.481803534343,65.31622197439549,18.194883053342792,16.501957,12.085227,-200.2372415644167,-204.95395718650454
1058098904568934400,175.21943227644667,67.85427823713306,9.410432168703355,28.457949,13.94519,-28.15662670500658,-85.6752230297119
1062845942942622080,179.3260684727013,72.18612845131167,5.202474548951166,15.413103,11.319859,-73.749318261947,-20.021928886535733
1064496309896313600,142.07095607297572,64.32080859952032,14.276452346340113,17.499556,14.753379,-3.7417671114746494,30.153117857162687
1065072213470990592,145.85100280602964,65.8990522347639,10.644650922029559,10.319319,12.035425,-132.97647939815784,-271.907416840639
1069751941116848256,148.06375155850702,67.4301710963997,11.806273298995286,28.084974,12.442277,-134.53668047368674,-114.82169320803771
1070605918053614208,151.86442142329096,69.8644705236554,6.77468604206448,15.769056,8.869547,-36.86191959591829,-20.43713831110604
1070990884563391616,146.785221239443,69.76665018865013,3.7139004419412016,12.083911,13.595251,-15.055677688310178,-15.020832669472245
1072598542361657472,166.3820185825717,69.23225475024938,3.6910527191103157,13.530862,12.590048,22.049069999193044,3.7233250078100975
139479582631025920,47.79595554857854,37.5179699891717,6.5288188785252075,13.906313,11.406684,11.037470294577169,-57.47865597118549
224870713661948288,57.02487245427832,40.539694180980575,18.911989496739952,13.476864,11.84907,53.08802797708469,22.094772608706023
239070631455336064,46.711803265191904,40.35851307542976,35.592721031544514,22.251827,9.2625885,-387.8949843571226,-199.76653067143963
243561964658385536,55.68842181674367,43.460889875010395,21.204677970338608,21.975378,13.430836,20.81897738554695,-48.890196893730426
244371273936486528,55.89824051921108,44.257216077952144,2.9557832562017348,10.880778,12.677134,0.34716380799971747,-9.19314374329539
260572058076660608,72.01804889221891,52.248075836336746,5.752017133062672,12.604623,14.05132,83.23774754389913,-84.65925837312466
264902798156378880,83.38885816193114,54.28688407522825,6.054260507118026,10.978536,10.727947,39.063210354508314,-6.605485848893554
265626826563165056,89.3443777698985,56.59482361916427,4.25413635310597,10.444171,11.288115,8.58892516925393,-14.67744840593495
266952493992205824,76.5149194910403,53.91348791108504,6.02988298465773,13.919457,14.40688,14.06798874155834,-13.915149779984421
276487905502478720,63.80740151347268,54.963733958060985,15.961137905208739,17.21023,8.050362,-2.032193259997795,-47.20856341363493
278485821212339200,66.4888804617179,57.50956469691881,20.242897915703317,14.758333,13.634841,-58.54241798908111,-69.9920942823059
285943774220603008,79.08132977989509,62.753911655806355,5.787048509561152,13.538655,10.028431,-10.247504573733591,5.9008726877644735
332903744044242048,34.647210635067815,40.279952887359606,9.537205561244242,10.07339,8.213045,-22.6756815577207,-10.849232935714966
335525014124120064,42.20897892678781,38.93872075386332,4.206154378850089,13.297928,13.674986,-16.557551752079448,-41.82974902627815
339725281684107904,36.83530820257308,43.767238245594044,14.770938331830735,13.508652,12.087714,-13.187090451694745,-51.842671879758846
345569392144183168,32.24199932547391,42.630275911202375,5.528465345193415,10.498325,10.878803,-21.323175159917916,-24.41462785272263
354118683462500608,36.826420622962324,46.938007710136944,8.786458825519244,15.278353,13.375827,-18.075468099374273,-1.4416842878106717
387989654552003200,11.129705182498181,44.57602770328926,20.739646272762347,13.884445,12.048058,33.37983447807443,-80.30704899328573
389766637143076608,12.030979529782417,46.76788874714315,10.54676319092017,26.68415,14.603343,-117.12387342270476,-30.112215452866074
417952239769219456,9.445003400490767,54.53832211983063,6.327391669096114,12.413186,14.816428,1.441047657373862,2.6316865574113875
419163523627547776,5.281329062338407,52.75781580901411,5.4223495318882025,13.663967,9.911622,60.3223359763407,15.745810743034955
419487879558748160,5.9464673690728755,53.48365340638902,5.075421022847557,15.185751,11.545727,-9.60495763354339,-10.843725682292806
420369378645056000,0.3116209932308691,54.78385999031001,9.22584724480965,21.686687,12.570545,-18.399666723361328,28.76566169505881
420703424019755008,3.759189656529882,55.70716694799702,6.639689785313002,14.083199,9.588335,53.06974197136737,28.84507808970648
422151201654707072,5.140870326761008,58.01541008796476,9.611004203944962,22.204315,11.100725,11.207245118227265,-39.01383873540415
424001512232875904,14.422095896376426,56.818443066432984,6.031533823651535,11.608186,9.189582,75.14316950185507,-39.05032358126554
424094730198262016,15.975883366186473,57.565410729713875,5.592185944614739,16.822672,10.552953,101.47123113094692,-17.98490337473074
425577662148242816,9.150153675078139,60.04422349751068,8.117969580063194,23.864244,13.460135,92.94157952610315,-9.500189498889458
428703779861827712,6.162945888330839,60.200915906794755,3.8484444473748995,12.752132,13.818256,12.134101434045233,-13.415742120666884
431083054307315200,7.309795004698959,63.669472602293915,3.7978941897286664,12.382255,11.941506,40.00730516557665,-22.61185740079395
431604703860115456,0.2538801364622543,63.68500705904127,8.373373098554175,10.418442,14.149336,109.62455798690567,-18.05128664504248
435541848829970304,48.68924754812676,48.30279876117229,5.188380991285985,13.889741,13.476793,18.566135443351836,-97.74535774786395
443808488345116416,57.12988003263914,52.93381430250986,4.946837320367878,10.676486,10.463863,41.63661902792458,-66.35464891030415
457147217950648832,37.31455626236162,54.960625308441216,4.790308928169027,11.096233,10.882584,-31.64813253479346,-21.613354236285648
458903202449626112,36.21929677478632,58.28380811990673,3.541915083235813,11.730168,13.096531,-16.450601076176866,-5.047467321845252
466267976146818816,45.982900005550526,61.32360322421722,27.8919111200338,18.124268,13.930563,75.28203601288706,-436.2507438672461
467577666298551168,42.27278702030091,63.47032108838846,7.835083817926482,11.958354,10.623258,-6.288416200862574,14.644046993001176
467842339358640000,44.87453568308026,63.952466060142314,11.060962103707471,14.976976,14.729231,-19.342863014512833,-67.57612223453872
468594851992659072,61.4027682517892,55.74885950001463,8.620136658660817,17.177757,13.92563,42.17808675375279,-63.33314561087003
468714011563943040,59.883073267195876,55.90575195600263,6.007760548952546,22.281801,13.088827,-2.9796479192436296,-14.744709688966083
470677945489267712,66.70581947648057,58.24035240602867,11.896550077913727,17.944813,8.05558,-64.61364827187633,-52.28305492029129
473534854654374528,59.340405522495104,59.70647840030213,3.0480348284003185,10.988962,13.459769,-7.098442556055214,-16.13141768702601
476757866829535616,62.653823154846904,64.09970713211601,4.871501802339343,12.640424,12.959066,24.318226529344827,-15.252383490291905
479159097145749376,74.94046028881901,64.10685160983483,7.69232662946972,20.86747,12.340728,1.3058990714237355,27.82288692870557
481606060273792896,84.6670011197949,67.32020776953594,9.68888366714027,11.301837,10.991332,21.258201301411045,-44.095559631461384
486665871049295872,55.706745138642205,62.44194078362147,12.078377517422647,14.54212,13.351849,-3.4054590477238698,-65.31028526280997
487441168485327104,58.41430449352207,64.39248692658158,7.961082894131775,20.969309,13.117985,-10.809666066261922,10.233162124627267
487808336647095296,51.54395021998908,63.05219155163073,13.575784447144096,10.517555,14.338892,-18.463849216973916,9.785337100288471
487913924122245888,51.77771997351626,63.8162913433021,4.4983513850195855,10.060648,8.758872,-6.439548029520905,0.03780540131139481
488124583678973312,56.53998552222651,64.20957992350566,3.1475138079893465,12.187062,12.610818,-2.223549749249212,0.8708384032974519
494238796041858688,62.02276501894328,70.37527135245647,4.108215796825643,12.335145,13.761922,6.617590375756075,-3.9624842016264052
497138276923819904,72.11287410228556,70.06107759438814,11.772323901968464,26.561365,14.057707,11.702385993597304,-17.00890407163539
502710979808684672,80.51669263093206,75.19528807952578,8.65328665298438,13.010636,7.8376365,30.021691688949353,-37.869949742406504
503874503628628224,82.51383231665052,75.98515630403371,8.79230808689595,14.567316,14.149849,176.0251860683152,-76.83814624176645
504886191772660736,29.10785822810304,56.73251099618528,4.345022312028228,14.0940895,11.103923,33.99124648642791,-18.43163295530551
505426051983572096,31.065170317143043,57.926052925440466,4.6154719494188665,15.804482,13.583326,21.219161464115047,-34.9471063485483
509932812699859712,24.740663980279923,61.00347555936833,6.79308325020864,15.18715,12.280588,-31.536433490887212,5.84083139523563
516664946299089408,41.825740693382166,66.6539623689132,3.7195538485345465,12.092758,12.821566,20.482497521213205,5.808347732090979
525556872932602880,19.035521967370162,66.34315699968383,6.039492059767726,10.847913,14.39195,-14.193446183563307,-1.7736452874386934
525825046389003776,15.332982161095016,65.49112101126642,3.1867388576811577,10.667458,12.333799,-24.481993261118618,-24.99833090842991
527998231121979904,6.306708599594852,67.22288594379445,7.389800981468222,11.456905,14.912641,-15.268507261861306,-39.67107519464827
530769039082873728,3.1115693520305676,70.1970254934917,6.057619135029544,12.498556,14.9726715,41.69049788219591,5.660989224802558
531888273197413504,20.897747786770942,68.52646567487223,4.502433390115823,12.561397,10.168045,16.598180930049427,-0.013752048772011645
534200683591735296,22.16749439093063,71.83361900960209,13.453455173155621,12.410089,14.571109,102.42647340352642,-27.24019164658955
539737824149801216,4.508093394064513,75.61112180413573,4.545251988911252,12.475091,12.604707,6.886535292633577,-29.20018919336587
545890897375002112,39.205111322981395,72.57633047231144,8.839367404077006,10.331088,14.3162565,26.52769309606387,-12.812984781831593
546517722082124672,33.43035234112915,73.06309232409733,6.96367516536694,12.495,13.64509,9.277403254684565,-24.06156353577266
549524336630068864,59.83090352503494,73.16016909596415,5.2875667171860625,14.861764,13.466681,53.41990009261952,-57.04615723514279
549776910768283264,59.98225945818489,73.8678857011901,3.2222332233618625,11.999373,12.849293,-1.223170379803463,7.756519126713344
557239850237889792,87.72418685679231,82.03981350886339,10.71019491185971,17.029966,12.42488,2.398764047078021,21.467201446554
557255960658698496,82.23227654029021,81.78079465193095,4.5807477870846895,17.961773,11.87059,10.664379917641156,-31.295584767011075
558433232670142592,84.88418043889884,83.72061578650863,8.371984858746123,41.326942,13.547948,7.853573824631262,-60.431377634763386
559084585935371776,30.991751376502407,74.40305693289208,6.83281966153912,13.031527,13.05039,13.853411691094486,-6.278403427437126
559996424671678208,22.26058372441059,75.48176176967262,5.578261324671753,11.917335,14.41238,24.11208647284836,0.3412728474104956
560837344909314304,35.211156137783256,76.70932568307792,3.453173154382065,15.11855,12.03476,33.94964113104855,-17.794071259411286
562657934303044480,34.12520169798671,80.18753769613276,18.540485207725723,27.04553,14.391223,-20.911666547144478,-7.313465064106768
562716929973111680,30.966314195133748,79.68010539679008,4.281624454342525,12.150031,14.40422,-5.409951720636921,6.106814419330713
564144439663539200,8.541990295947002,77.7891162372669,2.5792310681578483,10.542207,13.857837,43.77680566192627,4.176985108917273
567903322024177152,44.74613008800436,80.1803591388285,2.7964861357756994,12.023724,13.419368,6.605886853044717,2.7783325010406847
569272664973658112,43.903469692416195,82.39989877147225,8.161591259582586,15.687823,8.249102,10.28229692229468,-2.2864084912099245
570948629933108224,57.7212505293805,83.76872945926799,5.051882330052859,16.809114,10.51743,11.004960885622408,-17.11601146171897
572001309238411264,32.1673802516496,81.81285915197718,2.701008252908588,12.303475,11.301093,-4.6995555201102315,7.118322849900568
574258297370988544,49.44582465125618,84.89673609757915,3.56118242395889,15.9784975,14.141107,-14.513614329508654,-24.8953496685332
785779698624504832,173.20295898324417,47.24990363947697,7.30185428874452,10.000351,14.732831,-17.98517605195354,10.491020599127129
789060229014677760,170.98143081809562,48.179023224866896,10.433696955397696,18.455076,13.52647,-252.19667602755982,-216.6087963406064
790015738968602112,172.7735490130493,49.69337347603719,12.566208888813351,10.618689,9.721107,-90.92523065283115,-98.23337099887623
816545339637191296,137.07365482982124,42.25602060702282,11.432352942454122,19.848015,14.340807,23.74118113758606,-9.59179918498402
824403068204664704,144.76927595691384,46.82694827780571,5.471523293178148,15.079697,14.048183,-38.62580824166341,-13.333533237214503
824702410245308160,144.76974391997416,47.835263196322046,4.5863199848837874,10.114116,11.439382,32.380894055911575,-36.86824877476647
826029623859478528,146.08716505654334,49.540473076418664,6.103558450728028,13.572639,12.119401,-66.81267762412894,1.582024959094496
827719465855618688,148.3668852528727,51.144833438466215,6.0507157097174495,11.97419,11.914244,-48.28463197526309,-22.219562738654083
838283131195072128,171.30715826432495,50.49918768983816,13.728290560728865,10.172357,8.247649,-105.33970756438173,50.31315286801507
843095895452089600,169.03299046362133,54.239439566138735,10.379611400831386,12.561604,10.160532,78.71366044907833,-63.96471113706144
845236683246713472,179.27840999946844,57.54095379084242,3.668084399481553,12.675415,12.418015,-49.20299228870303,-56.54457842871646
847196116047436032,154.98226209467595,50.53253511749012,12.169641860920027,11.04476,14.809271,-103.51111589881766,-125.58652781442385
847238825202179840,155.7025077858137,51.1816079570327,5.761782852790277,11.990618,13.400113,-60.824088391566875,-17.607642211323288
859012704949549056,178.15051219033515,61.20583763592627,5.1730184772568855,13.923636,10.87759,-116.69260989206113,-34.958438173364456
860575179692117376,164.03902809553358,58.988830477955595,12.240843906606928,11.441437,13.683147,10.707827590687833,14.023083271644932
925569751551164288,117.74882809459359,42.49895705935655,10.054466841671312,18.424679,10.619196,-166.8062466101881,-222.63882950951643
927665180195455488,116.51716018743075,47.52790421484447,15.996199169243585,21.744495,13.046786,-167.79843730516265,-108.47038856944545
928654671940259584,124.117100324389,45.25137916602886,7.203530058886314,10.472625,14.327019,-33.49989639133349,-43.52262984970929
933744654864007552,115.95192418189805,48.186541157297185,6.997758488098072,10.085004,10.383647,-10.557724617794888,-38.57493865677742
968813264698188672,93.96515733260036,47.727093039183735,3.563412053828729,11.472717,9.526473,-7.713906741114326,-35.04839633851255
971286414242469120,96.30571896122541,51.307291377877014,13.454945927259827,30.441124,14.007378,-7.71203680360669,-99.77484611840126
971796793796526720,93.17895024938194,50.60488200343516,11.289445025338692,14.507585,8.777537,10.88669530207276,-21.073286873820834
974826807325094656,109.00872267434734,46.51680012261693,6.868205538066669,14.186067,10.554292,-40.15921731946939,-49.31856883593246
977335583620732288,107.79325540302409,45.70123331437408,13.830679585363368,22.42955,13.570553,-15.431252126736208,-81.55617489108573
980700054843394048,106.5737181850514,50.301980582669636,6.59651923096148,24.023397,13.068466,-17.98329656562807,-1.2552084852363035
984534979601381120,116.06783940208393,53.381498131687486,8.30152424106566,14.754433,11.420152,-31.675478691170365,-65.96910644051775
996081123003254784,96.53059184068809,54.315133661839,11.15817825296879,10.682213,14.782349,60.87878795126617,-173.43369210336647
996577513847954560,93.25724214289397,54.04602785683654,7.486084528303098,21.816683,13.205819,-22.06995697532111,9.487731430243214
1004805850849406976,95.30403655787788,59.609754475407534,4.590193348073177,10.815255,14.664314,32.57458864571262,15.271657352147022
1005809361369063168,90.48741788825885,60.57035758941577,20.64202887654372,15.41707,11.688503,2.7734844781894923,-153.52484913334317
1006550466565356288,90.15701445252974,63.214344755981095,5.8336155227164,14.723727,13.0111065,16.682105546754237,-51.060896126618864
1006701305816061056,98.83368131665824,61.38604998491333,7.514154659064334,10.773354,8.906991,34.99991434745525,-33.78026907738833
1007623280676294400,96.06867206017179,64.13461518800082,5.84072002077732,10.818303,14.392296,4.087280719859308,-31.735610827619084
209452983659870464,84.75772065657482,45.44741076327809,7.391023511193777,13.399397,7.914819,64.30039162110603,-107.10744347900787
213797635137892096,82.31978826148648,50.24756979436096,19.31912517046359,12.578612,14.0535755,25.01191796990732,132.0188160826009
230821373671556480,57.92528700759425,40.62455780006565,5.435328063886366,16.921846,12.346828,-18.692603077155447,-43.977501516765685
233455283836326784,60.81763004113409,45.2553723530598,12.974149158674559,15.269913,12.205618,91.74701218091934,-187.06009984711272
240792191786568576,46.993730944614406,43.910586674299964,3.5451554917068084,10.291284,13.8474045,8.208768523762517,-6.084791486659377
243376284632482816,57.5049595343703,43.223806133881745,7.474612992261872,14.86995,13.512086,-24.757868684382537,19.415643802556314
249781622762050432,54.15266056441317,49.96924346258344,6.437712079920885,12.760522,14.385985,33.73882300977768,-7.004750408125541
251176151402117376,56.57762585390593,50.69514284113407,8.74658045351231,11.417709,12.199076,23.668793862075997,-37.26145256784011
251904337337926016,60.2499757042242,53.133625075194416,4.711478097812754,11.523331,13.2458105,5.710149930146571,-10.538733962131722
256479847598210944,74.40839785265723,49.68064612943782,4.366600359603645,11.739154,11.844461,1.048476171381009,14.661123595943664
268044480833981824,82.89030071162558,54.99438725948114,22.001841425498196,18.309906,14.401583,-102.95243341140923,-286.889935730565
281629698612861440,84.41744387569813,58.548936285551605,4.758407106306987,11.303732,8.506907,-3.2268970581056213,-40.82725720122029
282271577183210112,87.9084156753098,60.39711672379892,3.4702869705598323,10.129329,12.152066,4.454494220928407,-16.26462106704072
287311085649205376,84.92143044379299,63.70048172068787,9.59934604033729,13.022094,14.211528,-43.076122121201486,-10.881145917549475
334376505509354752,40.63360507065016,39.79223571894899,4.93691729337834,10.5307665,10.522083,-5.106184746795479,-22.543263377529655
337243477782993408,42.50961540027026,42.30910092955824,6.040716822343246,13.612601,11.456754,33.44222405813283,-30.425193443650258
337283373735421952,41.64816655203497,42.42983896924581,3.212392119265329,10.382891,10.226432,3.450729877178567,-32.20162430546469
340322595673427072,38.35305860931881,42.948964659101925,7.179537497786621,12.411913,11.550287,-14.771320030808361,-23.581227922176677
349568010994714368,27.42492347000175,44.541976607380704,4.3839298719633994,10.090975,11.573573,-19.586189411998625,-18.64696579494792
359135239626166144,32.542775597111465,52.36542107827776,6.378260032138371,26.463717,13.283313,97.53036819288522,-53.46238750492005
392682267102584320,4.110044655887937,47.81788455437697,10.865859389169973,10.052695,13.505605,83.41111261728489,-65.22152790918454
399627087483820288,23.597021716207504,48.740696904109384,9.442237526245838,10.062341,10.811042,363.98298795797245,-57.953064194226734
400262334623022592,22.303865752370353,48.32638375377953,23.761307561702587,10.07425,14.118855,214.98560987228717,-19.028322837620603
422886126401496064,2.8401417383400163,58.35001365330005,32.88922061315015,37.184536,9.0115385,234.52006510947402,21.57864237135125
424805323946348544,9.427960272266745,57.45046230117423,7.604303961494542,11.176886,9.312259,66.40724639288823,-4.4565436436375645
428953746962037248,5.082255894534153,61.57664536848618,2.6889392234217744,10.0879,11.639254,16.43434016722882,-12.201520596708182
431381807931706240,4.0407793341494616,63.100840572546296,8.184459798044845,10.222027,14.348292,-16.28663324647428,20.533112910448033
433556371344856832,43.219884873385915,44.21194069131491,3.5498517080872007,10.696976,13.264151,-11.557580907221682,-18.481011234079176
444983488316182272,55.40777978066675,54.57596286540894,5.848750240848049,11.531966,12.339744,-42.1776608613731,-41.512059076424066
445369249397931008,55.908978680840406,54.95453292025691,8.302312626257487,11.6730795,10.718117,63.429073255157945,-10.084138795108414
447687191708960000,49.76245174661152,55.19163120158833,6.883417520827027,10.978227,9.134532,-8.158915526502005,-30.27823191444925
464389941567939584,40.06759219459418,59.73189081402619,5.602213527978876,14.802329,13.407948,24.31186699637878,-35.92346090077852
468029599933751808,45.64170884654932,64.82351591463967,5.14389841970515,11.661727,14.54053,59.7750973045661,3.407393182613641
471790990551432320,65.27515191120547,59.507654332616134,5.509694965241383,10.979977,14.919815,27.10575600763565,-33.0431628957646
472199738300347008,65.26283405193378,60.903257446841884,8.481052216864846,17.82237,13.535776,22.881170612442272,-52.82947254616448
476899841267393024,65.21723368756693,64.15789110948583,30.056344205080155,26.083015,10.55702,48.617716559273816,-2.536760216097152
478718291762758400,74.68523439595128,63.76528018584887,7.15922700440056,11.2008505,11.767658,-16.320632988011834,2.71678802399361
479821037503646464,84.65672443244333,64.95396433228254,3.7795682433627165,10.46979,12.749328,-7.494845274212638,-43.10563763507786
480874846381684992,81.15955201607532,65.96525977065299,10.818404276883033,20.607395,10.961427,-7.400722669632499,-71.10145695684103
484633286364492032,81.31776297245455,68.51591172559243,8.121115187658825,12.536419,14.7152405,-69.58774908872493,-37.852641926837734
493070839815907840,51.69254174936556,68.86627965663234,5.426196260951402,15.561554,9.979652,14.443217492089023,-8.927096562902502
496487194240220672,75.10215261408788,70.24235192796496,7.608699908775676,18.983656,14.747315,-9.505448793916875,-11.167849968686316
497670509270570752,77.24495745619896,69.79307444874716,6.00858716436813,10.100507,14.814655,-4.177879639281577,1.9611308844206783
499474258093510144,85.1075238470967,73.68714966802074,5.2055048479921195,12.15979,13.540948,5.576970433322481,-42.28780180893989
500084590127752960,68.58939726679381,70.75808606111492,3.0900517598379094,10.533857,13.256083,-2.3534161224893406,-20.9291302186694
501644895908278784,69.12415105027131,73.14607768377554,5.858803894962388,12.264998,11.110282,10.633771703902227,-45.456578146563004
503957722914254080,85.00583722660674,76.45666886845471,2.786718070266567,10.4678135,14.054881,19.861082225760352,-46.13523071186514
504874024121298560,29.629561328710338,56.58032226707871,10.836399728523917,38.690388,12.385807,-1.8550337910817989,-11.796826460721588
516664263403034368,42.41444523077984,66.92932092835258,11.702081788306566,24.068295,11.855065,7.244117603524096,-116.13870833631785
518318100695899392,27.76567987675105,65.44902665019524,3.170655283855667,16.116528,13.2148075,3.181743041048338,-12.472864417790168
520318077982775936,35.3330250784245,67.53843501994871,3.080755465811203,10.13236,13.933141,-2.7072181536952122,7.236469425731945
523081494303370752,17.50290289582263,62.9429178036582,7.8263302315351115,12.734442,13.841701,-33.562422973939,-16.87361073568441
523499514879935232,16.071708186652167,64.22061844723181,14.725713511469321,10.639122,10.238042,111.8150289272933,-56.82876702309544
524282298438278912,14.587395924976388,64.93044415033162,3.48771813899667,10.770791,12.076669,25.952662335100086,-10.415507756692763
525651877610097536,17.43306848281954,67.03085415785914,8.510393442972475,15.475861,13.179219,48.84432723902536,30.123860870912708
531552509832506368,20.897424176301293,67.52161237861911,2.912017657286949,10.294226,13.608639,10.284409150695645,-1.41555013413135
535865275476414208,18.57670513189914,74.50338076651613,4.604506923426935,14.204549,14.112013,5.6133731341494375,-3.606195256228436
539344233346104320,8.390797432744712,74.42174708589845,5.616442167358578,16.83348,14.716626,12.328206147142453,11.730458969247813
540279707283808000,0.27411110194022825,77.20974209975864,5.8338284536944,19.648998,9.567276,13.921464161283026,-28.81068106566049
546618808432155904,33.23051404619613,73.70521846716953,5.4469991533948505,10.253539,12.741254,82.13700387125198,-9.420062950876456
550551417927271296,69.06091242729843,76.48107670856623,14.014141030158699,10.279267,14.071291,-32.836236702856624,-38.252538248976826
553764912458379648,79.35115413672776,79.97152157036228,18.40489710199664,24.65227,13.034856,8.561852032468451,34.60095465700867
561699675559312896,40.07194811986464,78.75577909419795,3.913199666747323,13.993596,14.089708,6.020980216237041,-19.004649642737203
561759873820746496,37.30810832849102,78.87434119248537,15.179750974558651,17.78135,9.25993,129.7253992387858,-36.66660981707202
563784968080439808,17.674799834752427,78.75832535666815,7.240703133172481,21.216003,10.522674,94.96036305360991,-27.923097834463654
568771115873116928,43.882902086227055,81.27206468438926,4.2704420084068975,19.102102,12.809272,8.842225116618893,19.495693558120443
571488283984760960,65.06180340789624,84.90079462652417,44.34956545765309,13.708653,13.9604,182.3880709721218,-213.50347500560025
576268204625909504,8.748358166536143,88.46013588640734,3.060360915960416,13.186953,13.64581,-1.547397069053849,6.420615884766698
720165105284271744,135.9473550056882,39.80540918164825,7.011737769894763,18.663815,13.062697,8.062608215699663,0.4825240009837154
788606573080486144,169.86542497711338,47.26458097646533,17.82203719693288,37.828384,14.6697,-192.55383561944132,-66.95959394700972
830460071605453568,159.5545381064727,45.96002314854892,7.67875030373769,15.176297,10.255269,-8.700992475840565,4.178368379757041
837297796978625792,165.32933253128198,52.87264818563736,16.01917220338318,11.982698,13.294972,-121.80972760166037,-27.191048225690935
837688295404870656,167.0841154157643,48.40788872730474,11.859091751917513,36.285538,12.150368,75.56160774236221,-143.42156625929078
844865117036622976,174.14805818436741,56.1332852930354,19.78862815080439,29.588335,8.002892,-173.65985100754085,-79.97656369400148
850277115132127232,160.24356658683274,54.30650397694987,6.084236278472739,13.346675,12.403265,-27.8745956919698,0.6429941960568835
858266239633259648,173.219337323708,58.91090125902659,11.504939921348953,10.482067,10.734584,-17.731228025222464,-12.756333244845845
860504501710324608,164.13784911710516,58.59134096011981,6.520287623989482,15.210473,11.288133,18.216522212659605,2.056336644138182
914353186759703936,126.69397214959508,39.945863276585776,10.911142633072307,10.130855,9.183844,-7.803990478019742,-39.5535455915757
917032279984118912,128.7871805766746,44.516360983121956,7.72217592939173,20.711382,13.033451,-45.03804755995883,-34.71998364707889
917403025856926592,129.2638923783507,44.79692685298692,6.171472274545139,11.10706,11.868141,21.902796297264572,-6.784524474068195
923040698712748288,119.55232051457075,43.39755381415774,5.652303948606101,11.505453,12.3692255,-0.8397209182977576,-49.79235405222866
927747231251286784,123.58504583551509,42.00694619635902,4.3986680732745675,10.884019,13.280074,4.784473361670079,-28.78148769689366
928387318816978944,124.51254067492434,44.20744417322431,7.687103337032826,23.052706,13.601308,10.16063260068378,18.42209183533879
931039615741087360,127.00085874357782,49.0644236865129,3.673427607574312,10.91124,12.870992,-8.73753022255367,-14.860892010011872
935373787499541248,121.96448146492321,51.07089225060469,4.5464687777951385,12.638719,13.677821,-17.657621036620682,-17.497998970618706
967188603125439360,99.18981038531119,47.184273211494784,3.1567881748961786,10.422934,13.064797,5.66273902916263,-17.68211474688583
984179906064478336,118.29342826868672,52.19611534834852,3.721474340787138,10.996076,12.700241,10.190951905891318,-39.1988826823629
989851187041683072,110.3052114445832,57.272892508293154,4.445014080799865,11.433531,12.1212635,8.797485771083602,17.32384476144799
991174238830343680,100.34670898197714,49.952988353036915,7.248370551697406,17.833672,13.01758,-14.305028803489797,-6.8355015461927415
996384244615531136,94.04817565972871,55.346015389453896,9.766845113701295,22.214405,14.630173,-48.890072514390354,-111.40430541584493
997461697291004416,91.47697953284288,56.576012608601566,5.157225942542985,14.644345,13.9958515,18.322902063633748,-30.102440817292393
998383809590760448,96.6480609138806,57.877645916776295,10.080988110228152,12.303106,13.261081,23.308581771943413,-53.642819126189615
1007325106866942848,98.9752840224006,63.64794327239734,5.652828905579651,12.2895565,14.81895,-7.233094051932884,-44.69826502572722
1014034704776271104,134.06311406699834,47.75635190483141,6.045937518367275,11.9174185,8.615021,-9.207415460537309,-24.459620348384487
1017686453473278592,135.10332530740746,53.165569419968506,3.2232870632568664,10.439521,13.878266,-0.59182903872553,-16.282942342198986
1017783146073299328,134.8975225560541,53.72986152233806,55.73380444545231,14.597138,12.093691,-268.96551256595194,-181.40437288765435
1020121562491885312,145.90429295183208,52.03803087967105,4.6008609048952325,13.9961,14.331878,12.22122680660376,-40.015575839314494
1027170604552364544,127.8957961318004,49.958336608202174,8.38902804648118,14.76827,11.949106,-40.11325565414009,-109.0829225606767
1028906149297106560,127.13479533189496,53.08818291680224,5.45267616513723,21.10579,10.7208605,17.24252259828601,-21.061098758692488
1032157954935767424,126.24809431222825,54.76700204128979,15.588113876545147,15.847706,14.22614,-34.65862277266723,-102.71422995387539
1035542183007520896,127.27498179810158,59.42047986880345,7.628027086506394,16.364088,8.516884,17.912953585951897,-50.591104414931976
1045676622198287488,154.5511604535294,57.98589877831043,4.781324052557672,12.750565,13.67511,-13.645272658199513,-12.330147054470448
1053219409404053888,152.55320963328447,64.13536084929794,14.549620594428307,11.04544,11.313918,-95.55588901248177,-41.61575324844011
1053347429493072896,156.28231721750893,64.46024816011652,7.040207076555094,15.248579,11.826741,-78.1712517271392,-20.903297118518886
1053888737107296896,163.7095928820978,61.15397183148603,7.801444305272496,13.66347,10.445709,2.781191573834075,8.636039044237236
1054363588691196672,163.8659540740594,62.83073350872366,9.715936590432518,10.8555355,14.341994,-18.27694899129728,-46.876139367396796
1058412952578093952,161.50489353110092,64.42350021503766,3.9843440071017726,11.522768,12.79795,-44.813307029676835,-66.64993677607798
1063248810875054848,143.82910970967984,62.32355497470457,3.6496926259165505,12.867712,12.050896,-35.898937143819126,-58.35937496939286
1063261352180252160,143.1757001010295,62.39462854193058,4.500904688154675,12.645033,14.383209,1.049797877240632,-47.899826836333105
1067221449465374464,153.5217802174679,68.16598402874843,8.362524010129693,11.6738205,14.444304,19.57866140242391,-19.287383924920015
1069523100963624064,141.41328782440584,68.71155717818324,4.018650744461273,24.896822,13.484972,-34.2636173643843,-43.1625735766499
1071140658663191296,142.6314929925995,69.78000358176169,8.921734401528845,16.543337,13.340756,-16.615327139463226,-46.04439947622715
1076903920658145024,157.62995492416823,72.08723403202103,5.052786917146891,11.556408,13.187973,-55.61123154348633,-152.25402333325033
1079243578322676992,175.1363075661076,74.82998680098346,3.8430736018961893,11.102663,13.95253,-30.291848769536845,-0.9666065808627033
1079291991194040192,175.16653287441343,74.9351989740059,3.52358996803461,14.106851,12.249209,-14.35907352992208,-7.167725793942449
1080767295281107200,178.91261579769665,77.40012423795734,6.4943609763133585,22.791565,12.073533,-27.960395940569086,-15.27468337057234
142943937611746432,45.9064404163627,39.53469909635764,13.523872729528934,31.197626,13.29857,44.63215337346212,-36.24377644555136
209152503449663104,81.35870219389335,46.26252845348206,7.211299248627289,12.969859,12.186038,-16.00753889848368,1.1035493515044874
212525775063742336,81.06496442278576,47.72808752731824,4.397872041748319,15.090859,11.776297,17.382927008081385,-37.21400125350529
215103786231037568,84.37476796383332,50.50720314154633,6.745632839544432,10.83262,13.573358,20.052721503772318,-110.37880251294303
233129145496297472,61.620623016477694,44.458584253649775,4.81644519383994,11.154881,10.559477,-15.497210451407879,5.887114074074633
237857281717366400,51.48911552005261,41.38553473679667,4.467904287214632,12.534253,12.156479,38.74077174391042,-72.40583241992924
239203152669180928,47.362544777312515,40.92806826169351,3.8741243472401896,10.443667,12.651022,25.67350755527207,-13.315342990332304
252759551222720896,68.96929260869065,44.83084061173576,6.149343674336672,13.174384,10.063152,9.15665264800191,-18.76171146071462
254410193054357632,69.99780503935509,47.45654597276726,6.479921682640245,11.705023,14.927401,-15.916224245037677,-13.893001617240632
254530658297186176,71.98324045818798,45.64564125051266,7.560244935953058,16.150028,12.629425,32.55734889129755,-35.268269647314014
255436518439715072,75.21676143916648,48.77625539327026,4.113254745693467,10.523207,12.620547,67.55695252799555,3.083599786953764
257197901709260160,66.55768770704864,46.99534557627648,29.641533051203414,14.269908,14.536127,168.66233784207608,-119.39167852598666
259789003936246528,75.34398806543271,51.64800312968954,8.877777775625054,18.794287,12.70631,27.384967092054502,-17.323450597558267
264020680593552256,85.90698398802336,54.173967384567966,4.605456507578932,16.306396,12.969714,-8.932038753807056,-26.72508327119992
279430817091129472,77.86207788002082,56.077801719320945,14.578533104832223,12.15911,14.619244,58.36630175065944,-69.60201379382539
279848047397687424,79.51602567447395,56.68526953288082,3.433819022468839,12.046625,12.763796,14.321902321140477,-46.86714599790221
283020447679958912,82.74002584582057,61.03346499321996,7.533913929635507,18.882019,13.081096,-30.998359984736737,-43.024743617415986
332903778403980544,34.65091177177774,40.27873814069417,9.567345754887638,11.485434,7.145917,-22.143398366444806,-9.142317271591702
335913485324270464,41.49385657382044,40.54508075097054,6.812389796980394,16.494085,12.494041,12.83420010302111,8.278999550362093
338451703622310144,38.062871669383355,41.34008330882268,7.141083401780934,10.21449,11.648392,2.4328507535176103,7.9402601712210945
338871888862260992,38.08320632428294,42.95518390162311,5.306638007318599,18.555756,10.63458,63.37777379481685,-55.666346411073164
340403993893265408,38.185597982887025,43.63388436143326,4.001463006826523,10.446967,14.028163,17.036994395396707,29.534161318000667
352192648328502784,33.912145389527154,45.199109390239954,8.365796134769527,10.480046,14.16361,25.076649599277356,-13.773408015579783
355527054779640576,33.9358784883358,49.39738522752626,7.196404995247237,11.221227,10.354386,91.4051308176014,-1.304265215407713
357887122128797824,27.284515839885664,50.16293326809012,4.000633540462257,10.64637,9.855138,-22.203349418590435,-6.276149812494118
391754691605326208,7.554068983594905,50.4774252346465,22.133026790635213,13.037074,14.038836,258.0783213024249,-30.369145439756974
395419428281929088,2.2061253564273056,51.420607587394144,5.297888101698915,10.8749275,13.663727,18.798803317705147,-6.223429424851245
396626593267408896,21.165274338168803,43.15143005498129,3.6809502901264968,11.404097,12.792075,40.21401820431661,-16.633068049156556
399221165830709504,23.935944848891488,47.28571143844309,13.202169832608385,15.558984,9.181395,-55.47775449788869,50.72247666620437
405095302405156608,15.66885624715817,52.632338044965515,9.567371584167773,28.13198,14.182026,-60.92860411794968,-22.89167159240521
405882213429824256,24.43702462694195,51.12688362057348,12.651996549633328,10.103975,11.072775,82.39808388381572,-52.863559393403065
412765053147696384,22.96338654180076,57.14656100762677,18.685851551443065,14.345453,13.25462,61.10864049888177,-34.851368466214986
412969459232850304,22.30823640598703,57.32668375435705,14.38457746523288,18.797586,10.9729595,79.43055009071225,-36.74046711961501
413959878691369856,21.082052515653736,58.9602201065462,8.302796983449447,13.60729,12.324776,-21.979233889465952,-29.272955230291366
417712198334039680,10.734590052670486,52.96509737561959,12.5920835950082,27.498608,13.453527,149.13513564154698,20.16796159664908
423159870436307712,0.12845603703985223,59.154553221287834,5.090028659630693,20.116823,13.254153,9.616243009832482,14.954643299988458
436054457466224768,46.28118224974924,48.16119395915664,10.00099699469421,24.72647,13.066329,21.717804111095017,-1.1326840842896386
443758121267219840,56.978281686131155,52.46628202662376,17.997310081940853,12.947509,9.559913,179.6919652630098,-278.60713630799415
448328344425557248,53.49766023940241,55.72423492453622,5.098500679157176,11.654056,12.628953,-10.744118370902648,-0.5926277075365192
451163675676442368,40.371468475487816,51.48008441664657,14.095796155169793,10.186207,11.224304,-34.17045297776643,0.10962885142049919
451888288199015296,35.613796311060106,51.65406867853974,6.016444656594202,13.04777,12.484739,20.478907512763644,-32.265423107539775
463988516747013632,41.1032152475611,58.53176791133278,12.099478017952912,29.78052,13.8548765,-21.66501318170491,-44.25215389055724
464692101111728640,44.20603861060667,60.775635419174016,3.5737773848720336,12.7934065,13.208048,-3.1402793702804743,-6.285550924988331
465409085767897984,36.64076550013821,60.90223690383289,4.17272666325678,12.90559,13.989425,0.7928834960441804,-5.424327790722645
466413416622337536,44.2242208409533,61.454187341660386,23.396553468891028,41.820576,12.941018,85.77136697567775,-100.54368932076034
466668954296216704,44.739380778006065,62.99926052612708,5.190737621525501,10.973857,10.518174,46.43488112953805,-39.32689946599661
471590986814033664,69.08519985710637,60.82306382302957,5.037071494348042,12.803541,9.545734,-0.025637549896248446,2.814749095417742
473392433532313984,57.52626007333073,59.7535324244527,9.948252729666654,10.83739,11.457082,39.82636315187206,-16.300458548078208
474213425126211072,58.1129175860061,60.70178800123622,3.8218734696815244,13.211353,13.392162,-6.4810833304711855,-22.676382366629486
475825549688443264,67.3038029801783,63.167613207498746,2.9835946369142294,10.572535,12.606536,16.35416136256875,-11.680182301421265
477000171705466240,67.78699498083999,64.75190478542211,23.299239276264295,11.173054,8.6849785,107.54517573160442,-86.69563901894392
477609988339746304,74.4130523532682,62.08015841661939,3.723848754441917,11.955581,10.258557,-3.606051171431079,-0.2882258166234986
483885244798260096,73.31253561822764,67.72853457718992,3.914208384317404,11.537209,14.001042,3.663681332205754,-41.41752557101611
485615257624581888,77.56263647227016,69.10660764544383,3.993828999902452,10.765254,10.142837,47.84630045885372,-76.2095724200237
492856778644280576,53.030151837038986,68.4855605014587,17.402306981604212,21.755934,13.735126,141.68681291137148,-215.78101231197454
493568403186718336,57.039312370314136,68.0839970070433,4.8275307436612325,10.378103,13.354891,12.626151762429068,-38.25610304234875
496073262471991552,73.59097772829048,68.87638294599209,7.007460545407561,15.935997,13.480104,15.77311622356691,-83.51692386065776
500751753167138560,68.59978874225118,71.91125441055284,5.315477840655996,12.291547,9.699325,2.6956186714370762,-12.737680773538191
507697952240195072,33.67629217292713,61.174972585623806,3.1971505537452796,12.105374,12.120335,-0.03974414750241717,-2.6744706737727197
507906069180852864,29.193361118758343,60.01154230549864,8.818628643891365,11.031357,11.314941,-12.648715969374845,28.57235331589226
515291282620896000,36.793987887779295,65.04905703375044,8.824776199324354,15.653916,12.473397,44.126039283388806,-52.97233756294862
515619413821262720,33.334222903186216,65.76864233460493,3.0879676722895137,11.251197,13.288552,13.044246900753546,-5.59343688198343
518015391399766784,28.639416364325413,64.32442935678264,10.754183361988227,13.892835,14.165685,83.47929121492211,-2.740600000217423
527797952506450304,7.0046947689515155,66.28615916184353,6.7470528893255715,11.987568,13.495136,34.95377242623606,-17.492830260893122
527897973704540544,6.316903861752185,66.89485675986931,4.2779035476315865,12.947225,13.804685,-7.967361950998831,6.041822307682332
528323519063668352,3.2843500364700167,67.0214237756974,10.634137169881528,15.203794,8.647012,2.203973674515339,24.823682169909564
529794253307478784,10.973073740713202,68.65098290269462,5.4528973602513515,10.386237,14.507255,17.26361752538303,-25.17031903478837
533629384223444864,14.526807951119762,71.63787455922208,2.465006449622747,10.058812,13.412658,14.405822761512969,-16.207831341823674
536172898216130048,10.813482172404031,71.16457618445926,7.07922281365186,13.844715,13.403004,89.67091072897152,2.7288995660110102
538325982500719744,15.27903261860292,73.30883927444346,9.726148817327166,37.74929,10.69807,4.233136690508549,-14.46924127800351
540114097642521088,5.57953666980417,77.10262128624053,4.20528788067223,11.383234,14.31581,5.535425769319938,25.22911712801732
542896755414366720,52.73336213328124,70.68510049094185,43.82835219278717,20.88074,12.549112,371.5316560315915,-480.51450840987343
543230628991702912,51.7435662653972,71.94347248605207,3.0259642003839518,10.984402,13.251738,38.78239784121726,-50.3192611545546
543894115539708672,47.947994525458924,71.65559532790931,5.478951012035247,13.121935,10.666566,5.225567771495999,-40.643467480620174
543991903354879488,51.228297208292204,72.24544794209586,7.194793883432045,12.510593,13.989033,12.611083168101066,7.83485120941736
544432979316623744,53.54405445814179,73.24477079687695,12.808374684103978,15.828623,13.745509,-13.847433191969568,-14.35209899574557
548217017301404032,51.48861910283947,75.97802628856576,6.9839519241211985,11.105979,11.39182,42.093281528401214,-50.21291820713759
548458085228375936,43.18834741703142,74.84437365563747,4.147837565894679,13.967037,11.981002,-2.8108945711922546,-18.122937092889032
548621259624351616,38.487284008852704,75.00074052426125,7.126859734329906,11.002461,14.136632,676.0504196013981,-158.64817607959438
549791002558340992,58.03163950193176,73.50967752016282,9.94622169398161,15.159211,9.532592,-48.443795537751235,97.00615200843093
555372157939392384,46.753617095029576,77.85193133438264,4.585959798693686,10.023216,14.490633,-30.497098096846855,22.24927964182811
555570929025733376,50.22961652805927,78.92922317797162,2.598779716915054,13.092694,13.685584,-6.069995729972888,-13.991003169961253
556708683042297728,70.60521838212496,80.51406988402776,33.97481756699047,17.347143,14.980289,-65.85182424641334,-91.88667736299689
562672605910699392,29.995925259326366,79.2383539351386,9.045480820544665,36.292614,11.9158945,58.71987462761078,-25.84264193232685
567442184272163584,0.6099821032735391,83.82815649133384,6.954808458160844,16.627455,11.505329,-13.406321813852433,-68.82620162606347
569873994755876352,66.41546484195221,82.41634318961674,4.586495347575916,10.078856,14.937672,-18.597805059199708,9.707027678792322
570804696987917952,86.09182562308456,85.21610369779945,6.144873357334237,13.444503,13.56838,8.289466418019977,-46.15898218299172
575738716761361536,7.030389844739738,87.52534281082596,3.364515329953958,16.370625,12.225325,1.2825778235509104,3.039892771259844
715307634711623552,135.56152456785742,35.558582599011174,4.151305148763797,10.600433,12.110677,-40.16174085090749,-54.56154004448664
717096948150600576,134.03014849474403,36.2851231556758,16.352331127166245,12.468096,10.888542,-233.5934917592329,-244.63914852105773
717189723740360320,133.57835947750985,36.83445484809847,11.090282693203099,14.059819,12.088538,6.347336390851346,-46.13894624425174
807783911294782464,147.37249383965064,42.60348195999108,5.544105391865151,11.682021,13.303232,-30.761252048927624,-17.851160628444713
826690086750220160,149.34874674925453,50.31238181848957,11.910835593291726,11.556277,12.5964775,-142.92171796097182,-197.03805799349587
827061648664950016,149.61433644382362,50.33930329634448,7.7522958523973315,10.198203,9.396611,-9.641238821832975,16.847330771192276
831063566054567552,163.46040874455153,46.15572564332462,5.84350363448254,10.001415,8.679951,23.620143025819118,-1.8283511627082953
836327890283823232,164.2680204200515,51.50640173386501,5.9903010016151255,14.727936,11.847273,-50.03291408832177,11.432721102389245
839739331267358848,169.9372358895401,52.98743268257302,14.590815901108988,12.754025,14.2792015,-58.798217637487475,-16.450601583543907
842308889941683200,167.33376318662425,52.65069497819628,3.820803152399893,11.054981,13.317454,-4.907309213909329,7.327477935106534
842978045846103680,171.07479052366128,54.45751782572433,4.862071957725451,11.360463,14.520035,-10.11181505585407,-11.675883634078001
847898497819137664,153.0371211229067,50.577275564916704,9.637451667726804,11.161186,14.45992,-108.2017364372664,-82.35525075971306
850050413873577472,164.00125400261464,55.64364249028771,5.384048698752131,14.271168,10.62649,-48.65405723053139,-16.463186816704216
851711054387998976,153.64705038956987,53.771272508258704,26.016364132272127,32.58073,7.8465323,-263.92631804457875,97.94902508448547
855647924490870400,160.9065410513192,59.93958448555452,19.175655014254854,28.86384,12.891333,142.1503124978421,45.67771263688886
860990657648738048,169.60965384117327,60.59868658585091,14.076144888452037,53.56906,12.0359745,-112.37322948935496,-17.985350451469614
863743319368413568,174.09703204036285,63.25555505279215,4.488642678323016,12.714209,14.580447,-30.885991381529603,6.735308362072676
921478434424926208,121.26280115121227,41.35598204565183,36.235003032048894,11.392497,13.942378,-344.387797617356,-201.17315312922352
929136253738187264,121.91257019833327,45.35319041493308,5.620056464232742,10.326105,10.794135,-16.918057588606214,-36.88798820510139
929818775581478400,121.7194150764122,46.657471407533556,5.5401366001042245,12.687007,13.915329,27.330709722045487,-30.93567407332916
935317231369128960,123.97636953048975,51.57550731737741,4.481270926332104,14.419677,10.738517,30.66632158912241,-57.73741386449043
954404478349467392,104.99000080513115,46.72586452406598,6.110578367571267,13.477211,13.943939,-14.77556255481005,-91.08208145401017
966888913191318016,100.45206214798387,47.71853769192895,6.53558774895321,20.067074,12.2442255,12.195470100401788,19.27764586844029
981388039883805824,107.05583847211871,52.52315737269052,5.430965195832726,12.457044,11.211448,8.616848807320482,-41.82118019958557
990628988438292224,108.22237763601014,59.34484404809628,4.275399912148234,13.332798,12.566524,-2.5665541987076814,-29.047598843719665
996776289230091776,90.85575830682298,54.13779968154155,5.651895079542454,17.06422,10.419943,19.80382042092369,-42.019285158110556
1003764372819772928,102.75722279880469,60.873613404703605,11.447317107561807,18.580893,8.013012,14.849663669646803,-15.821093615974714
1030578231604610048,127.86435542498033,54.4597159447218,24.357062759438858,46.14639,9.30613,-170.67365381586148,-155.3620911242467
206125994615006848,72.92410756451936,44.26237051736384,4.475166729159048,11.33268,10.284049,16.80088701383177,-32.54628167756153
210599911726192000,84.78592650621731,47.37307683955426,3.4764266839487346,10.345315,13.178657,8.226583632453462,-19.514711043902047
212688635923832832,82.50745751928342,48.826333827300076,13.84687611684129,15.902723,12.7669,14.75951516802564,-32.69549195606408
213455240345261312,80.66571548528611,48.99347505319105,5.540143062462259,12.071863,8.722598,1.8536492477413997,-47.12497792383343
225067006552265216,56.18687453512238,40.69723267634556,14.532326627137143,24.622164,13.02132,72.42625906639962,-25.999281530608535
241250275819752960,49.851395490034655,43.17980421628312,8.162471088984736,12.163159,14.211779,61.29560769521055,-93.64529490440572
243772349337474560,58.30373923300653,43.84844565579057,8.135674398686632,12.09371,13.839964,14.635746278532494,-109.89266825239014
247556864061492992,61.14930668672313,50.43555369709198,6.218610845679078,10.450769,12.413722,19.72694336366373,-43.06067412219384
252421309663646080,68.54441771069267,43.363953427978636,7.423159388181062,14.634636,13.8916235,-19.72106079593117,-13.590500259952037
256020908870126208,72.37402302618231,48.478570165466344,44.2721759638505,20.53129,12.445678,174.40238109755964,-198.94329233985155
257569674078653184,67.93567943319377,47.677657906674966,4.785329036504283,14.013712,13.670943,3.7367650994829313,-18.219508700379592
257621041887611392,67.82235082405211,47.88913238285707,8.436591738252023,11.741546,9.483358,46.74878085524952,-72.98509018622005
261392332408508800,79.56522059485695,49.63481981444449,4.006176160900686,10.632151,11.155478,3.3226809196093607,-34.14651867002323
265976917938724736,78.38172278662663,53.088049534660335,6.677310228455456,15.08773,13.555771,20.342567129748133,-35.437760296980635
268340107726035200,82.39744033063853,55.95185813793036,5.080577156224625,15.683019,11.996118,5.552514053147869,-45.35575447134039
272753757858067584,68.79881360437062,52.16645154388308,9.960964692675903,13.228079,10.058822,42.17779521284417,-39.24066317154532
276643413380635392,64.74875782604461,55.93608572897908,6.781061989210503,10.6673,10.62798,97.90577164641846,-78.42867812964313
280585922778278656,75.99732995137869,57.518217409239405,10.034787930252785,16.111963,13.361828,110.4379160179272,-182.26605951571585
281297066283143040,77.93184967846676,59.155679473740626,6.908243773377717,12.863896,14.558666,112.59409953290101,-13.667800622365581
354465918682457216,35.623076833529666,48.054895650360145,8.893176410394734,10.6159725,12.980416,199.95041600113564,-73.2166451306068
359145307029580160,32.35775093250625,52.30944942681191,6.6592822051575595,13.002526,14.02284,21.05211125416374,-65.1810928882276
392562179817077120,6.288326102286173,48.047481360238166,20.6204845305594,18.40777,7.4123487,278.8159604973406,17.662269731086692
392910484484717312,3.90356836415322,49.129692505209604,3.304454543738123,10.794931,13.677775,5.684954300123248,2.6123965721180005
401143180875863168,16.684598631615174,46.41489473247891,19.25597935408863,20.764067,12.023244,-104.1789605198124,51.16889340453329
408682188512361856,27.78328663380538,55.537398963535054,4.743415111621385,10.531742,13.923034,33.472368488974624,22.920361955800814
411495117216133888,16.181821080620324,55.48422186533493,15.520219949112041,38.729572,11.385298,-14.901859510181644,-37.11560069592894
413553196826715392,17.61966366718078,57.5653749398879,5.245369543918014,11.361312,14.77082,-31.6995391598171,-32.53932643614741
416359459734139008,8.27618525036395,52.816672577642464,17.840681279916712,33.208878,9.897513,44.91801445230599,-3.8040215988986614
417042119015557376,12.61132944214463,53.32368650833952,10.45253368616383,17.91913,14.210177,225.05134223117727,17.807087903351636
417339841848615936,14.414521693778225,54.20287768516916,2.6963799743108603,10.524461,12.266025,-3.6823415510289577,-11.883548290447502
418798485766177024,8.178394927038385,56.88868331106844,2.3546221087457244,11.025387,13.371034,7.146901516078365,-5.773622377544072
425476300917158784,10.19773104185024,59.366907309177364,2.6497714485184622,13.596724,13.517164,0.38936601581856634,-5.139757556733568
426266227002111872,16.254669863387935,59.98159772603837,3.7282506088381493,10.314671,14.968604,-14.895615167689606,-5.472295718975726
427178688508987520,11.093416628122801,60.99212578771726,9.743260974864462,10.640857,13.097028,41.86460689234294,26.259612537482113
440493392065998080,44.02896296733358,51.61416742354489,7.147975414039513,20.517271,12.108005,-9.479343747305634,2.691557008324038
449678853941474816,50.888963351496585,57.7516395255118,5.656333060142364,12.305868,14.623264,34.42564453628815,-33.00743558508236
451749023882817408,37.24849058461059,51.754290398774444,6.157384588108231,12.391223,13.591638,56.13224702885055,-89.34372624765223
461921263084168576,48.092868524202714,58.56749437847201,9.569067207934054,15.575459,12.614556,21.416228587830467,-25.479064791583053
462185901790089856,51.63079051777535,59.147404698833,42.74373646250192,24.73458,13.578607,172.47748401353772,-189.8859396994623
463254386573116416,46.976153105349646,61.29844323104603,5.451405803970031,13.104894,13.627471,21.284985873967532,-15.659151845538172
466155448003501440,44.876388216418604,61.0817574255023,4.470933747064636,12.743141,13.503757,80.7750961494763,-68.28457134650183
469806685603779200,58.00421329033785,57.11884012531728,3.668669423961042,11.196213,11.496168,25.516328634158327,-54.38192274709422
471276045450105600,68.85377947833747,59.74932467075011,11.689002684334536,16.706293,14.87899,30.34676592312847,50.83210405154345
478305326365760896,75.8295255382255,63.30413778921154,7.057798974041373,11.260927,11.527855,-31.872266482516174,-44.10986982245129
487261192173400704,56.079747347755514,63.19866165952852,6.852755131002223,14.719414,10.789366,-36.2058850513655,-50.501425054802
487409763683244544,58.420191019429446,63.90467812273979,11.532052131468168,28.125742,8.555137,45.32117886197207,-38.01873070901965
488443785648108800,53.70656287621311,64.9230024598799,9.060942022264312,29.151726,12.447472,30.705152876833367,-49.161510705791756
488613385316138496,55.93804085250587,65.97783736694305,12.740075119085633,11.096832,7.712366,43.289902277854694,-60.017636491556345
492806338548572160,51.96802452642082,67.92441518969969,3.41959285465734,16.401104,13.220806,18.237243240477547,-10.045417862361992
493114030007060224,51.156607400117004,68.85436473149154,2.9039400462516523,12.884349,13.23411,2.7793917895631854,-9.656402689236907
494390288127565696,54.52526553857424,69.06729912503411,7.8072268681934744,26.28045,13.07838,-5.007302226524207,-37.12253345001503
499900799888019584,64.3304999214409,69.50228593490891,6.606646486992961,10.564174,9.144238,-17.597137518281553,0.08938140731293465
506454473309847552,26.600483064563875,58.87545330679128,6.882961250871633,11.991659,13.886484,78.5031827547501,-24.77699899977944
509361856934004992,23.01376816095257,59.55380905644961,6.724195734628887,10.0538845,13.766157,64.5681159133461,-16.467751971691875
514249323560189056,38.71579327285072,63.99159472174267,3.503358498516411,10.838467,14.484712,-6.386794420115218,9.733068540610162
514433182514867072,38.1239646134333,63.9568027346565,4.16859606374577,11.159624,13.941333,43.498179769888964,10.080672408401567
515403329731633792,32.85183095637434,64.569380439566,2.975094196389516,10.448118,10.078721,-3.9022812888557694,-8.584007246554748
517376231542269952,38.96838926571286,66.93880948013833,9.59674760078644,13.384363,10.575198,-15.172290823536542,12.448777540866187
517649421524652032,37.88469774214597,67.68564884725227,3.5396146796755645,11.415821,11.709358,-23.08767159110517,-3.586946807449218
520630506784109568,33.55053101063263,68.58776986932315,6.092330246801572,14.463874,12.269008,36.93911207872097,-20.146105900147386
522778063456204416,14.823594928641922,61.91002864121005,14.16797894564456,15.084063,8.535712,160.4861011122405,-15.2377710707582
526679951039015552,14.482064721354737,67.73983745892917,4.760701952566431,10.222589,9.037143,-5.065286695851962,-12.258089011517288
526914735434842112,13.502994353728482,69.18247073392563,34.273122124434806,21.182175,12.020406,72.25607208234382,-264.286303321621
531540793169488128,21.860213802142347,67.4896535128618,6.110343674073162,10.2553425,11.030833,-15.081354969207748,45.570632195195856
534302903814247680,27.84450467621178,71.7881536696044,6.571794213405772,15.541614,14.82947,-19.164655364918566,33.44417248957231
536819273614064768,11.091410009115535,72.3392546640948,6.184105946267905,18.648966,9.195499,-24.794193748582416,13.048566707726362
537850581159605632,4.4160992424123,73.806627589486,5.255682558146342,11.485213,12.690221,56.18820245560951,20.917230711255165
540968212019242624,45.05837965592491,69.0168444630078,5.6015381390410255,11.507974,13.669479,-8.276578768527528,-7.40849404796513
544169985582573696,46.00000491198226,72.36084961231688,6.461417471919991,19.57701,12.820572,-55.695247864906996,170.15310377340904
545632512142648704,41.2992689991903,72.17384343603237,11.449928351445356,12.586749,12.743602,65.03863848489621,-74.62086767906267
547799237245338112,50.731541270210016,74.56359330791275,3.18212988303575,11.948775,12.00792,0.3963684222849331,-6.70634536940232
548416540006532736,39.24996519979314,74.86314263118564,12.53253780392436,16.047585,11.613186,100.59677818547084,-90.75966139399434
