source_id,ra,dec,parallax,pmra,pmdec,ruwe,phot_g_mean_mag
141479766080535040,43.28418838674986,36.96546830115924,6.2063055366935584,23.277571909740253,-25.78734898452483,15.224617,13.496751
141834289860733184,42.114304817208016,38.14173837267706,2.2089182876159517,14.35450437967317,-9.770944425131619,5.14021,10.96166
142305568032276480,44.94933903430187,37.494440953450855,4.987895205731308,-31.148424685005367,-41.52287249319728,9.64948,13.114995
142864046922675328,46.58908789094063,39.10199417718843,3.4183068501511,8.801152639673761,-4.872970103413653,6.1255236,12.385135
142991663287848832,43.7076551426811,37.305403542354405,1.8265262013351884,-9.280745700219159,-6.960585337569836,5.4107127,13.139824
196912984824817536,88.69080636867504,45.39439051546347,3.923954406708287,15.127999624329394,-18.567967638212625,6.695386,10.373057
196986514664794368,88.73328147732913,45.835659223639354,3.7232562475397053,-5.8380093049068025,-10.468218396080058,5.382306,13.503894
197311798307390464,86.81232997065311,45.61485029534564,6.795046320793846,3.1548363813344547,-12.79997662320617,8.751109,10.703024
197606089465535104,87.51728105493287,45.34755582954174,1.781892849785306,10.77490542008544,-25.730324394443585,6.961638,13.021634
197780907519968000,89.76222245708675,46.470912554493246,3.3063653761399263,-2.678206485362366,-20.22478701170701,11.756679,11.601742
197983977869211264,87.73182883891303,46.683782567838065,2.111226783136517,1.8996532154873924,-20.82055840175026,8.165605,12.951004
204679453928192000,71.09267186294888,43.41990498863299,7.685971111334664,32.55812292040341,-30.313680480830755,5.787894,14.340807
205374581497324160,74.79593519185029,43.99401866093683,6.842980672792469,-29.51951945401748,-39.270801268479936,6.1188607,13.437478
205797073138247552,76.01945785552942,44.79684796257416,3.1802347532654016,22.672940246451635,-35.466235941092336,5.182132,14.916771
206222442403751296,74.55804982083865,44.860829695875815,7.173883263163777,-10.636254683357066,-37.73011385636413,17.947468,12.115789
206419602879260288,72.45362594793735,45.120079448402045,2.636741744720137,-2.9744956090471204,-9.71661654761418,5.3482985,10.63363
207089652137938688,77.28028021998992,47.5806499352091,1.8185976963842925,-10.333767635420525,-18.948202224435086,5.623869,13.2176485
209463051063068288,85.17164556466159,45.70743960380178,4.87320397825562,1.7848768379902575,-23.430779155764192,6.183373,8.125519
210372622056993280,87.72588022961615,48.345447114096054,5.477669177223783,-20.402029049045154,-21.249991562473753,5.357983,10.895495
210506998697469568,88.99476189107384,49.18616133087351,3.1972406312042034,8.310541866739786,-14.096960491534885,10.5097,12.072324
211608988523397120,88.75077781128412,50.36910338469867,4.2613709355394205,5.583230224134264,-20.608772709445695,9.434319,14.9283285
211661524562204544,89.61346325064012,50.94634792864865,1.036996177824927,-6.354680469578147,-8.66591822727683,6.624271,13.652947
212322949526394752,80.85726595124,47.34302770662902,4.2463289211789155,14.156222428180193,-54.09192710139659,12.348832,14.340622
213693662569223296,80.86935716379335,49.59728350990985,5.512360670316337,-8.20146875883699,-37.40825417355438,20.1732,13.176782
213858726752445952,81.80013057076651,50.38798739457111,4.385853871204019,-6.526298508591825,-15.888656308329066,7.7866387,14.990821
214416969420695680,85.19053896550035,50.28312441270199,6.269473083143296,18.3185031258541,-9.494302015215823,26.08415,10.72494
214905152583083520,88.05726137041523,51.913556770860865,5.927347520291828,11.68462952417087,-20.584873047514225,6.8712063,14.195191
214995617479197312,88.29937518382154,51.94525434801272,3.132254741552802,40.87061028403638,-43.07749908872708,5.981815,14.989189
215521394490842624,86.37514010260854,52.160355465829376,21.37247482297267,82.78924228807882,-181.51692240277458,8.372685,6.697135
215672641762965760,87.86870990019837,52.11858997535597,6.793847871577798,35.49170081922174,-101.91610719342236,12.465884,13.991863
224864284093260160,56.99250965017916,40.33362135153676,3.1098333223031256,-12.840647561441605,3.1721123964243185,16.859457,10.673838
230921704107317632,57.639939427840815,41.23637858182898,3.2194827341851315,-13.375844149580653,3.5152819617518887,15.011629,11.546648
231091196397621632,56.97239934694464,41.075424884027356,4.822643624955646,25.867655647695415,-24.04754909946158,13.96127,12.236966
231845603114162176,60.30589895471916,44.25937663509171,3.112672945801744,24.25874822276497,-68.48650785599835,12.386522,14.70503
231887930010916096,59.13452272144061,44.21759077180838,6.040740294308167,5.614880769648085,-61.002396724395155,11.5827465,11.799708
233382445492650752,60.95030294540908,44.73636584613493,1.2832657101121008,10.347050541620193,-9.026256707226226,8.202283,9.6265545
233481332818874880,60.97478739518825,45.61927491550818,4.24537948187554,-15.922777588356805,20.098669911635234,5.028763,14.225604
233812835574768512,65.10353552965739,46.59501418884988,2.6814101475365466,1.6656194222948333,20.72930145456273,8.540012,14.016881
234035005643320704,62.719043733798785,47.00080907743371,1.625027908127423,11.348770811542282,-15.395465690421661,5.880013,14.873621
235840296355671936,48.85947625693706,39.75674019745331,1.3335955169497187,5.875160970478844,-9.088964205319026,5.0326915,11.951665
236779111785323264,52.752709040307465,40.24311475082071,5.082953845103572,9.833741599116616,-32.375242820344084,19.264036,13.196372
236899508311132800,53.89465916696219,40.831893391083774,4.363304990287985,39.77497406712605,-66.55896238306846,13.839309,14.826188
237162944424753536,55.44896349833388,41.38675633281637,1.733206968369554,7.91254355849751,-10.055156482739497,5.8969507,13.162271
237241211608981376,55.241362675107624,41.937385858878805,2.8831981550094743,18.793427247426337,-20.628006007378858,16.541792,12.4776125
237419130633156096,54.28964121548703,42.43317225107095,7.5534929274689215,29.56615162864885,-32.525416759478865,5.8104935,14.276242
238135050143446912,53.514616367845626,42.09419791711346,1.6886720033447729,-6.015583938358592,-10.42755144874177,9.943424,11.838047
239581698204302848,49.12945002626553,41.760222568298445,3.23664389393435,-18.45268092539128,31.073573760237593,11.271283,12.437637
239906191573201920,45.84955479555825,40.936011268950125,7.329044522219988,9.519290709603158,11.963613765708981,6.666075,10.876257
241479936313162496,51.19827082030604,44.50690478590487,2.3833044201514024,23.63253766493644,-9.578257712556988,5.6715026,13.879027
241645928208925696,52.49605122188437,44.944147457537,2.3094375183554585,15.318901601954984,0.5362096802715137,6.560732,12.716847
241888404882494208,51.33453446054357,45.15539705854544,5.419231544726813,16.92739057315645,-54.5973541362394,6.293774,11.521074
242369853535522432,48.625784562078714,44.53753540282081,4.3060011591667235,6.625711058514613,-8.595225192200886,7.8033175,14.972609
243349411017617664,57.28101502656268,42.979162526396664,2.6858118640579143,11.143673683022055,-10.644839409105064,7.5077157,12.279425
243415832691367552,57.10254747188093,43.33703015736298,3.563786158540039,-24.373524395373547,-50.967013193288054,6.6250086,13.522388
243729502743159936,56.93638564515419,44.49854850337388,1.826847619250607,-12.103059860273923,2.4767072286206018,5.007656,14.008455
243932190840761344,59.18049215473332,44.87827963017984,4.565514497834614,-11.19744556777167,1.0570102286768004,13.717876,10.963662
244221946515120128,59.11591559727363,45.662543619613395,3.9416907168310367,58.372331074014944,-23.188373141238966,8.778878,12.549438
244268778838194816,58.10695281275665,45.68282667829801,3.7144538598413677,5.601125829676571,-12.918012255549396,5.647209,12.536036
245936669260007168,61.27437658710325,47.595694201277865,3.221315597900763,4.788190982996983,-14.932915585306572,7.064731,13.769941
246110628312286720,61.88320364773636,47.50197643720882,1.4014336121306779,12.366250890795659,-5.768370492575879,8.05023,13.126724
246298232483750656,61.73981478092372,47.67237887762647,1.347256114885732,-3.6736004387025036,-10.584810686527675,6.653375,12.373936
246444639329511552,62.91474494980635,48.47325206939928,1.7494713131091344,13.019731791600174,-10.5641092718031,9.7829485,12.428501
247337550152783744,62.94414760278554,49.74414703330094,14.257283682952403,24.119369873741775,-272.2289380053193,8.712592,9.052305
247726845984561536,54.169133021089145,45.51979435701184,6.941007452634708,7.563196518222993,-15.243646282775702,28.754059,13.766845
247863838258575616,54.8530786985749,46.283759931840784,7.35932690659648,-40.728832699623126,7.8044450955360425,7.9708977,12.119853
247893765594015744,55.34775998821477,46.50192554761998,2.8054153518690788,2.9109139533710824,-14.695544197998128,7.4424086,10.694763
247943381055721472,54.72970510699094,46.873487582431345,2.498353437975826,-9.324257765693144,-26.77408335133152,7.2880034,9.713591
248473208222792832,56.51450193399742,47.82570999873286,1.093265319605848,7.4077149657357495,-7.279070669376365,5.112192,13.981915
248494270743649792,56.367780258080465,48.10989511877122,1.7292855815188257,3.5823827467758216,-11.299596932632054,6.249696,11.773475
248787634187773952,56.08436187099543,49.193291338923245,14.92445441117831,60.027999007362816,-89.65424137859745,8.878489,14.744964
249679849217821568,54.435039516301536,49.27254379669244,1.702026701449603,7.270913360414587,-7.960697914561081,5.5876575,11.80211
249821965392812800,55.38760133848904,50.12548459248606,4.589109478461522,28.8610972028503,0.707422195273979,10.596238,13.458237
249990774786724864,58.27208997688383,48.71805679764497,1.0788622833343868,-0.06519169437341965,-13.740707077148793,7.615195,14.032581
251346403903455360,57.92775551080967,51.70065108336334,4.582775649362407,21.17494388972156,-8.854179531408587,16.280418,10.710027
251653236368686592,59.01644670830234,51.64111727224933,7.274548762103901,22.847141886085332,-38.65015412502838,6.8395205,11.289179
251766348626636160,58.93977118545273,52.37042549682451,1.4549069805835921,5.327027201066555,-11.85589267665209,5.628204,11.31739
252050366224397824,58.431487693774265,53.2727470002174,18.343923572905346,-29.829918318193748,-51.20056102922742,20.945185,8.044406
252080946392971392,59.409977605094205,53.13892477791155,5.144995256662202,16.56562603250061,-26.708208886237216,23.762936,13.103094
252415605943069568,68.65227576490935,43.20698961347551,13.112538948201959,-57.10525988865618,-12.60555396444711,12.093318,13.010272
253130941336126848,69.3872529119775,44.97322286296982,3.3935568720783884,29.39513609318906,-35.490603449788466,5.843287,12.051469
253468942380197248,68.00031866932949,44.29827849969326,8.387438378314316,15.187054343485011,-10.14465421171903,40.79882,13.506821
253656958871525760,67.47130402760548,45.04290769711916,1.8682788848552139,10.036051173530097,-14.729861899088117,5.6579366,12.125219
253744232606863744,67.07181115442957,45.563309688816524,1.9713240841863429,11.038294149074726,-12.153630882656177,5.7880616,13.743639
254613293469547648,73.17219821316756,46.109929393366926,1.3311392862461917,4.357674574643963,-10.983070501730666,6.1048703,13.6528
254954623109806976,72.99981069931783,47.315514628848405,4.6026724293337695,5.795578486936858,-10.90746892637171,11.588515,9.7361555
255197271582740608,76.51254194664378,47.920879428325605,5.485710461808965,-13.39419484674052,-2.9405989369277794,12.9912405,13.508164
255749840594667520,73.06035586423445,47.93141271430558,1.8590989489220677,5.676455968941711,-21.052975297412303,11.719531,13.512756
256103578399891328,72.45970650953478,49.123312637152225,9.41241043872643,-39.27740050967107,5.5679455812967875,17.021578,14.939086
256967652803896320,68.01923774244571,47.07943230999713,2.808473440743451,-1.9290565747413435,-12.712264746395821,10.801268,14.370482
257257240975717760,67.12227915709732,47.7918636329628,1.9119473022892028,4.66571579458476,-11.438270860630581,9.018264,14.674943
257357330895013376,68.01345230251925,47.25253266150531,4.177123415387725,17.364154988961875,-1.4119015429757302,7.409843,10.943407
257584964162045568,68.56022201172344,47.80306845092177,1.953423073540545,5.2987588991736025,-11.71673433599425,8.559846,12.834973
257787720977982720,69.21271063838763,48.99310253007869,7.166365011701337,34.14677168002159,-51.185623184563546,13.419553,9.059863
259284362463671040,71.38982108406015,49.64443522918683,3.1031841772020377,-5.259799303349658,-24.014695369578906,5.7539,12.98206
259509281310894720,72.21651855265377,50.915165249266735,6.583515870696362,-13.35398900554235,-54.90097011264334,13.773786,14.306154
259734818630322048,74.78207641372046,51.0906840598117,1.8919997973582432,1.3044856935360705,-12.289451435483686,7.5733457,12.756253
260015400253295616,74.59905715284228,51.82612015986265,2.5634926825170736,4.503723433754264,-26.512316262461603,10.75452,11.6911
261340930236384000,78.07251801268669,49.363845893205145,4.532757636421041,-8.51344709987474,-23.51808147381734,5.472754,9.17114
261600311906150016,77.49355577187379,49.83572859590728,2.579865524658517,8.274500121662216,-13.544395863092522,11.390937,14.2537
262412468742023808,76.78315603689849,50.37176733299951,10.475104527024346,-15.243819503312524,-83.3353418892784,18.403143,13.046532
262691164878738816,76.32308394112185,51.018721697915076,9.69788016600234,77.82741680196007,6.5345444907346675,11.569994,9.557192
262883128438168704,78.7658552005877,52.41561921689307,3.1713345283770225,25.42036766929556,-79.47966864611757,10.6706705,10.4151945
264036864030087552,86.90466207652771,53.128906157832304,3.305832023027469,38.237902676884914,-40.383533981406615,9.315537,13.993212
264283257713416192,89.63785209162562,54.69430321160386,1.9424969263906737,-6.875885236024408,-15.287514970472497,9.052623,12.876593
264932072653365632,84.12154555324827,54.47823394702716,1.8256806793317353,7.250213868543376,-16.252884192003858,5.260469,14.95675
264984299456554880,83.98833865086185,54.68190893789638,2.195427057309035,-13.635592506338286,2.4862649466515445,7.404592,12.959653
265502925347439104,86.24204698884488,55.5937843324264,5.495155913539417,1.8897022579464617,-33.26912901818885,6.7469244,14.235357
268434154625546624,85.81799140179353,56.65995822977627,5.883337135874344,-1.7162219014653197,-10.762711496021229,13.024252,12.380799
268495688622219008,85.3153666277199,56.851833102946536,2.54022480496261,18.975864610375325,-7.41802969000751,7.755894,11.743142
268534416343867008,86.504041455612,56.150333020565284,2.469019611497078,9.652242085475097,-14.819652962767382,5.027436,13.0754795
268783215209183872,89.73395265388153,57.70786988033097,5.795922951658916,-12.157246233828499,-6.918603703988579,7.759768,12.821201
270227698613115520,64.85167473449457,48.53267673923592,5.412096326652809,6.819069092078671,-19.243836883100823,13.796234,9.658514
270711896047230208,64.91849168039167,50.266523750233866,1.9057410683634248,3.1216381975234793,-11.680193748049785,5.3486595,14.613318
271072978237177728,66.69373633569423,50.888613845830506,1.5222453886750393,20.636841161375603,-15.53157328340113,11.779089,13.528638
271164963555608448,66.29109964548665,51.53227369158126,29.038242352936575,83.55610402866199,-89.30525056226047,29.017042,11.386195
271204374177112192,67.76640731400703,51.473048149925056,4.9777787518642285,-11.325925866732984,7.2491884882938145,18.652124,11.561804
142679401985565184,47.13547437900177,38.91918755376747,4.083225134462403,-13.420948241214504,6.875747410144825,6.2219586,13.268695
143019803913477376,43.66585533467535,37.767741724006086,1.7034403331883712,7.143724955848331,-7.797495137457225,5.9907594,11.540014
143617143668292480,45.400944289231994,39.62026703542158,4.009799960821491,27.011649270749352,-6.703924712437953,7.7162194,11.725179
197547884070189696,85.52612623039975,45.772039143847984,1.588626763496652,0.44710167143014623,-25.675371823261244,5.2021823,13.178667
205473159589386112,74.8027536047924,44.779400174577944,1.1532554960276347,5.82064404130488,-9.674377688349127,6.84502,12.589592
205628882220229632,77.22974567748713,44.556101065977224,13.37652903226409,6.847544172072867,92.79225475602499,9.3007555,14.142019
206158017891145856,73.58394831360346,44.627010886174254,1.9529841762917295,2.321222738946709,-17.063885194908547,5.5310335,13.215
208544748397417600,80.41313725524515,45.24534823868471,4.20378651290509,-2.9220918006432703,-31.793017053837467,14.758025,12.956714
208722633062160896,79.88519929876077,45.224269129816975,4.116936346985706,11.02120821425193,-14.972611786752456,11.242263,13.627932
208765032979161984,80.79800918909838,45.88743104697761,1.4114527521131308,8.491978795152033,-11.366972047202864,5.559476,13.85891
208892473248142592,81.9628364538941,45.57391182664592,1.430464315812077,10.402778972302215,-8.676772879721947,5.413541,14.376866
209183740750110336,82.14551200632492,46.57666525896851,2.132348930702536,-9.746869426709608,-17.03517288552687,5.104776,13.66068
209573208384196096,85.95145007418529,46.24186575539781,3.418405439909199,13.460186522416238,0.009218724965064559,7.3937626,14.761764
210020331659449600,87.7080301237582,47.12354900309241,2.4370848837579726,-1.6457097576050002,-10.47110898076142,6.2952585,14.760461
210062284899657728,87.55923836021391,47.327669094041276,3.9348702312103154,22.807340812812782,-31.875865180606134,8.573376,8.895709
210105200212704640,87.73219845724078,47.6797846178599,2.9120264563126472,11.64276346298531,-6.533057867351372,16.881388,14.474575
210210718969005184,88.52981863510931,48.07118057239366,3.0293294954076893,-18.864405916064463,-33.45213157876012,9.124692,13.454216
210649389750730368,84.56982631134908,47.41074508754936,2.181917946894488,1.4112851391452548,-10.885269567826535,9.863834,10.7753525
210826479841021952,83.76680265944661,47.477789979790444,1.9692589183731144,5.076788653167168,-22.272852010871645,13.129178,13.7893915
211038651225178496,85.46959244436744,48.71087110931257,4.288354045894088,19.40054830777538,-50.802639639117274,9.975062,12.670004
211116476033209856,87.18016067057847,48.43693990291286,2.4464391191991073,7.302628715803059,-9.148545367603374,5.0603766,13.583226
212454581685124992,82.57915307828542,48.08727866704999,9.746936874277235,-61.064475822928735,-37.70431373494138,12.822674,10.27978
212501959465240448,82.78635629924334,48.5550877739312,5.255588924900637,11.21588991013779,-23.996201590431777,8.304547,12.181645
212555045261283200,81.36216799447911,47.993708133143954,4.675248578134873,11.661295487468685,-26.909533058180337,5.9939065,11.774039
212725984959406080,81.95471139347535,48.61939785565709,4.598320936298745,0.3375656238907476,-21.116733403665172,6.502899,13.553688
213637140796419840,82.95409219250816,50.3428326871991,2.5316173244511537,3.549703383006813,-20.74118776409454,11.514739,12.193438
214610792704691456,87.69833260594919,50.8744637192876,8.777899418431259,17.023731627276977,-0.092258807893766,20.656565,13.615785
214742626723696384,89.8265502727502,51.64624701012747,2.7012230233128465,8.12440160886975,-6.1971718703993535,8.566877,12.161535
214823823082694016,87.46770212861917,51.244307917656734,2.6967893936501497,1.771956582373302,-14.850150948844673,8.653533,8.596686
215196725026757504,85.33390856377045,50.72068453462786,1.2167479900782263,0.7895144629275076,-11.77893493235294,5.7588334,12.382706
215207518281048448,85.11289696228367,50.80318017906852,1.3287624527962483,-2.147181956776609,-17.99069440387986,6.0893826,14.633605
224593533654398592,55.17143953539169,39.824125685788125,5.57404136818276,13.372956927954974,-86.71457792502503,5.2919555,14.438684
229011714972062080,63.454825759999665,42.43498926649249,2.646860293275759,-2.0225412070681594,-16.748609586644722,6.183178,12.259474
229359259425640320,65.68606222580203,43.48830879089565,2.873110017095773,-2.7159429967258895,10.550174852250855,7.674778,14.850458
230665754118159360,59.79589819256945,42.405442805362725,3.801324040371098,20.698641258026825,-17.712484347587047,15.062382,12.553087
231258395184913408,57.761876095985336,42.26190337270018,19.18688245991298,36.501765439633,-100.24879755947659,52.838627,13.547967
231776540038910848,59.139978074758595,43.92957756134425,3.502885390364888,-2.048464818876883,-15.030412929131849,8.646938,11.111453
231803542493525376,59.768294677523876,43.63860677007914,5.282225655297041,23.444793115238397,-32.450120273983174,14.819181,9.201408
232601929673720832,63.927124419558645,44.46293825575737,3.777182211564555,16.31471470347909,-25.419119200282303,5.6766715,14.108234
233621692353027456,61.922925832680676,46.42158306373442,2.4817347602259834,6.896797038261207,-12.683510918096768,15.608236,13.335978
233778097879472640,64.53930370455896,46.24832351572818,1.7081690597859636,2.7532881356091945,-14.250838120457729,5.110213,12.110949
234068746905323392,63.453662579066126,46.906545589741334,3.1323726189575583,-12.385052838336817,4.575405999661328,8.29978,12.878022
236269827444977024,49.95664244702938,40.476512397106134,5.703817126071421,28.222838903312397,-4.057417094442542,7.732795,13.673762
237273307903369216,55.47766354096075,42.311548021943274,6.576257829067607,15.932735847552147,-14.795107573497232,25.637407,13.897959
237897516979676800,51.917579924482745,41.875004871800314,1.6723664722340268,-14.095707530535373,-9.953741715182495,5.657939,12.503323
237932048508007552,51.05378892423287,41.884431904434,3.0648087040069747,6.172972272155459,9.034250204639882,5.961782,11.699231
237956413860108160,51.2586246597647,41.9540676817881,3.3558697926653847,-16.443081907673744,-3.5854542979658417,10.650242,14.240349
238326433881878272,54.59319305372428,43.39629521705734,2.892273235918873,21.043345872580595,-16.178868856998015,5.720198,10.6024475
240087675420482048,46.95562823805621,42.29202204800198,4.2472880137735975,3.781673155357092,-11.540074165956959,7.439717,13.6114025
240720203838950144,47.242473766364064,43.44325463309377,2.515549081355598,7.2484374752706415,-10.027542368566813,12.61979,11.697795
240731993525383552,46.81025458480247,43.09899707660117,7.717324997959834,32.87362391258622,-28.543754150660362,5.0751457,9.358453
241364865549766528,50.798458260445976,43.421561762592695,5.310645679041514,6.306524550579246,-15.630793682192067,7.437501,14.580527
241406921870212992,51.21039821200033,44.048757338702046,3.90141702146855,5.952888922030608,-11.967476021565783,11.173145,13.935652
241719973445220864,52.89675899098954,44.779815414254955,3.74930185773368,12.175266951034358,-16.53982051741729,5.3743258,14.965947
242038522579742976,52.58391406085977,45.976160627096554,6.702704334607369,7.696997363142131,7.7119078664923935,8.166275,12.3639345
242426340944809728,48.22817083404609,44.827644616739214,3.369196620572115,-25.03592111096568,-3.2042969812453252,5.023426,10.897185
242680534291734272,51.67024775562185,45.78205187053195,2.2760408982206695,-8.007463364874049,-18.296486256202375,6.1694183,9.294649
243336427336196224,57.14248953863067,42.71128800401093,2.567279172665692,23.77408283419929,-32.89029673582225,6.15522,12.684888
243357249337618304,56.9868254001891,42.94709603941801,3.7663334216580906,83.45765812585014,14.10893753111139,5.1458373,14.093345
244698786664660480,54.359639779295,45.02096218876017,5.477550304129833,20.91146758214808,-40.94930239215998,6.5567384,12.917552
245254216134218752,55.993791002401046,46.49726087974957,3.6173875917402096,32.29205716350839,-33.98498180405578,9.999502,14.245312
245561941951155072,60.49438157686436,46.08039214063337,2.328514106956439,4.7365211711895565,-19.09103118865648,6.2350245,13.736521
245708142640273920,61.611998686245315,46.999156002980655,1.201886986289233,0.1302787064897517,-11.469734921797219,5.6651607,13.483835
246150008872585600,63.19318155977055,47.39042761497651,1.4779649786299196,-3.511563436131536,-11.648136759836788,6.4153376,13.7972975
246618641345637504,59.856488850098046,47.31880723284496,1.3105683784684572,10.051724886907632,-13.384177617023088,5.9837136,13.006306
246634756062936704,59.56987864924066,47.423373470388,2.5216211600401865,12.335207586045573,-11.479881532001915,6.303448,14.841402
246793017017503616,60.07387865724908,48.06179402013339,2.023957295143279,-11.81807677249644,-22.011291447483842,8.509328,12.883105
247033290366713600,60.12308162580708,48.762784038026375,2.3952480390338855,7.603486768351437,-13.043395022122027,15.593248,12.71348
247263230039564288,61.2480992064201,49.29133464204228,2.270170075770647,-8.300988274435209,-9.934067046689226,5.640924,13.47441
247415031363495936,62.87559349970783,50.38673538705863,2.3289325494638398,21.743480724939236,-10.016624968553646,9.657341,13.760958
247528762095160192,60.919129069973266,49.937795216826984,2.7960423673809487,12.454658864241175,-13.218264655232119,5.007241,12.078226
249017599618293632,54.026371750171265,47.997122927340136,1.8074003904795317,-11.72181454041269,-34.00894636961787,6.580371,12.509725
249454178754000256,55.10032437490902,49.10524856464927,1.1404251671721337,2.6639979402434033,-36.86798907446764,7.5297976,13.4909315
249650231123196800,56.17007514439611,50.21190983949867,2.3964379176889903,20.84900539621403,-8.797100191567498,5.034984,14.573354
249675902145618304,54.128115815949656,49.237128909512286,9.123857335007056,30.777482823975596,-42.50354802116226,12.185883,9.303698
250198307606137856,59.332667206949544,49.830236202433596,2.4956957896769554,9.784299253443404,-12.62006256882773,7.714741,14.761524
250629591042688768,60.70981151099561,50.82173123581992,3.974546212258048,-11.556251210387515,-0.6820584252312036,9.135462,13.399396
250685185099998336,61.293007241446475,51.08290193135546,3.6811592993856683,14.52249074092899,-16.566143597687855,14.875619,9.557412
251182988988651008,56.934745237569956,50.61278366471764,2.385150356123052,12.958592220702307,-11.147313384646303,16.394762,10.620813
251402444638741248,56.829465150750394,51.15304713519073,1.583755337801266,8.486452195076131,-6.63425876687104,9.180218,13.713238
251534798351463168,57.68699430903083,51.76148909594238,2.4978453166984003,-18.851185647857523,-12.420518956969694,7.2572412,14.088095
251973293032775808,58.68747195833965,52.6698554029986,2.3847528019221023,-16.590695024165548,1.166901508948147,5.924978,12.544447
252488830846012800,67.0613447349965,42.799072964035076,4.466708737272196,4.687773506772321,-38.504774541132306,5.3100476,12.232261
252569301352903808,67.35064091474189,43.484948929745464,5.890293300562384,-24.08848259534389,-7.253283389969901,8.326228,11.073852
253089370351118208,70.02835539058653,44.927936963655604,1.1896492688084699,3.6099591437011322,-9.776595859300887,6.48597,13.53741
254027288129274880,69.61232583575645,46.36377180790167,1.6462022781361567,9.169377388132444,-6.444688859300296,5.707302,14.848599
254647069092134016,73.84766234760889,46.42461185674936,4.220814828591419,15.159644967793412,-39.3659459436089,8.299992,14.7821245
255321031060409472,74.14288701342858,47.743991742481064,1.9177562491139895,2.6661295602398027,-12.76966135584799,9.18824,13.567585
255759083364333184,73.53510900552037,47.97218551535389,1.8256610215724682,2.148166631760943,-12.045695979904899,13.017181,13.19934
256500605176826624,73.55696624634967,49.581220256070516,6.145945276874771,-13.933328374592762,-0.9656979173539866,12.912326,8.539267
258567098622694528,68.93461707469937,49.53863010063498,5.575355508123062,-10.501932537293486,3.5878300674667,6.498652,12.239597
258922898013131776,68.7595276020706,50.545060118933655,3.914483683249083,12.722870788084872,-6.502673988235104,5.1351895,14.966362
259844494914616192,73.87606306453573,51.15362898513809,4.431883606026418,-5.831726812581022,-23.467743031730556,29.976267,13.199232
260014575618403712,74.3858835546868,51.79806692222933,12.685957111924235,23.940423237929572,19.387444288692173,46.692726,14.361539
260063469526132736,75.54496538202069,52.477120130504595,2.8673076436981573,12.084014027100817,-10.960016992179654,6.501623,14.280518
260435924794249600,69.42321730933486,50.94614019974563,16.73661399544145,-49.52878532893664,-5.33479385541586,25.003881,13.493469
260738122991965696,72.72738508945785,52.10816386752406,3.483759062816107,9.829880147175523,-14.258159624800033,14.248075,11.020739
260950500534130176,72.21676411043354,52.40539639876466,4.296318218716856,10.868685428064733,-18.087200876832,9.371915,13.556416
261209121988200960,77.14853635362864,48.19138706533183,2.22619456635899,8.48359415743519,-34.20172394644314,5.239496,14.222854
261320726713249920,77.76513450031608,49.15688724719162,2.5266153583296194,18.94358442514223,-35.83936958604454,12.809597,13.505556
263402514540419200,81.5855471053313,53.57604023820609,4.260716465358278,-4.925237869029236,-9.140184252912324,15.143214,13.437512
264143997693984256,87.82209825889582,53.9848566855625,4.196978827573555,-16.387175112280957,-42.39563934710066,14.333321,13.864923
264505565220578816,89.37656010504787,55.170874760099345,2.8892467444907095,-31.528397125356328,-50.48478065807083,5.21161,12.7898245
265615758430664320,89.58777598292313,56.49104431715995,1.9902466515421824,8.16275071115862,7.844840687615393,5.110405,14.083284
265996086377530240,76.10827117851431,52.14995090942869,2.453210247922207,5.28141663159484,-17.08856679872791,8.258911,12.957121
266721592250290816,80.69197208727256,54.77518381227685,3.2214566734845174,7.302477663814031,-8.830594206462258,9.119529,14.819302
266745167327822720,82.1165855475497,55.107829010989725,4.681774089782385,42.821394277699106,-37.736937628417195,9.315593,13.25455
266810828787624832,81.60311019727675,55.37275933821617,0.8460999120445947,1.0895675828426994,-16.586834163941347,5.6909356,12.18188
268673019232862208,88.19710389159223,56.82659762768261,5.8609241666497445,-0.6220296719668026,-53.27465271692674,5.6908813,10.972824
270871119072977152,66.54669706383028,50.53656181632733,5.764495959414565,-6.1448108203745555,-57.37734903279126,7.0459995,14.017149
271017285399625600,68.0288242038188,51.35099316691389,2.9717327645066383,11.879132358435601,-33.36524034053587,8.97825,14.757256
271189835707334016,66.57099498865539,51.701714360383704,2.1439157963625077,12.037582969853041,11.743425758825843,6.1117992,12.944519
271598858333229440,65.31681886785663,51.60303898704274,2.754993887785614,-8.445743124906112,-9.76333849452531,11.792603,13.769585
271847897717370240,64.08562659379436,51.99524305425216,3.301690853112044,14.413398129476843,-20.73671878295994,5.075543,13.0301895
272826806661429760,68.8440426281392,52.67671276050029,1.491006142285875,12.027756620968535,-1.8410182434312712,10.337262,13.278907
273517884079244544,74.38100213147668,55.28139540760507,3.7936295151308475,23.19726677794874,-17.281261437144483,7.969703,14.956213
139411550348893312,47.010129753874025,37.10344328665169,1.752335010547036,16.541791306514092,-5.529426185265553,5.9528646,14.118986
140691484962202496,43.09940679951131,36.4600001995171,1.83838767567771,18.668786904194498,-4.087524782012976,6.947567,14.018238
141815529443658880,41.5727308784212,37.89938353698794,3.1487498565616048,19.8054108293407,7.446934083225318,6.3064284,14.86754
141899710802415616,45.31423335867481,36.117850899021896,2.7125318262552542,13.41698293780317,-11.571484771207329,5.5974064,6.7169447
142035363049207168,45.62627074031908,36.9689087987803,6.988057669324682,-9.660595210569234,-31.18610968119635,5.7837534,14.71886
142162734599417856,44.10019891605277,36.642410902609484,2.1296070080136094,4.241880313618237,-12.642895113748107,5.715147,12.495591
142325668479140480,45.25014003723377,37.71385617649688,4.4292989237645894,14.37187856614287,-17.276239583911536,5.6807766,11.271951
142862466374711040,46.574166248928265,39.063984266467514,3.04349907859474,14.007816850294784,2.980873759708585,7.505937,13.185901
143190537453849728,44.44652010683382,38.749669850366956,3.101947754862225,27.63506231606491,1.6272306178394826,9.233964,13.627512
143312548884558080,43.24140773771891,38.513356422302046,2.4653758797799483,-0.8790079241167472,-14.853155695622872,15.189605,12.349048
143532554289479936,43.76749143823874,39.86690047282978,2.845340748381903,12.49160712200618,-17.942772024227068,6.2535872,11.539606
205721550433875584,77.14952592636486,45.27891356930266,1.7197000077919387,13.63330480760973,-8.936563469475225,5.377847,14.398655
206710217547013632,75.58873805579964,45.93995779363881,3.596688169641306,-6.290172282676535,-13.310370432354846,8.540773,11.852612
208278327286066944,83.1253773904974,46.10872559180724,5.030833465489381,11.333646990203388,-32.19439419081549,11.076854,13.021622
208485585227439232,80.39735205623711,44.86114824218946,2.613731222295769,16.148509219086247,-29.201258855611414,6.6161127,14.814798
209147972262660736,81.51945625800936,46.22095963772597,2.1238949143446795,-6.982037937435829,13.508792606917892,7.9868836,14.716284
209161544359028352,80.95944065959996,46.27719982581663,2.56279988574313,5.1057874111211445,-15.678342527801215,5.058287,10.778741
209731400619047040,84.3246670083178,46.41047640144887,11.294567621480535,-19.067954134255302,-89.68628254308467,10.825311,10.437627
210446147599410560,89.57886454999306,48.876546070510294,4.7832847092375745,-2.9536185819944794,-59.09701991320905,6.167016,9.96772
210782052698846720,85.65688539392683,48.23739624723613,1.652640795450877,0.6453005513638497,-12.629287567186267,5.582172,12.838927
211954991086868480,78.06797530798228,46.05343380109547,4.709115801578569,-28.980028175620973,-5.043677142653505,6.09422,12.426662
213425690967248896,81.51559203763044,49.15380010873343,6.860838352481256,-31.378468761021153,-9.646773943441406,14.7359,14.880706
213571891656494208,82.02699951005006,49.46700869531164,2.562260228101222,7.540944319175415,-19.72295130503685,10.381351,12.641348
213636247445946752,82.86869601465769,50.27160686565638,2.763439565082381,6.248371909358833,-55.22610548868578,12.736484,13.754717
215259848162559232,85.02136351041574,51.021324882873444,3.4000285968667967,-1.3715055972775358,-12.79193509930349,5.2762847,12.499494
215316679169626496,85.68695977880596,51.644438023387174,4.007029370995556,6.0760496620052376,-33.71395568569886,6.235137,12.706322
215429791428653184,83.50942927916316,51.38802427790863,3.5997551289562453,-14.735953158800589,-10.599796001401923,5.81512,9.531821
216077575575583488,89.6315123541917,53.49392491735779,4.5863672066594265,-1.6501112922257684,-21.590968681306638,13.175784,10.4809265
225049349940277888,56.39034342303272,40.52137610312045,3.368270738369237,7.505878976495662,-25.48420624626894,6.0003285,11.393233
229021198259424256,63.76073729331066,42.42862766435071,6.226123560358866,21.662720224235205,8.475495933474726,8.294995,13.1251545
229325518164371712,66.54321886816984,43.561794551671575,5.428483527680032,-2.574236812946573,-103.39737385523642,6.3659854,12.077321
230130120156404480,58.912043509942734,40.651311904689265,5.716146531240769,-5.579099914344276,-37.58833542112363,6.992319,10.684195
232284926731659136,62.073935746484814,43.67742458584882,3.632673297648429,13.65540486024554,-24.894727799190186,5.940003,11.320556
234989038134525568,52.33087085489849,38.7738680211428,2.5976596605948172,0.16764172095727048,-16.778299135918928,10.703395,12.865063
235083149458054144,51.89105500208846,38.7879720848063,1.0871619053357777,4.183049195946209,-11.609857280316314,5.322487,12.382575
236375247420025728,50.279912327023524,40.84499223862896,2.566516568732042,22.228294489567613,5.199451538719411,6.2789884,11.342792
236974412541614592,53.491663469046834,41.3492352254861,1.9505017021980036,8.793268437768692,5.106372871074241,10.268131,12.708615
238239984783987968,53.605697473000625,42.82109137854779,2.7100210964293967,15.92999538266526,-21.193356567001917,7.4952807,12.163819
239333513516582656,49.072679430873706,40.890555802384426,1.5484257551652292,11.98197966839824,-9.2985916538916,7.952013,14.148063
239687560559154816,49.54278118827486,42.185069991318905,1.793278156631759,1.724864488723112,-15.40903326612499,5.653254,14.552374
240238725122006272,45.69127791665398,42.583643314658666,4.33024616654006,-4.507208206872479,-14.890192022011709,9.858778,14.847772
241404482327963008,51.13609525528965,43.94242075106075,3.5391944714856876,-11.901786160434312,-20.627608210480837,6.2611556,11.981714
241444648861714688,50.771647824033494,44.078092415866614,2.9778155436829556,-10.728453264543054,-10.993319359082925,14.630004,12.855721
242605320825476992,49.76466162891804,46.01538689684577,2.470225362870915,-9.180866148397328,-14.006318650795517,10.061857,12.797855
242720047990595200,50.56913886519544,45.67636154536601,2.960387542828719,-16.408294554586664,-16.161333115551948,5.2380953,13.3193445
242833503845933824,52.184914056570456,46.72666561185139,1.46281536989888,8.434937078294446,-6.704100177428218,10.209539,11.712817
243047702455714944,50.65355083962572,47.15291750257858,5.366296186007996,24.2818706105722,-25.175295954457752,6.5707088,13.791013
243113638794041856,51.559020710605466,47.43496694700437,4.7179034209327115,-23.354797176733157,-2.4925848004508993,7.371597,10.427513
243474931440967168,57.500615727832134,44.09664231198221,4.68499413920158,18.675215755444967,-24.83293488224884,9.63263,14.474923
243991701907672192,58.58790863398654,44.99145736754266,3.110968797270624,36.54003535682252,-33.473853587640434,5.235533,11.553873
244380207469039488,55.5768667945094,44.272759230218966,2.8260693047347534,23.207709234789924,-42.234874288615465,5.8482294,12.926179
244795341827383936,55.81312672081585,45.61701586166297,3.1034377992008415,-18.230298729943044,-13.175702971601991,10.481069,14.048641
244963910705034240,56.94248949688904,45.6968146947821,14.751601639996814,-27.643541805765178,-54.22153366311848,5.5641932,12.865021
246349226637979392,61.895148548735,48.1463886542136,4.483287877866061,-8.50018998991776,-7.161748741308106,5.4586253,13.035635
246853799395421952,58.46328610201532,47.41973253792895,2.2649804955962236,-3.7200259102838507,-17.221965775856443,5.031228,12.125151
246901765585149312,59.3513438420221,48.20373348496511,5.193680725420413,-4.57124211612701,-24.863205046902266,8.92919,9.915128
246925160270379392,58.1457931229489,47.84613802554734,5.9842123705420365,-0.21566084828153897,-36.37179143656789,9.322517,11.58403
246951857789652608,58.26085930971801,48.26855097780367,6.8292892411725665,63.93828373757492,-77.55738576312041,16.81256,14.35547
247176196821506304,61.54744145264995,48.75480981141939,2.0663367448990893,6.311777603404591,-8.92550672724814,5.1962194,14.926986
247535462245282304,61.07359654937615,50.03960757778925,3.8142801820995444,8.965709908387058,-15.65877750371191,22.5172,12.159588
248287081519946624,55.779450036866564,47.1130637004976,5.235033368613037,-13.163760000681972,-13.776716202451269,11.095939,14.288698
248296049411496192,56.04233810332605,47.3336738956216,2.8839567070688212,-9.921047465462932,-28.061254880344187,17.434856,12.428503
248675209125399680,55.59373301188715,48.624932055205704,1.8022152498803299,-11.642124747329968,-8.110721624754504,7.839824,12.723211
248860511193782912,53.14566381977184,47.05779933861789,3.2666731490231213,18.809128542003236,-19.27331534066183,13.167464,13.989709
249260973945928576,53.225137571110274,48.559050091718795,3.442170195160556,25.242702543666102,-7.246361804517619,15.180819,13.7723465
249560689642074624,55.81975919816387,49.53673484271156,3.0174396069090905,-5.811665285883613,-10.885623205373363,7.710613,12.185461
251536413259988224,57.800394432983936,51.811059549385966,3.9771467502245277,2.2203992973583984,11.170334668168692,5.6509113,12.874206
251579534730358528,57.19771826416699,51.96102826844898,3.2564847833551838,-24.167674356658427,-1.7481520578202385,7.3422337,8.336145
251827577681370368,61.0798174400275,52.86695766503946,2.82423574270088,1.856485180612827,-13.78818722309536,9.858996,13.719246
252992815190302464,71.15451429495458,45.13307771524898,3.6092347798224464,14.658930460566822,-16.59967222929476,6.380997,13.267164
254766533604731008,71.9619820626095,46.38242280234556,1.7855136540261323,11.187829720638186,-6.980485352274652,6.08852,12.368835
256933675319710080,67.34345110179943,46.714530891121626,1.6487859105569158,10.676758272581019,-9.435304616069198,5.4927273,13.595086
257984907216513152,66.85146160493294,47.82120641626185,2.6808128441148376,27.064210333824896,-34.227641527027316,6.801212,12.278185
258578716514260864,69.57313637148543,49.69563591054871,15.898405706582842,-10.133632734087566,-68.52287551932426,5.4211993,13.990084
259108234442038016,72.39872100642224,49.2428377870094,2.1162509737243624,6.030794404286764,-8.010155432505217,5.8825455,12.88923
262490607085287552,78.5386981968915,50.92202329184707,3.085178381086385,14.842018912368331,-9.491764267726078,15.684424,12.986849
263841391479018496,83.47799711386402,52.95787441933662,3.6305261358004692,7.269097914121861,-21.44648331649958,5.4275827,13.982633
264784596360205312,85.38315637645458,54.29439024529948,3.2824594164187455,7.818195654273302,-13.626472480181624,5.621706,12.782253
265196603983275136,88.0721789464557,55.136813234596374,3.319161143082573,8.642351235392589,-7.32593763849707,9.644562,12.640083
265236087618726784,87.02211645586634,55.20492738120839,4.631758203612812,3.4502649809258337,9.753489573898772,8.356802,12.114373
266076492460606592,76.37829902959312,52.80974113879777,17.38172103944257,13.878965133572466,-96.81852319566127,19.14261,9.670526
266451013607507584,81.49710614703464,54.28948877846957,8.381264018443327,25.544125803082366,-69.08326037072719,13.051838,13.472578
266677719161798272,80.24058793880307,54.80947784418783,2.006542878410791,-7.5083041731674935,-15.038080269058248,6.634191,13.256985
267019048804051968,77.97469384203315,54.11545086885604,1.9451475424962985,-18.54412463571026,-14.196562631105639,5.3289247,11.004103
267413670398436224,79.36213711452926,54.73027319404349,10.499636099647079,208.83426527590314,-6.2024274282363745,6.0643315,10.12101
268793007735513088,89.10840316687701,57.73613034017386,5.504712602533764,25.354815266406113,54.10180064288,31.832043,12.569438
268957041125736448,88.22690727175758,57.66036603393768,2.4907928630921075,0.06005731244969559,11.767183191883232,7.8316846,13.573326
269050941993426944,88.54261820572015,58.33204537902926,2.3216515430335813,-13.929792424529495,5.461144273782008,5.79008,12.488313
269191477619745408,82.58401413856545,56.79436284022426,8.78891508107541,97.88206423003851,-48.461767439001726,5.0766273,11.615849
270734058077723264,64.75068220014852,50.58423756374425,1.8778766268647609,-2.6233185920886424,-16.03730045241865,10.986957,12.156367
271447533745258240,63.699749103713295,50.51342069564458,4.093418504674086,48.517430530179354,-58.20767286668646,5.014167,12.250306
271520002734382464,65.30226871175361,50.9777157876443,4.621540975671907,4.164924795541058,-18.899705169325646,9.156347,11.052636
271521480202675072,65.27758316320518,51.085153252067755,3.0531723724772744,40.13489645679602,-10.679620083953534,6.563321,14.384248
271561509292472064,64.4229907060932,51.19477271101496,2.644997721035076,8.403906289437137,-9.154995058682264,5.0194077,14.837406
271769591874461184,63.95422847863154,51.418194746946384,1.5582577441169119,5.709067598690014,-8.94143271900731,6.5405984,13.761941
271941974680388480,66.46273826509004,51.78595898464567,2.2585006700483636,6.541062435585703,-18.480881241118738,5.381442,10.892125
272352367396058112,66.58292967344215,53.25811278581288,6.132087405804088,26.46172173851525,-8.286213754812891,8.849512,14.796782
272445482285287936,67.6881225479332,54.02047394818393,2.281784589905061,11.741234331206275,-8.879816972369799,6.137468,10.809087
272997986878655360,70.95670170172347,53.72421507011619,2.4988118460247404,8.025207704995164,-20.71000830486356,5.419539,14.6276245
274267647930330880,71.9249900693755,55.340224089058886,3.172979818697947,-12.458309895401849,-23.023366554755302,9.195049,13.445811
275687873355194752,64.71082496213954,54.63324125891507,5.197690215908951,23.93606812607745,-32.255899302120504,8.387781,9.242773
275739962717859840,66.34784358301032,54.754494468128904,3.193788298795645,7.484266040579001,-9.177208024641331,12.709962,13.815888
276004738864729344,62.39010172812052,53.871015048531554,1.3837021476539393,5.866532438192616,-8.676395520262258,7.104195,14.011614
276604346358842880,65.90450709044653,55.828201856127194,1.3683790666873272,7.965905682177368,-9.949475578046926,5.1877823,12.45589
276886718992343936,65.29419940446897,56.60929714813363,4.934923518146166,-11.278134490734102,-52.55534172700559,6.7347536,14.332271
277562020985850112,70.74675258166648,56.34713577926586,4.125993156180221,16.17888900359184,-35.02077929257962,9.831517,12.221048
277896448618432256,70.1518342674229,57.31558459433934,2.2638231566856435,13.447275509411803,-18.469424827417267,7.5563016,14.254296
278389815803826688,66.56071691925696,56.95020226794336,1.6809900159622841,10.671495201623346,-10.483700061071524,6.007956,14.975142
280773114633667840,75.84762929395514,57.542391881396775,2.0279034363888964,8.31964206297258,-20.752584964548006,8.325927,12.751785
280777547039910656,75.78283373863977,57.628908790646236,7.4812862766165384,55.43585155596262,-60.763585265249944,24.088959,11.590755
281212644406146816,77.43057617797639,58.46127070197974,2.8758793917309915,0.8303056267088476,-27.57490278739406,6.084054,12.820338
282270546390241664,88.19888397912797,60.460249868967765,4.211457595041763,8.055180336219209,-43.48232604476054,6.6943946,14.850377
282284187206324352,88.83677308004755,60.798002334057884,2.1562685550361165,21.843651184864655,-6.90694052531453,7.9735804,14.498116
282313152465725568,89.71564681556625,60.95324510235353,1.2380236210039128,-3.9292302221901583,-14.768897466952051,6.469314,13.8904705
282751823246105472,83.96047853336576,59.967567306555395,2.8024463141117777,4.079074878150581,-16.87665228121127,9.595992,10.876677
283115177479036288,83.52034944188263,61.22717049758304,5.831821040372643,-42.45481374394923,14.732698759740277,9.378426,13.332069
141367203577448320,42.52097811035505,36.620666005752206,1.747514175266695,19.373196487886958,-8.711085227433918,8.679592,13.706429
141537799678352640,42.36202627769744,37.326397509482646,8.592260951561462,-18.69538025909373,-2.98956979769884,10.152444,6.3503795
141769796632012800,42.8438285048074,37.93329382037811,3.0982562502190114,10.2866358609891,-15.34910692078094,15.546369,13.798068
142151602044311424,44.3167094415044,36.63531323567401,2.909283116221376,-10.887047312169837,-13.517021148364194,5.1393857,14.553138
142572302681398400,47.04459689180853,38.10491355891763,4.312966971687876,22.622993531714297,-33.52770276785896,9.676044,12.244114
143146831866889984,44.42122274502855,38.39061798227713,1.3192063500108662,20.45431339252363,-11.901497058577785,6.0079713,14.419647
143536746177403648,43.42819352868507,39.80556893172987,2.5136722406476095,0.9454695431281532,-28.36259350499884,12.969455,10.39852
143708785387572992,45.877195806113356,39.9023825450454,1.9721736163734511,6.450791513841881,-9.892451484845612,5.10183,11.382906
197267641749698816,85.63839576304775,45.04711152589503,4.047194332164689,1.4670065388163465,-49.109164125361374,16.211575,10.696654
197425352949295232,84.73533269357976,45.185526673714165,1.5561271956734193,-5.928470874687064,-12.08662048620029,9.082911,12.393349
197493179069538176,86.41531269260533,45.54867350075652,6.888580150715359,6.136796708688735,-64.00010748873437,11.556902,11.824212
197761223685778432,88.77992166603386,46.27346002666536,12.77401010093022,80.33169427139742,-27.165117495383313,14.051339,14.571073
197964766478655488,87.66052969149384,46.74781393269177,2.185304715878151,-17.191393811196235,-16.06894853691909,5.6324854,12.112327
204348908949314048,69.5757885659359,43.25202231380411,2.9216238207997023,8.160924883524178,-7.122044295230677,14.010031,10.841983
204594447932669824,71.5082647618407,43.62659383511668,4.353055508473449,96.1957687219956,-33.55809272621363,10.055215,12.892711
204856509660808832,71.50845748184231,44.276469069566986,1.6848909172923756,15.802425402338827,-2.7415703923348262,6.887902,14.799996
206612807687631744,75.28887272693875,45.27407947522457,16.21102920476678,-24.589281793324044,-44.728756061607015,8.952023,12.995162
208410199961154304,79.55828735629787,44.679184656681265,10.405346584760599,3.522604497183261,28.30617652004833,11.346796,10.821046
208806569603806336,79.40401181467558,45.770419086737824,3.9805600848348566,4.4983962217962095,-24.355602380842427,10.472507,10.001173
210678973483578752,85.08079167137586,47.96726128928701,3.631250283934437,16.480008719136475,-14.439846472418333,7.85154,13.925691
210790608273649536,86.14508666566482,48.27348046028778,14.688408315851914,-40.09593894400682,-78.68782420854399,9.36517,13.193721
211011227857045888,86.46860021383372,48.86723529109973,3.471561739581543,-16.038516100871508,-3.9222133478565198,17.483812,12.913171
211271197934558336,88.59011030388517,49.336159582092655,17.43280426320348,-64.72697843413393,30.653518931392654,9.29478,9.775165
211890772739146112,79.68592013114731,46.499407814343805,20.897688922146898,41.49319070126557,-107.37093418563471,6.0367002,13.05857
212086245290002304,78.81501230711856,47.17026737016321,6.473998948878623,91.1245886865308,-108.12836783497266,16.159557,6.7294655
212165822445190144,79.33279050667882,47.21227887761126,2.1256657423014724,14.641158334735453,-27.70739289035264,5.9152403,14.743579
214113160614528512,86.60033683108776,49.80259004135603,1.5595515742204564,-0.39264902805663426,-13.284702635240262,6.438161,14.322363
215419307412355968,83.49813408961919,51.26878384413883,2.0385407872251458,19.865008977326028,-5.608974238646967,5.3859434,13.502053
215720406095226240,87.46190635430779,52.193621593168416,2.18296559414326,4.20259929337821,12.363286115410393,6.4598985,13.894374
215833690152605696,89.01718084080348,52.836575485382184,2.7946181901646403,-3.434581129757801,-23.08949399630159,6.8892727,10.763612
224855148701523200,56.64358210421923,40.299863165937325,5.433434702709662,-22.263218329172737,-19.13479295759432,7.431916,13.761997
224880884144430336,57.12486588460299,40.80015463323152,14.186156130886902,77.49932429418871,-68.00479447480878,10.142194,13.1882105
229342496173778560,65.83332555033523,43.357379222967246,1.8277893530973812,12.241595767236184,-27.627350959028515,8.006127,14.393665
231133841132939136,57.26379553010912,41.66661496754746,2.562636102457067,50.336037673386066,-36.3631099250852,5.0881996,13.669289
231356629676250240,57.783288022809174,42.93989977123794,6.555053571455023,64.00053160028109,22.26078345675829,5.1117883,11.843673
231636317947496960,60.1304340992535,43.61751100648672,5.867253875914118,19.393718354929337,-53.18483883941411,6.1112666,14.493493
232933947826619008,64.75097576858215,45.33436806852223,3.209737646179835,2.8259811981787957,-21.101337364695873,7.489274,9.096673
233160756462582656,61.01558727421734,44.3947610260961,5.3724838459318685,13.298628483860428,-11.504095737840291,6.062784,11.889621
233855132412510208,63.880191243586715,46.4953972880261,4.041261603534916,27.99296470094874,-13.149124042485726,10.476581,13.191335
233861111006572544,63.81172165986858,46.700076066083795,2.3612499515245458,43.61896017814268,-34.732417596570365,8.628163,14.1221485
234025865952887552,63.03849121280236,46.97439187435644,6.173613732725184,59.57887190191869,-74.30852354204055,14.708906,13.080045
234707356999484800,50.227069563545705,38.007991823346,5.582751697520492,-27.095678346595953,-24.93831231857167,12.844369,14.598035
235037347926966784,51.22219021734726,38.12329618418024,7.108391203905447,9.505068062350487,-15.007045878577081,33.16193,12.691243
236039071739821952,51.04897000619001,39.79070442083833,1.2304078091846338,-9.456147551124673,-6.477507805487216,5.131789,14.702145
236784300105989376,53.166131871892944,40.356800478400814,1.0960248632330252,1.2100981308161995,-11.601047305952296,6.990752,13.405252
237693557566018688,51.73187431794746,41.38867617801019,1.6762940898841419,6.145077069090568,-16.590998942136267,6.535888,12.448241
238477925972365568,53.410131434386514,43.68597980061625,1.022507422621756,7.22094386215398,-8.011010126367196,5.967462,12.636753
238684840315705088,54.1013357898736,44.77728707894984,2.989962935551346,4.993431203154,-11.946366900382799,8.372743,12.121017
238759091707700608,48.18125768220587,39.68413369612599,2.1030337872279152,16.484341795251034,-6.440927284043536,6.51981,13.640679
238759400945339008,48.18098832524311,39.714968526463444,2.1436813708519504,-17.86120731426892,19.24257837419463,9.01992,14.208151
239064515421912960,46.687702683639664,40.297620074438726,10.38946287919191,55.19474296996856,-35.73858966152208,31.172495,10.695869
239289674787967872,49.62983199246656,40.71334929818006,3.760342606208761,5.125376389642565,-19.882968773124137,15.782618,14.070304
239702747561373952,49.2533869588752,42.27023923567927,2.6551674357003185,31.39069244881539,-28.06328329789536,13.112814,12.333451
240079399015575936,47.341388462851235,42.33909441948614,3.086387040597049,15.391819755275518,-13.94465212202553,7.667924,11.793171
243869037640654336,58.25410672978155,44.4481838034476,5.834790954657594,18.435735693403323,-25.806073061679605,6.559688,12.74296
243924494260291328,59.14747878173604,44.61133627043587,4.071344487062298,1.112703927361835,-30.554520317712708,9.116721,9.7924795
243988643890496384,58.774906125528126,44.957516887668724,1.715432531606547,14.0578607394849,-7.274396559846143,5.031968,12.9618
244126392082165504,57.637100212620076,45.14447031426936,2.5609210410755985,-7.247155661271253,-10.26032340607501,6.6085043,14.893302
244174152119539328,57.94847801217557,45.56915624586095,2.370409784439368,-2.315670754706387,11.345852136282712,9.967152,13.419086
244326056520763008,55.03505703651183,43.59079677598215,2.3146782565059554,16.36511207453141,-1.3716226140190924,9.040137,14.489833
245337121882318336,57.49602967520785,47.1603835843927,2.8709508291286725,30.253209083082176,-29.59273170950567,5.270246,12.533026
245338878530212736,57.60445071064623,47.23742089161741,2.2583833817461727,16.52427623479118,-9.273062589972689,12.303929,13.644262
245523974441315456,59.86267585331203,45.67272230225837,3.045455937527837,-13.049483023233526,-6.169429913827642,18.446507,13.238791
245837850650623872,59.72629539921959,46.72729311371459,4.003075252050061,-13.141503048200187,-12.911761097302506,10.743056,13.112675
245957491260124416,60.11748162107245,47.22872518434271,2.7346987873029933,11.474456897516852,-11.725059415413257,6.658378,8.884637
246786213784659712,59.927261113974794,47.936104074954415,2.660865395364553,-9.36137450125046,-6.246277214248268,6.373909,11.561491
247096310427437440,59.30937410202809,49.117163751999435,4.100802959784581,22.695696541211944,-14.605840134475876,7.030885,13.561596
247219043415581184,61.06739085155263,48.90553941265937,2.817141532765381,14.59741590987535,-23.793383604400184,17.520203,12.238506
248783476660060160,56.1187727235022,49.10867420444333,2.615229164218602,17.459956454472326,-16.734978902189855,6.305694,14.193318
249311791999902208,53.71846345863761,49.164964845082416,2.3001654847526223,40.67129341403235,-34.8488169152714,8.854926,12.723987
249490943672614528,54.5382062214377,49.21978840035395,1.2521675688269767,7.829541484822597,-6.7639076850504,6.780363,13.142177
250521667105022208,60.327146263024154,49.9336914354283,8.26767777332323,-10.404057091008086,-5.0618880356331255,7.832693,13.466651
251406632225908864,56.72183548020971,51.21455032652938,2.210863524276427,-4.440035697350825,-12.42815486874284,15.193615,12.568423
251745835863288320,59.16186570188324,52.13979056669584,1.2558667846371026,6.870289405033614,-12.356482460005957,6.319129,11.64629
252186121550464384,59.589584475540356,53.94124452554927,3.764149152161823,11.256581043787667,-12.347748421735748,14.86776,10.800048
252480545848559104,69.21631651677923,44.06664189676996,1.4337789753371446,-1.5856416048163648,-18.237973322897226,6.4348183,12.107277
252592597257016960,67.72893773999557,43.642011458779145,6.802858356121201,4.1787866079863925,17.49539985185188,6.7485027,10.847413
254387240749218176,69.8667796821085,47.220814751771144,4.190877530359287,11.429242536452296,2.2802655300086125,8.437667,14.490525
254748980074948224,72.04382263664289,46.192414892370735,1.654520026872179,9.50880536471534,-10.899170506009341,6.08788,10.587479
255285335590432128,76.40063333550798,48.522483124528094,1.872075207246285,6.0523520309379695,-14.054635874439509,8.587449,13.666919
255542926250098944,75.94229671573551,49.23457173996629,6.835005013301031,-0.6653276069905294,-20.468260521466284,10.958016,11.887371
255692047514603264,72.04037872404423,47.626253375493356,2.097271689493146,10.688931388874096,-12.088713934942088,9.297452,12.106806
257888188852235008,65.83684721569519,47.42666971199309,2.6911672748814506,-26.570714848630974,-18.491193955168896,6.061148,10.403811
259129086503294976,72.31131003560455,49.47691355615444,7.218408074786946,1.9785166307955953,-28.00159552417457,10.2941475,12.568351
259491689125025408,72.29001455557321,50.728159314470695,5.4579555694577895,9.386609180959127,-13.37617587635679,13.564298,12.64272
259588613647040128,74.49406464762816,50.76471513485634,2.652641863226412,-1.3202459064081018,-11.160354328758164,5.5336747,14.491918
260049210234862464,75.0176938452956,52.13432549186294,2.460980468389819,28.388450887313606,-32.25158665468431,6.6785045,14.655472
261371712269380352,78.51789346318743,49.26449041103552,1.6192187123005424,-6.461083692337635,-10.587481504336715,5.641286,11.706925
263528924018438656,84.55007065717963,52.26651532301359,33.724242346031225,-58.58809313374471,-270.4911962393555,6.574268,14.723759
264188832857802368,88.42397636897871,54.019824043633285,2.067734828188271,10.488366882852345,-19.22671838124228,6.4610014,13.881842
264436433425587968,87.55835908593487,54.84731181187479,7.459711792135293,0.3874265382929971,-46.86853198968884,6.0016017,10.658002
264744258028460416,85.23526264806705,54.06366220126936,8.092649366528663,-10.349947567459719,30.500915812785074,9.189547,9.940945
266734412729567104,81.60867929984865,54.84946132795534,1.4887158132210598,8.354817157736589,-8.10483012517664,5.727465,14.447883
268582004581335168,87.2322336776973,56.614620776407435,2.764353682665736,10.213928203726578,4.434343723474532,5.4292765,14.49509
269279163672422656,85.89494580039663,57.49210399867382,2.391504314458411,11.83760705016344,-5.905621848870025,6.155105,14.157102
269560359474451840,85.78742054860919,58.22184817217691,2.576648774314628,3.5669884357414405,-16.783199213046345,6.3695364,13.132706
269792596946059392,87.79822601575799,58.84240017647121,2.6119521961449768,-1.6019090999530254,-11.370178274925522,15.664875,13.638568
269876675225851136,88.76278912827213,58.936117343054235,1.9362714428926728,-5.3983582754566966,-10.789611426229424,8.41256,12.63359
270943824280122112,67.87658481742712,50.95429393087935,2.529833624354883,-4.842261228774028,-12.946351741332407,5.5832047,13.592997
270985120387805312,69.05502235067713,51.477103159254405,1.6554427005256918,2.0777131216026357,13.989862469013989,5.792296,12.21094
271224027946455936,67.40416647968672,51.63589308774173,2.390382332815172,4.721288198593689,-13.617936007784756,6.769729,13.997709
271260895945907840,68.17927194883151,52.09166481407699,2.831517423380166,33.999213292125006,-30.240466020577273,5.3622003,13.705936
272308455649536512,66.11563554455829,53.2683619863107,4.182596429654398,33.58099935204935,-31.769471330369164,6.262671,14.993383
273229021759062400,74.1132129006855,54.3067147224655,3.7784774239353642,39.96618490226964,-51.387283370745536,14.488065,12.489793
274060218190455424,70.46685019392953,54.9639065214495,2.0478155510338154,11.131941792769055,-9.389316273553748,8.771163,13.307455
274325750247841792,73.13714454957098,55.63996811812633,1.9366848231472877,6.305980782691968,-11.014475610628459,9.440574,13.992935
274353100600710400,73.8086009319512,55.873123929869564,9.844379951300436,30.89581313356569,-33.33781403775229,9.291639,10.271444
275185774503921664,63.973856220758556,53.3995283459927,15.779302481757261,-14.286837072621708,-213.07359619419083,11.540307,14.934205
276938048137078912,65.09044799648487,56.781782929091996,2.6286027342320746,7.766499470003533,-13.80007345915815,6.344078,12.418573
277372015930747264,67.84093386817862,56.21833070935086,2.9349195606610365,-7.114804349416248,10.319118403660642,8.133552,14.032734
277728292059036416,72.78878545257786,57.282893534674706,1.835688725940894,-5.359563092499021,-9.739331805879438,5.85566,12.830742
277802406013269376,72.78220257807665,57.82494287023,2.3191592523735403,4.601325384158659,-16.797999757582357,10.356336,13.896027
278166653600918656,67.61810520518534,56.91033983425194,7.646461294243458,13.292216029840338,-34.41789941831154,9.600249,14.0007
278314778432453248,67.74411829026438,57.25598604388451,3.310434078191907,-7.144251020911371,-14.889600804885465,11.619085,13.2624035
280678659712925440,75.55692030506536,57.43896446650969,13.454848792583265,66.19753020467913,22.068736039199067,17.639917,11.258101
281316101575868416,79.0029246824692,59.40489183240575,2.322886315080256,7.923921340278508,10.752049434109319,7.724112,14.044855
141962005007749120,44.65996186292774,36.56823840993228,12.887633187203267,-13.74887690397074,1.5647168135445244,6.810168,14.738936
142775746691770240,45.95403719015878,38.92247946409821,7.402456733443316,77.41798268884973,-61.58547090485385,5.143668,13.752
142943937611746432,45.9064404163627,39.53469909635764,13.523872729528934,44.63215337346212,-36.24377644555136,31.197626,13.29857
143062925384952832,43.37826333973297,37.76099032729161,7.3809913045677265,133.66800515189223,-84.71466856195336,8.353947,12.124441
143340380272313472,43.16118688376112,38.9751322714262,3.06627611094991,28.367947058869284,-15.802118400436417,15.562779,11.234029
144020943610531456,45.60311736103652,40.9590988827951,3.256529962078765,38.22310550788335,-26.528722701098975,5.451858,12.420618
205546865523160320,76.56897039000441,44.54849174063733,2.52788282570931,5.690939482838673,-8.785459846694442,5.783632,12.900796
206442963204222464,73.27670873429663,45.492729413444316,2.9309355496882366,6.480544167779179,-27.27792243031934,6.1284933,12.569053
206856521307601024,77.1043013060174,46.8929833939991,5.312356714939899,5.74975104903478,-22.76230483791279,6.522509,14.005169
209152503449663104,81.35870219389335,46.26252845348206,7.211299248627289,-16.00753889848368,1.1035493515044874,12.969859,12.186038
209161024667432064,81.07524731574468,46.288281026782485,2.6349321160401518,2.7272961872285704,-41.4063450787285,11.520237,12.567915
210556034340368000,84.45000732816307,47.00167726209926,3.156367095447456,-3.0909161620365566,-14.472867052627532,5.9912577,10.415674
211371597090459008,89.20692187665333,50.01153669714423,1.4897148869851073,7.310124677462232,-10.20305081864162,5.516949,13.674379
211614692238896256,89.01544605500145,50.55532842674312,5.664804924976395,11.520519244345971,-25.213699597841853,9.970769,9.232796
212434446877330304,83.18140834704296,48.15753564630857,2.493979561313155,-6.353641927534295,-87.17719506597659,13.270549,13.136271
212525775063742336,81.06496442278576,47.72808752731824,4.397872041748319,17.382927008081385,-37.21400125350529,15.090859,11.776297
212555839834773888,81.48330339408056,48.023661405767655,2.8413314338686364,0.3786340425034911,-18.65440248890318,7.0244827,10.828929
212904625537808768,78.44982102702285,47.58569047255697,3.6424996493786863,4.627015443626698,-12.956451629880187,20.5338,11.963562
213028629833322112,78.8461983486263,48.11656686780751,1.0724111673875838,10.479017740051495,-7.800567581024063,6.4708138,12.757125
213707578263085952,81.39804998794459,49.9677545048014,10.922468029857656,17.827550072182387,-37.80600267803548,8.405769,12.478058
214476961523728640,86.33256607985639,51.0146372699756,3.8600809551019446,19.279092616538282,-8.03205588382527,7.7024803,10.434101
215103786231037568,84.37476796383332,50.50720314154633,6.745632839544432,20.052721503772318,-110.37880251294303,10.83262,13.573358
215711983662896128,87.10705487295247,52.25502647359366,1.4747733881531577,-4.536859993531112,-13.014917696097214,5.2977624,13.585429
215880144518632448,89.25365292887945,53.256702430482264,2.3965786476253856,4.920421933095317,-37.212110924378514,8.761676,14.712957
216008409423183232,88.0960441258084,53.1532197121766,1.455613259590055,6.270338341075011,-9.419841569410792,5.4054914,13.525451
216032942275598848,88.33114250122757,52.89934166029078,1.1974674454855492,2.3545894978401236,-11.372122680836826,5.1149497,14.887686
216050701963992576,88.38485427225652,53.11822712759301,1.1637028456797869,13.309431240795773,8.400937324870075,5.7094316,13.5186205
231830068214601344,60.038875740055886,43.86423393761595,3.6453646715520285,-11.7413425834589,-6.816378798383694,14.012183,12.513686
232785616836157696,63.366577746214766,44.403304648585454,2.4737843245746594,11.565460773516548,-9.559937121353034,7.154437,10.792068
232788468694382464,63.586586829868594,44.56963845784843,2.738830956007307,9.953094655383484,-17.58490883451865,14.543263,12.310011
233048640633004416,64.75383799351769,46.142062714456635,2.026553384081557,7.61355332644031,-6.898613934753334,5.0239673,14.812597
233129145496297472,61.620623016477694,44.458584253649775,4.81644519383994,-15.497210451407879,5.887114074074633,11.154881,10.559477
233133543549865088,60.798672512882725,43.96722545913748,3.927511840725211,-4.1091910977060415,-11.175221867349693,11.186284,13.742114
233301253433582720,61.98741384891431,45.12303263814809,22.24153566034615,19.10533486965351,-162.09052112789078,6.068247,14.377835
233726283392912768,62.92053879011455,45.97636475157689,1.960699722908709,14.364883915920759,-20.54314563123911,10.567149,13.586666
233951339680916608,63.39489596076261,46.49448478822528,1.643370269946856,15.21244232289755,-70.10176017656777,7.1885295,13.117832
235809372591105024,48.91152105371792,39.28078339668284,1.7635336990684867,-6.507924974265199,-7.791083798250675,5.6682796,10.03443
236316114310632832,50.423714441105275,40.4595721775995,4.732947599504988,63.48744924756768,-54.10417396212284,6.398519,13.109374
237059727770105728,54.960520189134996,40.99100815696061,2.8708039381012833,-5.758170285239633,-31.47206492753528,9.425668,13.2954445
237482008954713984,55.15183512397842,42.59546241932927,3.2145882757217477,11.180950655667225,-6.493391191694267,6.406923,13.196036
237857281717366400,51.48911552005261,41.38553473679667,4.467904287214632,38.74077174391042,-72.40583241992924,12.534253,12.156479
238133675753956224,53.30758445342937,42.00491283319815,2.575672517620278,-5.848253559626403,-8.613117058894838,6.3391113,11.698452
238567123852712960,53.99239083659241,43.933003130886156,2.661727024166367,9.605911783099987,-9.394448570031741,10.417498,14.190341
238635740249831296,53.5757868512626,44.26981754883152,2.7188213092399485,11.766337252677943,-16.523855875890334,10.480659,9.360546
239077022366662144,46.701202124744746,40.527589724565274,6.153473672913464,-39.16654536514273,-16.947727023936366,6.9215045,14.426546
239203152669180928,47.362544777312515,40.92806826169351,3.8741243472401896,25.67350755527207,-13.315342990332304,10.443667,12.651022
240669287002892928,47.09916058209872,42.93288618606067,5.291784156739808,42.54739376591806,-43.5251378577946,5.401775,14.59044
240991512629836672,51.20763473135402,42.575995434611904,5.570298745143563,-27.237168543729254,2.121628842980014,9.969697,10.362418
241162963428224896,51.31973247120533,43.28284497628765,2.7825328596394154,-42.26097721720453,-3.062000748625958,5.70449,14.229345
241827897384185216,51.96716817339345,44.805452455074956,7.598979214513316,-20.697243158868734,6.398568767877608,8.881071,12.554524
242115660190468608,50.14232539408239,44.22766810325794,3.6132408528133135,-2.8257341857155893,-52.70611328040381,5.9945736,12.336249
242320134996274048,50.21986146119288,45.203508683273306,7.523267647599094,-34.33173099602487,-15.717030395339172,5.4256396,10.364107
242446681909873408,48.20465599689464,45.18670978469739,1.7674160156414773,24.16911369777852,-9.148640425932436,7.340526,13.721781
243210120938034048,56.48831049326428,42.256374899153556,2.6008278341704627,-20.25084035223464,-14.105072551200607,6.814019,14.097649
243466822542773248,57.28376937900371,43.963190316752474,14.695875818892315,-3.4525984043286657,11.468565264502692,6.223082,5.9132977
244210917040132992,58.622657350997564,45.56256924426313,2.050204733425704,-2.857109032097256,-18.583921727101114,10.067548,13.882287
245603895192816128,61.32065059890237,46.2983069118602,5.920668387244824,9.658651264295301,-46.96036452498679,5.7157965,11.269639
247118266300197504,59.64523254965231,49.196251444727736,1.4201712579829389,-9.601842409779968,-8.57424003494231,8.798274,13.991099
247863838262584064,54.85346644273274,46.28382399684001,8.400447318775273,-41.76099842899997,8.323710720010556,7.7958956,12.0738735
248272238113282176,56.22351533966693,46.917363460690176,8.274976002130666,61.0168005513445,-96.12150573254051,8.122734,10.343949
248535777305749376,57.212680780096406,48.717398838533995,1.506443826257894,-1.2419387147285263,-14.56710528208986,5.17747,13.437135
248735819704317568,57.12683783128331,49.09486916249017,6.679844738245616,-10.88030403246716,3.8456518791255063,5.633185,13.781429
249140371263690496,52.205983907729895,48.10513681150236,2.1841371714731417,-18.09576826744413,4.4798691996371005,6.62792,12.565697
249583096491384576,56.1838533717083,49.6580533399395,4.1570539146055365,15.452998574322901,-25.940552601613746,7.320192,11.232121
251458554090998784,55.78313889339269,51.41263221426989,3.3674305485590326,34.97387971170677,-0.5596770044838145,5.17388,13.249801
251640454546120832,58.94948736024332,51.400738124067,1.8263633590091315,12.278139976499963,-4.733117149304997,6.2850146,12.571758
252390184032999552,69.61189064493257,43.43595572033445,1.7738564238776011,14.452058012271708,6.577675640455264,5.742951,13.404231
252759551222720896,68.96929260869065,44.83084061173576,6.149343674336672,9.15665264800191,-18.76171146071462,13.174384,10.063152
254199155543005952,68.9323840077594,46.27924400892221,4.314427090536835,63.91918205632636,-10.06957665618353,13.22242,13.605468
254410193054357632,69.99780503935509,47.45654597276726,6.479921682640245,-15.916224245037677,-13.893001617240632,11.705023,14.927401
254530658297186176,71.98324045818798,45.64564125051266,7.560244935953058,32.55734889129755,-35.268269647314014,16.150028,12.629425
255291932660023936,76.94812648696973,48.72847960879721,1.6243128748649691,10.621877502717881,-1.0659429486913208,6.1638474,13.609015
255381371056116736,74.36379120377947,48.05193941711029,8.235782216377538,62.67660831867359,-101.23117508973843,8.770225,13.446673
255396351905882624,74.44105853901323,48.27658618410944,2.012857130146166,0.5955880760344814,-10.21392639409909,5.2957625,10.852874
255436518439715072,75.21676143916648,48.77625539327026,4.113254745693467,67.55695252799555,3.083599786953764,10.523207,12.620547
257197901709260160,66.55768770704864,46.99534557627648,29.641533051203414,168.66233784207608,-119.39167852598666,14.269908,14.536127
257528712969325312,70.1706237506864,48.50491792650293,7.214216651812809,5.277872966632973,-14.521735205218153,5.224917,11.061354
258475602938801664,67.79764463124266,48.87892563583203,1.9696142399713656,12.79021026252726,-20.975882679891757,5.555897,14.511652
259726052600789760,75.95357850784897,51.488285677759805,1.6426291244282185,13.136822291734514,-12.981437106661193,8.310317,13.358057
259789003936246528,75.34398806543271,51.64800312968954,8.877777775625054,27.384967092054502,-17.323450597558267,18.794287,12.70631
260905111319324032,75.34284287807942,53.23798923692473,3.1235799704275307,-5.2369157593912625,-16.826632337692292,7.3792486,13.871958
261120787397827968,75.21664114236454,53.74332360987041,3.829218811978251,0.9700566550803669,-15.591102529997316,7.1183457,14.72572
261726923243280512,78.31258534241707,50.55751948787663,2.8224955186901055,5.874027769746423,-17.916779301552353,5.1796346,11.5583725
262334510792767744,82.73131180777207,52.75895687651422,3.312218857408507,-10.876335485133943,-29.40685535341754,9.115324,13.550763
263203228058344064,79.479518302657,52.49509334231993,4.580986850325358,20.578629997931657,-76.5023570250896,6.0744567,13.437542
263680416104118784,85.01843348788826,52.781231700636766,3.8042450608689387,-0.3031606018859908,-12.456266465350575,16.996746,10.130726
264020680593552256,85.90698398802336,54.173967384567966,4.605456507578932,-8.932038753807056,-26.72508327119992,16.306396,12.969714
265250587428379392,86.64997037538092,55.21284326693323,3.153242174611291,10.172598448009586,-47.29804246227427,15.498664,12.994967
265464098842937984,86.89806056904071,55.726701408225885,9.031270480840757,6.47722827554197,8.130631970274727,23.43175,14.99721
266044086929082880,77.12180226123215,52.8458574747142,4.099036877332886,3.26525299878342,12.774716361283543,7.516194,9.48351
267784583774347392,78.90794967234442,56.064574272426704,3.2844996190241385,23.263341413180097,-71.53125320714462,17.742563,12.192292
268183088019179008,84.42513965708677,55.76518235522395,3.6418719849024184,7.461742223406801,-12.151947427593342,16.065008,12.50854
268803345719935488,89.86020141260526,57.99015464779595,6.582890944343329,-16.96071720274309,-65.51521493206985,9.776731,12.495308
269259647340898176,84.780129120091,57.173867655664935,1.598293463621165,-3.718423607318149,-9.64904438291211,5.515377,13.883646
269496798254979456,83.02078678174065,57.76213851147892,3.221745720265102,1.6904119421054409,-21.562083178326247,7.6219077,12.162601
269526278910536960,84.56129570007379,57.801888628900635,2.4361491279395064,23.2249548875447,-9.243191455576422,7.495271,9.565925
269985355079115904,87.60790912118914,58.96269601845954,6.914234479898365,-46.271737796424276,-9.769492749864767,38.22456,12.033387
270609263509531648,64.18040631336699,49.9463594774021,3.242606994960571,5.100684548942826,-12.923141735948047,9.466026,13.260384
272183180042442240,67.71104877839113,53.374674739567695,1.687080474258523,-3.2606869826989926,-9.88889227499872,5.770536,14.955702
272565015517209984,69.29504486506923,52.10602705356306,3.3076488904615404,6.581524728869684,-14.713634596943333,14.516823,13.382484
272832098061064960,69.11902463328867,52.82044811916452,4.384435820290278,-18.393777855005986,-6.6034724795677295,5.516685,13.630167
273135013515093888,72.33000253944915,53.863157726298326,1.4060447837718295,2.3294409203892545,-13.224409299738422,5.8442926,13.44948
274685221831296512,73.1052141585379,56.71769740727431,4.552956395574345,-11.182134366200495,-3.3683615780499263,15.588514,11.147854
276775148617470976,63.241987329057515,55.89888560210367,5.895714586008333,41.10797992607968,-24.386730025938522,7.492709,11.955101
276901424962140800,64.32511458864693,56.32658576574973,2.980518587431469,4.751459993307933,-13.762314030361733,6.9957337,12.033141
276985606313982464,67.92230796655471,54.75610937009094,3.243287906164931,6.116260079428033,-14.147185387176261,12.32417,12.654697
278698920307399040,70.56847496178823,57.961177667694606,4.048621343696115,15.443330858018228,-32.713243867347764,8.707455,13.471555
279430817091129472,77.86207788002082,56.077801719320945,14.578533104832223,58.36630175065944,-69.60201379382539,12.15911,14.619244
279848047397687424,79.51602567447395,56.68526953288082,3.433819022468839,14.321902321140477,-46.86714599790221,12.046625,12.763796
280498885263100032,76.41591272126176,56.85813975206606,3.058144632834288,-16.769383743724944,-16.24513635188287,8.044821,13.84946
280930894551521408,77.74118697315829,57.68146997209464,6.287555028593578,-9.110250377394003,-27.920856068249147,5.373765,11.421776
281623896114484864,83.99911124782392,58.46992116522438,3.0331976872119917,-0.12536468825647074,-23.755524766114377,10.149605,11.581105
283020447679958912,82.74002584582057,61.03346499321996,7.533913929635507,-30.998359984736737,-43.024743617415986,18.882019,13.081096
285213423621946240,72.71796404210326,60.28183335266032,2.947560079792032,13.616617616928407,-6.115271583081322,8.868747,14.137065
286555789881042304,86.08357399052484,62.353261367583556,2.2452950809848264,8.44889552883092,-11.451450055159597,15.457642,11.965314
286774794556068864,87.65056086386544,63.402411416289624,1.0259117177920978,-10.371492910268707,7.98380164886057,5.645231,12.312521
139326338198320640,48.46244497290544,37.70207489011317,14.732538067267932,91.32213782788983,-31.348440132289987,8.388592,12.462512
139496865579930624,47.67471454692296,37.68609481552731,6.6106398098354,4.925912626532339,-14.828277764292757,9.7285595,14.486172
140716155254251904,43.71869230543811,36.78588158352282,5.71744098250707,23.333135598346228,-27.69845166194646,9.558324,12.259427
141409431695729536,42.253176834014056,36.59228078528239,6.225769622350517,6.353594136379858,-10.711694576934907,6.760823,10.20039
143367009069453312,42.380597338617115,38.802031072702746,2.60812283347028,3.1727579397472576,-10.996610755157718,5.5179577,13.775736
143829521211775104,45.62759007580744,40.77202303430053,3.604874805822994,-4.099824725607073,-34.17920868466918,11.707485,14.953644
143852924488482176,44.072616866897675,39.773926129303746,3.0541785480619064,-4.333988769959852,-10.512364014366657,14.843947,12.786324
143920853692829568,44.05355811558363,40.31004733684039,2.6818714155378416,22.22571708691025,-7.82228662685435,9.105339,13.698191
143978509333863424,45.10712494932989,40.47542233964493,6.369701552818042,42.04025088583039,-8.118712051460616,11.533571,13.865026
196660475108514816,89.80515340298257,45.04134629131526,4.101061521578564,15.244114904357726,-38.06080142616406,13.262352,13.982278
197833310416512896,88.87949705746546,46.633862891921495,4.238870834912609,14.128497135795728,-1.7721827059417024,5.3317246,12.133762
198041977108103936,88.68977127105642,47.00554264963774,1.814534082876955,-16.12977264668877,-2.1678663372418603,6.4750204,14.140365
204700722606199680,70.92154047777215,43.66179358022454,1.6932931806972924,-0.7006395911714809,-11.506811039277446,5.449433,12.862335
205427637232139264,73.99236815180382,44.21119479069489,3.492792642163308,-7.1010982359312855,-15.140892801252969,5.558538,13.13456
206372667476977792,73.40438350282434,45.09938413619628,1.488669475040955,9.530373896357297,-4.312319298461849,7.586299,13.36869
206587037886328448,73.96407250594409,46.13107948823883,4.22863798703415,10.547517604408444,-2.5743616299479424,5.2749505,11.120372
208120886664916608,81.84061490587887,45.205162985546586,3.080981167120011,6.60927805803822,-15.069461574950651,8.794962,13.680674
208664290228941312,78.21382303041386,44.96896273707668,5.918560727761021,11.36064494718741,-36.24294981934564,5.670369,10.380982
208935251122081536,81.35505522568684,45.698660627858644,1.8382475254657067,4.291911374841438,-17.519682959002708,10.824535,14.250282
208939339930928128,81.31019530942,45.799728572510816,2.4323093481925313,-9.354372806817356,-26.375596023526718,9.277259,10.686708
208971255829788288,82.13225800812346,46.11765119772876,2.427443688659199,17.659763339272118,-25.71341789555364,6.4460697,13.572674
209608701993676160,86.70444185242908,46.57856039451855,0.9125486880197842,1.0977518022308048,-13.643618907706557,6.2189326,13.435675
209642340178443904,85.86855125405651,46.55854014260912,1.7456502710873631,-5.59735447241049,-13.404513961949434,5.0655084,12.159931
210033697597315840,87.76464834308246,47.225500722489656,3.1937376224654566,29.449111523827785,-41.201315828398315,6.425597,13.494538
210757588565183360,85.58061002735423,47.96299613320039,2.3808204134409077,5.251057119446538,-15.948305103127106,5.759737,14.317282
211634376072792448,89.20069676004766,50.542392625322485,10.584762355947426,-60.436236701232126,-24.00371184404998,31.5905,11.708229
212244197006376064,81.37659753785648,47.00178321868448,1.701033597004848,11.763845978816468,-22.886161774804485,7.5781364,14.505313
213632841535486720,82.99370027612119,50.259000664179794,2.328406132068062,-14.112108980158991,-9.308795308334638,5.1460676,13.704853
216136154632690304,89.0233942377394,53.85690162084049,6.945599962036218,-27.990393522049136,-13.484902453057183,9.91265,9.752059
224537419901616256,55.01444751362531,39.58642691307024,4.0535664163118845,13.293449888471399,2.4089404888567554,9.173561,13.060918
228551122680966016,66.7593278743683,43.139228172573624,3.684716758665377,12.25911767760391,-13.146732939310867,8.33133,14.420421
230722933018117760,60.81032686432243,42.51673188577671,4.282439240891115,-11.8336519313296,1.0474984489789732,23.154186,12.497324
231046498673306240,57.85745437410528,41.938826156115084,2.12528677357787,5.24288578093536,-10.62247645259827,6.2739577,12.759323
231351578794675456,58.01783849981799,42.98315284790795,2.1348441150632733,9.383801866312162,-45.21231541272771,6.781899,12.765283
231529871478785536,60.29970030043679,43.118590996513454,5.637226119767474,23.598354361180622,-61.584654131663754,9.5502,12.723294
232036643262490240,61.73411428412312,42.749312870414585,2.2623473996475676,16.083655340242178,-23.13701909800362,10.469466,12.417442
232527781358844288,64.22236281301129,43.998634759373594,4.192642675273996,43.61065910585054,-38.79095811869047,7.391954,12.131048
232873199809524864,63.13394775892932,45.011609752982714,3.553855591543343,15.128823473145236,-4.942454007469529,10.964127,10.748103
232945286540273664,64.54062799129579,45.45164541151415,6.389933746738524,-47.386777776112396,-65.19211540716584,20.985785,10.845459
233444155582175616,60.35393129883767,45.1490118474654,3.704154194764731,21.364654317204447,-14.103685389720344,5.4104347,11.527492
233661927603863168,63.66383754741396,45.52975241809854,3.6704560489251943,5.066759832755151,-25.857086075849402,7.8268967,14.603365
235107647952400384,50.887469202049594,38.49111441547946,8.107185325696971,55.36361984781865,-108.06832741515956,5.0280237,12.950842
236430871538964992,50.6931038613147,41.50766596830718,9.057530531196269,0.7048768755591963,-20.27026275012361,13.086895,9.662898
237472560027800832,55.43701498178587,42.532984451554235,3.3939621536940705,-15.76261262811986,-9.658845358194789,12.183527,11.570021
238495140201039360,52.796377015331245,43.43122153345642,2.3098902662334444,8.425344266445602,-6.931913930572098,7.880603,13.654537
238747198943036032,47.99446352015876,39.4476971513165,2.8969745794624364,11.08072979060076,-26.686033146467718,13.417121,12.4632015
238952154780409216,48.61953557390679,40.68383392278255,2.7276699152516364,2.9651482711001944,-13.202909314453372,13.991379,12.909958
240053006438844928,46.61769410149299,41.93741289386006,1.7840175199388897,1.9724939384889764,-20.63441909186305,6.2672734,14.232015
240581978908159488,49.00442987134175,43.42307384128802,2.182773778489666,3.6511434429246865,-19.512388451454406,5.361021,14.174715
241035630533654912,50.15236799134169,42.59405925389636,4.558207408340436,8.097884445779746,-23.09968385978138,23.132416,12.510612
241138056916505728,51.693024608669916,43.35260365223093,1.1366527019982893,3.1264103350531807,-10.01941448474245,5.609508,13.079052
241261232278264832,50.3834194777055,43.163361444739394,6.310330807482287,41.3358495546847,-8.509125577099702,5.009404,13.13287
241638674007806336,52.41313022478774,44.68478021676844,7.38736010826761,32.565812342586796,-43.389247114021586,25.086216,14.768018
243698682058325632,56.78296356516328,44.19816204916591,7.399744659412769,64.4851652649167,-249.42948726812966,10.837672,13.290688
243897968541436800,58.50845424676474,44.97235881300753,3.078641411229641,-4.851873369992163,-15.831711339187855,8.4348345,11.4523535
244849046094626176,55.757470647966734,45.90484092222166,41.90635062388978,-199.4275885033235,-14.308516186479686,5.111518,13.356269
245202264210144512,57.09077726492432,46.33103797466057,3.925469455041155,-7.880196075969192,-16.102752434726888,5.713362,13.189483
245323313565023872,57.25430433103274,46.8025608670412,6.06263616903469,17.783585612201755,-31.94420541745623,10.109866,7.8827167
245812012127528192,59.524591351675326,46.58334938284668,3.0102452458673894,16.797089279671606,-8.19670898324246,5.864059,13.771911
245935123071785984,61.22171504005459,47.55604059206265,4.874530734495657,17.296250737626796,-27.49448686269401,9.361175,10.850593
247040127954641024,60.326898131927145,48.869232244851545,1.713682593487624,10.913786837321195,-11.244736851991835,11.536338,12.346929
247420838152916096,60.727578222903674,49.18531114098526,3.038193562001036,10.155776645316863,-12.789575427450101,7.7136807,11.450629
247504882077389312,60.15046336476644,49.565548517934204,1.706536578012332,-9.879533121412543,-2.3258708115092532,8.81302,11.68394
247556902720675200,61.125150301260234,50.4281778548243,3.4196368533825345,6.919203265026191,-12.786691101121,6.8226595,13.8405905
247887649560533888,55.61454088775404,46.52997765309068,4.735781327905448,16.89346088192322,-23.301918528218735,5.258375,14.744037
248107792403789312,53.38484748601291,46.974459998898375,6.671321384036061,40.5659123874287,-9.195737489027536,5.9779377,13.8452015
249751905887529088,53.86118164145567,49.63351532533959,7.2807062007044285,6.497085213693696,-18.414801045464444,17.15337,11.654176
250277060127766912,58.14516335287196,49.648731519516495,5.266501521730224,15.028445117040576,-20.856181848061,15.758773,10.801382
250836471027389824,60.08004200328995,51.13879587691053,2.3874728200085595,10.163304267372515,6.034075830097972,12.470497,14.252051
251063691979027584,60.63659723224537,52.40279365344733,5.272014924811002,9.201413960250985,4.1259364626708495,20.4199,11.399074
251871008391246464,59.65920769996539,52.818657284519276,5.2275972119427925,15.009962533765375,-24.61151333243059,12.640196,13.812603
252637024396386560,68.48268807983999,43.72407739983362,2.5430331947003624,6.726152617070511,-7.845051775895865,8.32074,12.917156
252878947015025536,70.36490611468506,44.41354564326028,2.531599920404292,6.957401819038813,-9.029744818123735,11.898789,14.496091
252923928211257856,70.85595780817069,44.53490591037178,2.914753466306301,16.86301193332178,-18.15627682981732,17.435223,14.014674
253423896768289280,66.66370920018804,44.34915153051343,5.3030543865751145,32.92900110313876,-27.23698442314501,14.309472,13.985884
254002441743376896,69.44110946759548,46.0398904039957,2.2217538245088506,11.781005608333178,-9.407788170450921,5.2138214,13.826921
255499224962479360,76.32099803798644,49.0123704229455,6.9394558470206595,60.817450318328916,-36.381462539616365,9.186672,13.367787
255726033595728128,72.62717863880876,47.59363001783513,2.3209210285373594,20.69996748819497,-29.67138489582997,8.4017515,14.717563
256045201206341376,73.15441756848706,48.85945667493981,5.477756445603765,43.63594797364931,-64.61506151997472,7.016647,12.684028
256054753212190208,72.91853469334916,48.79963051130525,3.4109006123364183,9.934045747741141,-21.15059076562359,9.490909,12.89562
256220435871208960,73.93903687647921,48.81318541042768,2.9171046849712763,20.82498812044197,-11.235107909425704,14.298706,13.240111
256883888060412928,67.93980855839007,46.35485509176625,4.189570250769929,8.89630162783988,-23.378749852472563,5.4365015,10.606608
257157769533778816,67.1489545891841,47.20454312912851,1.895444095240449,-4.358252716197215,-9.847214147454318,6.8917994,14.083053
257380351919985408,68.79419659590042,47.57936829939944,3.32680702428096,-23.776003519273747,-7.250872342785907,6.2229843,14.2474785
257631040571161728,68.15719649318604,48.06950115921408,14.91682197328754,22.505047270250017,-50.26337248179853,24.707052,14.631122
257892204641540992,65.78504653848562,47.48745533536121,2.0400382502712966,2.0713596762930817,-17.72675809296694,10.944147,13.468604
258459110264603264,68.48240073813749,49.110920054849274,2.408564233835421,18.286844276261046,-15.420302595196965,9.540823,13.813191
259340987312984192,70.34800333605224,49.88400997552028,15.131113106921166,57.126131315010454,-105.26412512407362,14.20621,13.76408
259542331076851072,73.25194807292498,50.04507482020069,1.7994398769443474,-1.3306083193446652,-10.400924164470918,7.3420005,12.542809
260418921021252480,70.29959834646374,51.1901288479949,3.8329220401872433,23.72598567233324,-40.33976605186721,6.408981,10.112677
261050659171233152,72.85925944896648,53.03806341447495,9.0958257440041,24.574353893629777,-61.19905215305393,6.12681,11.700604
261565020155921920,76.76350308771428,49.4229660295582,8.801741538772447,10.884631974507341,-22.989601369932835,6.276409,13.343035
261723074952584960,78.43412563463491,50.51731310906806,3.6712039012654456,7.481485459737196,7.01398047827791,7.8198566,10.972201
261836397666189952,81.36977320520762,50.67722732970976,5.224946874975453,13.75999050311269,-42.11174028024968,8.442411,10.637615
261845812234765184,80.14047056155331,50.306094321935184,1.6469658148014856,18.001651232742503,-27.842178160308478,5.768481,13.724925
263578264603666560,84.46368378371068,52.390591717278454,2.896501446931008,-10.532928645551834,-16.42962505044467,9.053897,12.083833
264034596287468672,87.0749399406618,53.11327741608746,7.324470357866633,-15.911630309240234,-136.2466757176619,5.6768093,11.76315
265881019909616640,78.0154065428895,52.532162067803654,1.4580737460110211,11.238932164377925,-6.1062767185813644,6.8759017,14.10376
266970292335238272,76.55008101161619,53.975633335327885,2.297805246949217,-8.44108018967645,-19.55474791842689,5.015551,14.480747
267405939457422592,78.74787030960589,54.48010533959214,8.445710529579488,0.671178658462281,-24.619774948302773,22.021992,10.648323
267412841467017344,79.48519192609196,54.7040731158951,9.779458996453245,7.3441242328920655,-38.66017113796616,18.52432,11.998007
268434154626850048,85.81823770377086,56.66002157783907,5.616726809881916,-5.425719962315007,-11.513992812611953,10.428575,12.249804
269263598710822144,84.54694472280207,57.254167848922876,5.424750930418684,-3.6463861817982473,-24.200511830390237,15.769627,12.9890175
270213404958975104,89.68723467019498,60.290264092154146,2.275411512654836,6.921793030954152,-21.36228388559112,8.659311,14.497068
270286831719035264,64.07837507385037,48.60816144404351,2.367089018401225,-7.480849347243089,-11.359112609672867,6.563042,11.461917
270346304132768000,64.71426557266521,49.396301814283206,1.6924832622064403,5.213357809939135,-13.134690924505202,5.077203,13.519362
270734225578125824,64.71253613347146,50.58988352135536,4.496213892895965,4.46036681733565,-14.524785670426791,6.9661446,13.056916
270741067464334720,64.93144573132449,50.6942967401654,1.6358126110446563,-8.764030861712563,-9.262816872342723,8.86337,13.920636
271758940357889152,63.4539713189491,51.843346604794675,2.860209559954732,45.51271149693327,-16.76596917543489,7.629411,14.748175
272289763951679104,65.36110236411216,53.02574185533748,3.519755898353679,9.828573931338603,-25.85688510463665,10.518576,12.814623
273248125773242240,73.41632541419233,54.21331319575387,1.3794813078491919,19.917413606409855,-20.381961799582605,9.557215,13.293725
274215627286956032,72.00009389023595,55.14457637308105,3.942120882143268,5.5558274308069056,-26.77610014198453,5.455157,11.016738
275167838719550464,63.0439688016706,53.334135887519444,3.1714117335605767,10.221263637317373,-11.2165383906659,9.372769,14.543515
275390352381197952,65.36178718724408,53.684322361683215,12.87937766389565,-25.58462502958664,-32.61442324373856,12.620463,9.881196
275741165308696448,66.33914225609615,54.81502210158594,2.457224301615655,8.716122531754216,-8.761249348160487,14.081514,13.636749
276232131613877888,60.660983951596656,54.67997989200661,2.852563804314109,8.812299461253998,-11.747050583309479,5.5736423,13.855581
139557716675931520,47.58874120008049,37.97681892781939,1.9096344775935883,3.785409263127761,-21.38396293909724,8.560322,14.552521
139611352227274496,47.81117688486243,38.635751383345124,6.464333638806616,24.169801905396845,-37.47194565526195,8.8865795,13.135656
142744371955421056,45.986750759850764,38.37451538473374,1.9297569317972723,8.920520161638592,-7.028771543501491,7.015723,12.637318
142933904567492096,46.17094971503834,39.48232040206481,5.753256174779054,-2.6909186612535105,-19.326693213766426,5.448826,13.56902
143557529522185344,44.92037851380045,38.86969463850915,2.4244452541823533,10.927897708546503,-6.04287962482126,7.6041536,12.860438
144099489972231168,44.84045603550716,41.37712594213316,2.555796815884572,16.090248449979175,3.740711167901836,8.860998,13.110198
196661231021860992,89.85233429621546,45.05972372434149,1.2798783844180843,10.866759337950326,5.734161411209546,5.388571,14.137563
197483768798353792,86.07366025540229,45.56688239181773,8.442593211134188,14.475953560123386,-43.01788892355292,18.87164,9.877054
197644400575552384,88.23350650541464,45.76915016130077,1.7379360159602466,3.580823311141695,-20.02953371213149,5.100399,14.115219
197768331855937280,88.86452337409436,46.362648530034996,3.752838592799472,12.806898211396733,5.377608530235326,12.714401,14.339752
205333727770146688,73.60105626862517,44.08448025577188,2.0273289293733607,10.917832184851612,-28.380392138641206,6.4275575,13.322787
205896819458272768,76.14708074690813,45.61286836890832,14.426073321401459,107.82594405927773,-90.87342181873461,12.07602,14.058781
205908192533042944,76.88249179490012,45.26218482114802,8.131512496610794,-17.09019011818117,-7.641919451814111,5.7075896,10.880913
206768560381695872,76.48011148827518,46.300225418312834,1.2270766204091865,7.4659713961567995,-18.1235380862893,5.161319,14.304608
207061855108130432,76.82636873609677,47.108379538889245,5.516010968985757,-24.05265681799291,-18.7745302746105,8.690648,8.877374
207088896222504448,77.1497350976785,47.4918586390353,2.9542879226322034,10.920601911419192,-21.168260273513315,6.876672,14.133165
208412295905233152,79.3449449742895,44.65944305395079,5.8894081186777285,28.803741404279357,-2.2110371784093727,8.236379,10.693447
208426074160275968,79.45334543182243,44.781027231931866,2.5982174330127803,-0.5598787070083469,-15.352723383242324,5.762214,12.826977
208427684769667712,79.49263881109034,44.84988160665162,1.9318772092290943,8.364987338660148,-14.881417877929476,9.564962,13.959509
208495618270913536,80.76480705175028,45.13515213128348,1.8833706089980977,12.20876627078936,-12.641524929083246,7.295955,13.629022
209386360126870272,83.19112178902613,47.59840653455173,3.8587542875543055,-23.075324369719628,-24.8055819507927,6.024297,14.030446
209770776879299584,83.91098651138601,46.297782046783794,5.625880365859132,10.487288208902777,-36.87580556082446,28.369164,12.865493
211961622521110016,78.2525530790378,46.16490417179924,2.298036867892936,-11.394689105667952,-5.552961221880918,7.690428,13.136549
212512718360834432,83.32768630313015,48.824985750644274,2.4644535387472084,5.133852579507451,-19.332512574971858,5.9071574,11.213885
215514140289648128,86.24760113231726,51.97340293370477,13.677135113090065,6.465793807931369,-145.29763430867203,11.792882,12.649899
215996933270596224,87.32000996688285,52.83288372048217,8.17586290027393,10.467587595389697,-15.553669763552175,15.914563,14.245502
228556448440352640,66.78490759958943,43.325350104409,3.373189606002651,18.25639834178416,-21.236252424772978,8.722042,12.8214035
230312540302590208,60.747903640623626,41.13299896493707,6.982271956249924,29.810984863019506,27.04941836933093,7.0483136,8.92536
231157892950570240,57.31793656928254,42.02850259398978,6.567386360407513,26.789456061289172,-29.442228778284466,21.706774,12.766253
231217919413412736,56.91974552495056,42.2464788131984,2.2271916593142977,21.88007503804473,-21.929947157124094,10.189521,11.103334
231323197650960768,57.38433927861042,42.623435608738944,3.585552505238983,-8.780517999999287,-14.651984334645217,7.4335985,11.868696
232427038607367552,63.17761528292909,44.50094664757864,3.8240195979431975,11.694447072487428,-18.821176086937914,6.528024,14.904475
232688756732747520,65.67567837770748,44.98891866655906,1.105600481674752,0.5782579183735952,-10.581985835859985,5.958292,13.37682
233339495821975808,62.32071193919627,45.558006792121,2.3037634026924247,-22.115349907986378,-7.027632740572713,5.484535,12.510942
234172685113363584,64.03795112804485,47.753125876356194,2.8240835162318674,-9.348680837961126,-3.8251484926698747,6.4403667,13.491817
235328752867767040,49.3730426958812,37.58564625749872,1.9281745254446268,19.01124544905636,-3.95039037515086,7.442177,12.7443075
236184963189641472,49.97088702982725,39.974096078039395,3.245562499897148,25.261405310992817,-12.48258191001415,13.762093,13.280158
236440496562316032,53.38634008666417,38.78621477246083,4.842661528653429,8.369317279069277,-8.20621876660555,9.625883,14.987334
237071341361522432,55.177868815012175,41.301270800520285,5.747266343668181,0.7905983526842837,-18.664910870519282,10.60179,12.186728
238376530383355520,54.564544188163886,43.54605123152083,1.1423852532798187,16.644070798234942,-0.29781776494799633,5.4875097,13.760271
238910996111561472,48.32567414984782,40.08154749539989,3.7406484615638176,11.623343691362688,-6.998583383523666,9.643818,13.107944
240011675970290432,47.2178011915164,41.72000623446703,3.8932740586011447,-21.813983029056963,-14.78540392609243,6.2674294,9.886864
240177388691153280,45.51699672248116,41.626923506828646,5.684415976821973,24.005994445001484,-22.42852408294584,10.713014,8.570847
240210064802313856,45.61253084124271,42.06603659045647,3.4536050250834256,25.918610400450014,-1.3756423417685888,18.354954,12.258067
240446670258072832,48.189436085043255,42.841134190407224,8.340452891134126,-20.10330081719704,-5.231888594931485,5.3544135,11.0727415
242275604776662784,50.54916665287777,45.15286943832539,2.8080775090599244,12.888799471785191,-11.344818642147917,8.654349,13.709194
242642566781013504,51.34765420209468,45.317525381311604,17.06380925360422,227.3681118553386,-68.51478901299708,5.5113244,11.672968
242946066345628672,50.44737238007934,46.42740895472436,3.3377542261573163,45.68462051798769,-43.368760914977344,6.5105243,11.133437
243081065761354240,51.311392302568656,47.08790351738611,1.88569450280203,28.810420731990128,-11.355172808297969,5.6781673,14.59574
243158100294179328,50.907634197913,47.623515787295936,17.791958309221897,51.575418443684114,-115.5512178047978,7.0524864,11.659144
243256536645323776,56.85732610762053,42.68171348214127,2.4583854067410225,1.5309713415039448,-10.473463914912184,11.737837,12.013138
243845466860362752,57.731272035655635,44.05334954728414,4.454571473900019,39.76680924471971,-18.146023732623533,5.3921895,10.852041
244061963273722624,57.2988874791667,44.58032552274125,7.9206464923952336,-11.49592629132648,-2.868643478118037,6.303518,12.908614
245190788057191040,56.40928822039876,46.34661174041709,1.7313353412365609,13.902823127333267,-3.4181171655381153,6.0831647,14.486084
245426457202040192,57.93131400782968,47.769627055033844,1.9177664464486694,11.324983347650413,-5.064570599537445,10.834668,12.335583
246180245442438400,63.53324272109658,47.98134791407677,1.9718239136162916,7.064637426256606,-13.308614703102831,7.636349,10.419335
246577821977729280,58.90812039364287,46.77306824843223,2.216581795434195,7.696114070159592,-21.40290090642749,6.4070835,13.781983
246719452817871872,60.08542575727253,47.57155800898154,5.573559086289226,20.273786535050156,-26.93465434048018,8.452597,8.324927
247265669580930688,61.360986065863976,49.4053311031392,3.710826274198821,9.800637958212455,-19.12975902277369,14.112868,9.985537
247812779689899136,54.41150490954465,46.048047496501,2.324844517165857,-2.5621109475853467,-10.163535129517133,9.226624,14.6165695
247935581395234560,54.71058964607549,46.60337789891097,5.466698871772832,17.04175921935154,-28.602412207712952,6.4784517,10.1480055
248041615548203008,53.99788996774645,46.644138728853136,2.6414345653361013,25.715302503381928,-23.551688511293392,12.298286,12.749099
248267114211708416,55.84180991092691,46.80221422842988,2.019532227444378,3.2105481577354396,-10.034188179073128,7.685625,11.867737
248527737128757376,57.15181744165233,48.53818482565622,6.523190062944616,23.297605873031717,-16.4673626605474,14.465572,14.70902
249375323154317440,52.96540182579535,49.333327623360645,5.6040761228288485,21.319230521577996,-27.186346226281152,8.730744,14.525992
249671401020699264,54.151701941400155,49.12381195427889,5.346715688388665,-5.619549999949115,-18.423160478214868,19.472734,13.84316
252162688208936576,59.27697169678775,53.75720895855203,2.928595751428856,7.488172095923581,-20.904686076799393,6.7896543,12.362278
252569266993164032,67.36304422964848,43.481481906652206,6.1833198200709605,-25.04114281219185,-7.326926539709774,11.514691,11.77637
252677397088788096,68.75615581627581,44.08825350272144,8.381065596293304,19.416114570310867,-239.28236575188905,6.4973006,13.765236
253948398170331904,69.58918133850136,45.79502136884153,2.864727638171192,9.570412876786502,-3.5005892913663423,9.854663,14.756268
254429022191205120,70.64476212945857,47.71419933365593,2.408865057329635,9.629502900643015,-5.433474433252691,11.013773,12.075638
254710325370183552,74.14010835092282,46.91316201852979,5.924335463202218,33.22492043171167,15.575605181690047,5.0636578,14.061201
255036704224716032,74.685937437511,46.939424421127605,3.689848391295649,3.8995841012241677,-23.3898641888035,12.424477,13.587953
256123885005116160,73.2458735759333,49.40578337869825,2.4704574893257285,21.515125344363533,-3.498242997485792,12.876175,14.502541
257295517726226432,68.59985379315265,47.08543595364452,2.644546138612534,25.523489773523526,-26.14112707087306,5.2738724,14.741887
258392933407761664,66.5429568559627,49.57181030578519,3.445503131688555,35.485456290209285,-34.88624593731106,6.8960247,13.330604
258810369871025920,68.01891643495019,50.28603151051778,4.490635085196635,-14.539243791015533,10.137760928117165,8.942091,10.662362
259626585454269824,73.85892788077298,50.54081706484628,4.12793985194091,13.742481654750128,-43.59849184222747,13.406387,14.157988
261674490283859456,79.31139058564472,50.40901533677068,6.21486005643945,-1.181147849500939,-17.372955360707095,5.1524067,12.245971
261848320495671296,80.04966996187672,50.34024954280052,2.849470977239524,-20.654263709924592,-10.706504354099838,10.102848,12.683261
262125088188242048,79.75836909384238,50.97614770201807,4.779559693106916,8.627700945575018,-25.596718964336432,6.2240057,9.732426
264111940058424192,86.43100213633211,53.44798756518826,1.3012315679781659,1.0708501948704081,-12.332402780012751,5.4253054,14.357102
264753883051241344,84.89710104683486,53.98717621639773,2.824125160185334,20.467315558989363,-14.27786030088577,20.073969,12.619465
264802463423790464,84.4912160958411,54.12660177130144,3.472924231297708,-8.612995427926379,-5.201326484854764,11.782605,11.981814
265048341712348032,85.24876731956381,54.838420317054776,2.114195127879488,-7.115486757179088,-15.189122833456985,6.1612744,12.173542
265772443136463872,77.13568785828359,52.11809924617796,1.2412573943290113,2.701781251747779,-11.432489417334505,5.199105,13.981615
265847553524030336,77.41372076904315,52.63063855723901,2.098030389467508,-0.2892914561438733,-17.17144025563349,5.6932178,12.535345
267002453050303232,77.02097864000336,53.948422474277606,2.277354575971836,9.044492027108225,-18.520760302733734,13.713041,12.632774
269839089968696320,89.58921797266723,58.84303140852027,1.8486319260416624,-9.15768491936834,-22.69771986652053,5.3870907,14.517302
270307172687197824,64.16959115863494,48.93805816657724,1.6858236170678365,2.4383880741576904,-10.420133065158408,6.512466,14.953162
270866136911309056,66.8297062971206,50.58552998137508,3.2359744544620197,7.573838987106123,-7.605553493647033,9.346295,10.646181
271425857050632064,63.349321947641755,50.45498664682508,7.297695305461011,27.34452042611491,-49.91805698869092,8.839517,9.124873
271738427594744064,63.62542926779181,51.542303872366126,1.6596761512192864,7.551240428240346,-9.403614258703278,7.041063,11.800671
272545842783024896,69.11925415675287,51.899094182353195,6.436041688474906,11.28617143883978,12.016159000273525,7.737958,10.697496
272624221644060544,71.08440430156973,52.46347906739104,4.576269986515177,-20.562552263762342,17.922397655670753,7.8418593,10.829951
273181296083518208,73.96930578804124,53.88408879617795,5.95629734878695,3.5202709377534944,-21.9520965742601,5.0689344,12.872615
273472593647907968,73.16789144961778,54.68858962238347,2.0955599090285437,70.25943241132222,-51.28511015085621,5.552959,12.271126
273473315202422016,73.36310133930418,54.697322757198755,1.7393461654910938,5.946745291334491,-19.451543497891663,11.460967,12.599113
273601236508615552,68.64570298604858,53.10316089979462,8.191315630304365,18.733165892219077,-51.48314194275624,7.252531,11.87349
274275615090155008,72.22984050796589,55.45465894756549,19.673554682017024,85.3963189740972,-92.73443952952728,15.135834,10.891292
275561154639549312,66.76045928674814,54.93743625179906,6.943504386273933,38.428744359517026,-87.98207475072302,7.0287933,14.124869
276058305698236160,62.20230064143384,54.07558011474901,1.6459941152010247,12.802490760620456,-0.5043858476522336,5.7121,14.100659
277131944439543680,69.03014271319383,55.410901812317256,30.09392297788444,543.9124159491503,-302.82400193311247,7.072403,8.076589
277728326417929600,72.75057331274986,57.27882512369651,1.8578345751188983,13.491146596421054,-7.640964569669061,5.481912,12.9867115
278517329092099072,66.88661718867546,58.00329690291405,1.9536492715627416,-3.2780215637829944,-34.90717781524696,6.0527883,14.398714
278521314820474368,67.63065616512068,57.53905751425555,16.851810116640518,-45.82428292725799,-8.984329130990139,12.1622715,14.866481
279202565352637440,71.69688368094967,60.045939397030594,1.7447918505034061,9.52339147857572,-5.504903608693986,5.6486588,12.894997
280706555521798400,73.81221394266035,57.195596497041954,4.337334040891866,12.08737652947802,-19.415950108547783,5.394517,12.273119
281085955753447040,80.20569975271256,58.776026022525585,1.9230276051858142,5.330564545846992,-11.345563324627497,6.9006066,13.968903
282886857017715840,81.22501250201381,59.806459072908666,1.3468454796918912,4.911056970800822,-9.765222069812753,6.624261,13.921045
283707505008574976,89.83117069674704,63.16092817076679,1.0442552608561653,11.312771131332207,2.3808460144548342,5.09713,13.155215
286075990493158144,81.53302788888618,61.27224069231084,1.3213723500195913,6.963666117454549,-18.498450641710214,5.7021265,14.987201
286810631762662912,88.91817094373647,63.809399429020026,7.615885522582681,14.272180052467737,-18.160728139968377,7.960254,11.490565
287715327970861184,87.26861927900396,64.21821194424811,2.335427614601272,12.570635453625961,-15.683285300261437,15.704396,13.864142
287955876201918848,85.18803195293653,64.44343326295811,2.3610464166383056,6.979816460508855,-10.013941775760369,11.356963,12.429162
333242393625137664,34.02407488345589,41.352375734691805,7.50266536984237,36.39902750608965,-24.231445749924866,5.0961294,9.550212
139014759794337664,46.371123408808316,36.52076277307741,3.8468996849024903,13.363512518254543,-24.194551365033256,11.421775,12.435537
141509384174964864,43.24841440211023,37.37600410476784,5.398551015892412,-14.826732176692307,-12.280757715773758,7.3444943,14.016647
141736983082014976,42.24440716200852,37.51168206064227,2.5960634141307635,14.776667958761216,-7.30738010441074,6.0576515,14.00939
141851469730550784,41.90888302623807,38.2951030766951,5.08043696719672,24.760267830763908,13.943616337800753,5.472076,10.567365
142240593766917120,43.71226158623306,37.23996752558073,7.7104686585664135,-0.22470880823320094,-52.09486620699616,8.606584,12.496699
142868960365263360,46.3506461791609,39.047626488987106,1.4299010212462764,9.369900470013928,-5.130586881370585,7.545539,13.473668
143005201024697728,43.760812562175964,37.62833377456513,8.207767017158794,40.209044758979786,-114.09399353723325,6.5678663,13.8127
197676453915492608,87.47846320747826,45.72765479718908,7.206898392351246,-38.92528660568567,-18.499551621451452,6.194379,12.923732
205770891017677952,75.79617560032614,44.6242184421781,3.3696627130779206,64.80361487667264,-29.034438615473867,8.180421,14.86607
206184096935742848,73.91844389140596,44.40915053020235,1.558230173453689,-5.341806737907483,-12.918224552627322,9.530751,11.93649
208114328252920704,81.6542335424006,45.30184507887032,8.464541327776043,37.954589566163975,124.47906507560444,7.3818827,14.107348
209596671788516992,86.33905271078712,46.34375803350616,8.11919493168723,79.97683662568214,-108.61534487047138,9.492878,12.0188055
209830734622434944,84.85834258597745,47.136082293376106,4.114984382499259,-6.57342729690075,-35.075850962553005,5.132757,13.712868
210921862474485248,83.98719094265034,48.19997384706029,1.2617917101011535,10.865097365374979,-20.160428907497337,6.234792,13.538361
210973642600244992,85.44206338006067,48.46560680562581,5.725521786754702,-7.290760097920076,8.928893587709569,10.049053,7.8569436
211101289029531648,86.59899423029475,49.51806625831974,1.3178787961281255,-4.660786511277687,-16.565744002766504,5.6435103,12.701778
213415516188975872,81.05677432726736,48.87854976951252,1.4474621207018077,-9.449635164818933,-4.442823044378123,7.6372566,12.419641
213473863323643136,81.38861346738277,49.23227927587792,1.7621485408794666,10.103863237418196,-12.028287545463357,5.8529506,14.763862
213928889338015360,83.80235980882817,48.43372011789783,5.255687877745418,21.58794233062399,-48.12176491858092,18.218645,10.782329
213999979636330112,83.80043736868197,48.87739455346792,3.688515060530008,-12.079000600068026,-3.1459770542968073,5.1156373,11.490352
229495598867320832,63.91587870134151,43.37661632393837,2.5224462009336817,-4.199693713542555,-19.612201618789925,7.773759,13.822909
229517971356364800,64.85944508171373,43.71410072620099,6.643302621511636,-41.10621803415041,-27.496825809182926,15.287093,13.556201
230070132351432064,57.99228183443456,40.545893059144355,2.8008360611060525,2.0915153138991127,-18.682506649868643,5.886768,14.614987
230722928723063424,60.81051490605412,42.51677841576366,5.291867932541665,-14.25338588608816,4.159401256860283,26.89973,12.408114
230998704281860992,58.80321257299177,41.743982569161574,8.995053950960934,-10.528713366231466,2.4547974718520322,6.829829,10.512453
232572513438860928,63.804535335503466,44.04028308220782,3.858954132101824,6.304706291795975,-8.175197838667184,16.088535,14.307874
232736344970513920,64.91078263944972,45.087682210578514,1.3725838781937303,6.712727581265005,-10.061588069532297,8.285339,13.454861
232923914783093248,64.61353645263223,45.16457241431132,4.718613374726066,-1.26577712989099,12.23105314919217,6.719019,9.871598
233019572294048640,64.59156698587576,45.91547560764392,4.046426800111284,67.37374284899619,-29.198503822022495,5.3138323,13.717764
233813900726704000,64.916580386067,46.5428325442868,3.394887119094278,7.878344173568777,-15.066275130814315,5.0799594,12.629302
234139283147991680,63.23274020901189,47.33950174247787,3.7007023607124214,8.397929849758565,8.692852715766302,8.637807,12.136135
234143444977096448,63.60190913950313,47.42482995564005,3.544321654311483,4.776311780198032,-16.053647032988756,11.589402,12.269113
234179557062068224,64.0826003304533,47.81432519299923,2.6404918371737174,15.179561748662946,0.21530820563963068,11.138146,13.383507
235103451766841984,50.91588691533292,38.40556435228439,4.900164860430124,6.589236386230723,-31.400593633079012,9.370247,10.777065
235638643348894720,49.0451858231573,38.52146680546003,3.337733740533526,-10.041561930569163,-4.505453998970902,6.363054,10.4028635
236082571168605952,51.75211135945378,40.486565813074186,4.953234760995816,27.21641159473328,-29.67012985808801,9.373968,13.961062
237806399244864256,52.5460799019613,42.05871301035341,1.6551594971832355,11.071029456281687,-10.649937574942564,11.185739,13.416973
237891370875668992,51.88757554809833,41.73967484639826,14.297110143064069,67.55149497211369,-96.90342554919772,8.780515,12.4187355
238736689157013632,48.31805725662612,39.398946422655015,3.679387531030132,-17.971607697281613,17.112603953830387,7.1114383,14.829179
242167886992544768,49.17612279356568,44.369749931209284,3.9479823555075044,-14.114581642433478,-17.40266895159036,6.3282146,9.34518
242181699608382208,49.49805472417799,44.54047357725611,2.619118337095248,8.903707009090699,-12.026288910799897,5.5144267,9.776574
242796807645637376,51.74988127653873,46.242408972386485,13.63210514433054,11.546718859220956,76.06564409707019,11.112376,10.516388
242852328683832832,51.8405662989039,46.50001847340235,3.7407293075967782,18.938688654305203,-26.433425094339253,7.8454614,11.788124
243973285088774528,58.7359929351292,44.7732978176539,1.2818029440968177,4.947655131867872,-9.328112350621806,5.246469,12.471112
244186517325435136,58.542290902514004,45.2486626564229,7.163511479671304,24.809602787329055,-76.69190119241097,8.389257,14.523973
244536608698764288,55.76494295858127,44.7839532537727,1.955353061294247,-9.187959159204668,-9.291997921105995,6.6863146,12.2425
244957210556136704,56.81081229895043,45.59419913133706,2.382068071184622,12.907498546366124,-18.824204451130832,5.530889,13.3622465
244979647464623616,56.682137727436064,45.92378078672075,11.206118237252545,31.156542091552616,10.913879336712238,12.283247,14.426121
245004867507839744,57.59096038916703,46.260123246518745,13.54269149453929,-33.8363272934849,-15.463676867308425,16.207663,13.577052
247189837637585408,61.52556914846924,48.88495937483604,19.56831957785992,26.280040154925153,-99.32060969776431,12.382035,14.118584
247509451916038656,60.15279222643469,49.677594069061826,3.3897002421480087,7.586574262863981,-15.323547622631851,10.272631,14.934162
247728735770921088,54.22705452602484,45.68350892342829,4.173083399059327,51.65024059028248,-48.6163711329195,7.495457,11.685201
247802815365577472,53.755727248736626,46.09428113874524,3.2206863141318407,8.811802267341887,-6.756929526587155,5.845622,11.810598
247893765591317504,55.34741563610728,46.50204619549247,2.75921889050484,4.2153118878112235,-13.870253790709155,5.1582723,10.69926
247937196302886912,54.71722705477735,46.70231697587644,2.9952837168581325,18.14824000236768,-11.043207985127415,7.2853413,12.13824
248559588606602112,55.614314071796436,47.888615536448626,1.689208503718859,11.303310111644716,-9.261155460151926,10.042662,13.76572
248713756452068992,56.49225850656149,48.780785633187975,18.97739592495871,-49.70888218023931,-15.674488041103627,9.593104,12.928649
249270010556825088,52.78843067886333,48.56220293162292,1.829766353837248,3.130890533158103,-10.951389075036868,5.0816526,11.815721
249304301575288320,53.32354526604422,48.95403572766279,1.6508450789922915,6.161396834324287,-8.626546882567887,6.016777,12.459074
249578973322624384,56.519429266628926,49.78811600769786,3.4993110809618413,13.248544353024329,-10.65572806747892,6.12182,12.812969
250039973638319232,57.563209747543155,48.849116231186095,5.99238182585022,11.38770418070192,-98.10670649871909,12.363748,10.355225
250091311381505536,59.028288318924325,49.03439231405838,3.6225354995923977,0.3569662141043932,12.166805705949898,7.190024,13.313215
250455799486068736,58.27713526878802,50.43925732218087,5.477826231036052,8.829546984208436,-19.046703820538617,6.4639874,11.562807
251002703442914304,61.33770239409475,52.262887170315025,6.1239690714202535,32.67117740310937,-41.56457764262035,21.347784,13.166605
252108949578766080,60.4799736842123,53.604926544093146,3.582742721426912,54.33310568472514,-16.917697601437027,21.892225,13.565241
252301913863971328,67.61001775292377,42.799481308692684,3.926077902902455,-16.173744618238466,-11.485092176533179,5.72841,14.874195
252865482297545472,69.89862872093093,44.44337487420286,3.600845465835406,13.787372030139357,-6.872371560509391,11.279311,13.608413
253511647237259776,68.57352384043811,44.90924695959533,2.412535905490107,9.704875024335163,14.116446603348052,9.549588,12.5979805
254160810072408192,70.57976065833513,47.0266144219772,1.7254729349961484,4.529809591463456,-11.074523061796448,6.399026,13.245595
254286326198605056,69.3519967515541,46.78590817606097,2.829255538831114,1.6585540990404144,-12.461348925583264,6.7434196,10.986163
254474956864828032,72.18235237387944,45.42435220196906,2.6138426977595857,11.064420614659133,9.042813903059216,6.3817644,12.103759
254794777306872704,72.43913993341191,46.64319612092512,4.40873511574304,14.439702390043067,-25.78420432015209,7.9056177,10.823169
255346221049290112,75.20480540253128,48.076864987111904,2.195580990326524,17.714276386585098,-26.73618730415989,14.636712,13.20441
255488401645328384,76.5408147733334,48.93747831002842,3.213079567795422,12.262016484971646,-27.752429608097763,5.403465,9.970759
255572514283942912,76.47442818423143,49.47966995722644,2.773577243369344,-0.721288619586304,-17.537183519523893,7.173813,13.993222
256115432509530624,73.05570840765103,49.25480895330261,2.9801628421830455,9.958213247947253,-18.731364546634694,5.3958597,13.528072
256311489178740864,75.66960058145219,49.484397737960634,2.032024255489151,2.078321290371756,-18.779790666875776,10.992709,13.9334
260666723454871808,72.7712824362953,51.60624047961531,2.1700401585962403,3.28034130655099,-17.047111101100437,6.9517984,13.243174
263871696769203712,83.84524135696412,53.26717516780108,6.537306661489613,11.78814467379689,-37.58365873736825,10.036317,13.748128
264347819662361984,87.62361030877324,54.2696318849383,2.4739458695390324,11.204636960608822,-17.229712430745195,5.054705,11.79097
264826755759032960,85.22222682478414,54.51537372553444,1.8007989595378784,-0.33403003220577354,-13.848779945867335,5.745523,12.107583
265929638938896256,77.61050030533164,52.6497677855068,2.082185917309176,-2.4585312794654133,-18.129852887041487,12.195354,12.257997
267483970422704128,79.26098927647045,55.099848701372814,1.570530909519516,6.552420289031568,-7.967582225614547,6.384711,14.595756
269028200143640192,88.4200272766471,58.126686069714246,1.9143282533499937,16.785911872352063,-17.821365104029255,5.3302402,13.6286545
269484153871262976,83.14999905768582,57.6546072542731,2.4497392273032395,12.090745778875531,-5.526359938443032,8.608443,14.263215
270859608561120768,66.75418168809946,50.394780914813396,3.42851747175299,21.742122271993903,-8.06513161698659,8.1288,14.805467
271644728585919488,62.83464733357726,50.896265850340534,5.039813040298541,41.83122725729398,-41.11948462435707,5.7567,13.65367
271751965330930944,63.09176933051606,51.672944792245325,2.216103982116842,10.587220200128245,0.2712733010179973,11.21981,14.290538
271844324305185536,64.21321245045023,51.972394640662046,2.286236302102404,6.551322191810586,-14.442817498173055,6.0644445,13.77649
272819969073590912,68.6052032645826,52.45964506628427,1.7380389536115224,4.1542717274882275,-13.172978207359257,5.556168,9.753413
273128893182286592,72.09687413874234,53.67280240433765,1.0324437087860154,2.5580563560344602,-10.608828116759216,5.864503,13.804063
273572481699267328,74.26391392628261,55.507185078608295,4.405356802687798,2.378796541325489,-48.83045658955372,6.238367,12.861222
276528037680310528,64.51937067136146,55.484480059750965,1.8675565972703185,7.161759399979225,-13.61348016458533,7.183718,14.096235
279827087957414016,79.06807067361581,56.432141419443816,4.94501991009836,-3.0646361685634504,-20.42275112402949,13.442926,14.174878
280685119343394176,74.89784766143639,57.33853448622092,5.7609942464532065,19.975602432240755,-31.536221973313268,13.394221,13.7426405
280742603185583360,74.7916811065138,57.66857137539596,3.5871781508193297,10.18776188320255,-35.02667339915527,12.255779,13.357675
282092700382886272,86.86960773475222,59.63317500578987,7.483138637534105,10.861020404774244,-59.74658796211408,12.17257,8.79473
282823497660263296,84.20271889624652,60.42248744792437,2.6491444629377368,-13.741701322521848,-7.925415639035439,9.506607,11.068855
283771242324236032,74.97361913462674,58.05023003704172,3.1584966141863724,-9.00455662910618,-13.456323154570711,7.5946274,12.3269415
283924795994656384,76.13957306149818,58.860318811632816,4.975924732281551,-2.7885119409189008,-23.31338516740593,19.149591,10.078455
284067801224798080,74.2772455491262,58.96098390737093,4.647412342430715,-11.282401241779283,-77.69573937231021,7.339911,10.626858
284154039872548352,75.09643021143974,59.092221176808245,4.943795573068457,-4.704515803904345,-24.5837189572037,13.308817,12.873201
284292857510848384,77.51895790852062,59.12536407398223,3.650499412796953,-5.532006655708354,-17.79707761433773,21.399927,14.421654
284941844249570944,72.54428498762523,59.57095250718623,1.2528366425384199,7.895906015509908,-8.96700012063274,5.957687,14.323682
285348727975547264,74.37045936121564,61.00140741162493,1.387852811335874,4.9925025056910926,-9.80073389317353,7.383842,14.508168
287417119802317184,80.75885733057123,63.22938134163884,4.82909152869479,-26.74068917109395,-101.227359610808,6.7057624,13.070055
287711788917857664,86.86153677276828,64.06403053439892,4.617074186095806,17.348715227215585,-41.022363828303924,8.533721,13.742307
333213561507548160,33.582654492925386,41.20073752321496,3.603809539000928,-12.766076707991674,-6.87752799793947,14.206385,12.351815
335189388199914368,39.50727208278402,40.25349759931053,2.43664832444581,28.154736432882352,-33.924956777198084,5.781421,13.966611
336594598420146816,43.08693270566104,42.57476216740082,2.4261303047682405,24.436194892702694,-15.82112888140324,11.891081,12.931398
337147446610878464,40.50514216203173,42.55046841065378,2.10910447032567,-9.832622014569008,2.0791997960003696,10.932605,13.632484
337320546676105984,42.05906533657448,42.89344891506764,1.7316379831335182,11.484755056236958,-11.174624887777803,7.3878765,12.03075
337434316065637504,42.70521410958538,43.51592158151808,4.376744887587277,-43.34297277715435,18.237021531953435,7.5645323,14.280405
338244376960518656,37.04284528947506,41.15449256784965,5.601125785471422,14.677857818074594,-32.70880988998403,6.121151,9.831822
338560177315779712,38.545183254095654,41.910851239459234,2.4069979415134535,5.041959656126584,-8.978272382735915,5.2175055,11.5564165
338866773559116416,37.74359842080644,42.84245754560794,2.054378066638399,3.075130404075458,-19.341316693185142,5.711355,13.58433
139286442244315776,48.15566755890677,37.219849276238094,3.3668203491324076,3.834479107889865,-13.331398995641024,5.999977,9.93871
139397291057494400,47.33430164638278,37.347217495232485,3.9770247617918852,5.963991532133855,-59.15437456493735,12.847823,11.0374975
141548519916845568,42.90840394679009,37.292971733181695,3.1477898146514875,29.4685365345835,-2.3386809067120238,7.542478,14.28709
142725611538705024,45.531801169573754,38.15995446071184,2.340919829244988,10.738529419471545,-13.256150033843259,5.102303,12.275786
143455622835499264,44.14505131733377,39.28612884986342,3.414379405238984,3.1980592573424595,-10.303575294802911,11.087856,12.314561
143707548437006720,45.722488270495745,39.83050829165141,19.209591128023373,-66.11301808261322,-55.098434410298054,12.422277,10.219008
205578682640789632,75.73409537038383,44.41794976236694,2.7125108751632525,9.562940096096382,-21.28527466295808,5.9421387,14.938033
206496809212071168,73.91747676701695,45.72633359150535,2.7463805597574695,10.71500529661171,-5.599803941554502,8.481872,12.699151
206542679462188928,73.706417973881,45.72223855422624,1.5206881198987732,1.6806472890607789,-10.951663597329091,7.100028,13.043424
206864144875600512,77.20483939720462,47.023859837133394,4.87744145385172,92.43909861363389,-80.00899563520123,5.5782475,10.594815
208219778289730304,83.7976718707145,46.07932776290792,1.9791424918709073,-2.761289253653057,-11.855165689124622,7.1596727,9.538058
208422569467047296,79.09013984967781,44.71404638680055,2.0727868482797485,10.405848714229085,8.5284792757592,5.181372,13.753402
208812518137284480,79.83275498142075,45.945888976994254,3.4659348108845847,-9.606602347286127,-44.148739959965994,7.600012,12.537887
209035959514944768,83.09106933884821,46.35984314782871,6.42320907950622,5.710691118303636,-38.02228266196997,27.61138,14.168417
209073579132706048,82.46469150508143,46.467442320326796,1.6302081958602583,8.38524217210082,-12.36797540501783,7.025152,12.281019
209444840401901440,84.49198245731874,45.53131893890975,1.4922766436824324,-2.346904584768564,-12.440018008678923,6.1741586,14.448317
209601722670787200,86.50250788034246,46.5217911633556,3.8653670510089198,5.1438949761750115,-21.288994535479794,10.747411,14.4238
210368979922344192,87.67710937297082,48.28234525007005,3.19545963559706,16.042473202612054,-26.41165156795157,5.2612705,14.38608
211865621410475392,80.29704028161908,46.58264617892088,9.221723438280508,19.126140398108937,-9.444525250199984,6.844682,14.70161
212157919704191744,80.21434121566693,47.51757157225575,4.052758431408121,-17.12266993653507,-10.063640420479405,5.5162487,10.160422
212315871420263680,81.01469619127786,47.30817931184998,4.720575101902312,9.524347146904013,12.007766279024555,6.9065533,10.54417
213104118179223936,77.64498764549816,47.82283554224563,5.395378446022085,-24.65855091592766,-7.008569084671089,5.1377597,13.5703535
214007293962883968,84.16647799659802,48.97852720163649,3.3524613427753036,19.926635766819356,-32.99502946246847,7.1579614,12.669662
214523106651054976,87.85272733427153,50.32279737697419,3.636470397067259,15.167886794960122,-24.73704490597408,5.9552226,9.967863
214762383574268544,89.57834982668861,51.82680989129982,1.59873797644987,8.05749391556299,-13.283910494556835,6.816587,13.239705
215127666249336960,83.72429414589134,50.413194599812776,6.408936258714932,5.578990023900442,-15.948815065937683,10.084799,9.707395
215987381260856832,86.69848093681665,52.91500145967475,7.920834253843596,12.973176933165357,-3.3894154899430555,37.334595,14.253818
216042940959399552,88.84891415182564,53.164245478098564,1.9578212394953751,1.2916620886982575,-10.466938107571405,6.1379366,12.257096
224752997198404224,56.37912844922489,40.08281287658535,4.118969764949741,23.756419264037696,-23.691561151396108,22.859015,12.794643
224973410621687424,55.1306597291314,39.96357590504444,2.599182210160801,24.931953297988393,-9.853354633830392,6.090965,12.24337
229206191090327296,64.71648655812096,42.65361546135405,1.931666029559476,-4.332180959815781,-20.455080011164277,5.13821,13.405483
230847040396096512,58.134996597807316,40.76581756834619,2.8422545908499153,-7.217910233641751,-15.881007985178147,12.766465,13.395396
232057568343673344,62.47033735858554,43.09635082109474,4.13481657712357,2.6642016400492112,-23.701732396009334,5.1187453,12.020685
232210984570940032,63.54034952136136,44.00071083244788,1.3807816640946424,8.690041377617531,6.587873808324727,5.460135,13.070204
233274693355119104,61.881990943271695,44.732259616425,2.588497795718704,12.70416146669184,-4.446172505151168,17.549242,13.846952
233918663569937152,62.99298136359498,46.237145298103705,1.5762331749307286,2.8468060876392256,-16.52515752335378,7.3364067,13.461711
235086207474823552,51.533167918191495,38.62841222988437,1.2404378227326924,23.30303808925946,-9.317833740985957,6.490083,13.670835
235791166226877440,49.49762570552256,39.451012517109085,6.363924047600195,29.15729037070873,-6.621897312403638,9.370211,14.469179
236754441493197184,52.79317514697997,40.150328674485046,2.699220031542929,0.836455455511258,-22.71496059937402,9.150391,11.157911
236889887584464000,53.53012640859736,40.75841365772897,8.689200483885013,-21.71360947276027,-1.6156624536150237,20.159327,10.672211
238228611710624256,53.37472260953075,42.85419853587042,7.475317727623846,-11.36975194525768,-29.605717941772184,14.309096,10.711505
238428241791920896,52.70626666092852,42.927972910028465,2.860217111773239,15.315354216154347,-15.980558573681883,6.6290746,11.641142
238693430246348032,47.91181414649203,38.85878660500115,1.840185559700837,-10.85758409770973,0.45888685994187123,6.4484773,12.622834
238902268737121664,48.138814666261354,39.89316391538823,3.8569176226404145,7.319829471177849,-27.876217187921817,11.500713,13.762875
239355989082657920,48.7397868804702,41.182050048523536,2.059310805236337,8.757953438970809,-37.68039692576056,7.9304194,13.688907
239840152156393984,46.073965479937634,40.63879857869139,13.921908244931787,-57.38944911135789,-45.1319900417804,18.378593,12.765079
241764022629880704,53.55811033708743,45.38338520167552,2.8631137101739665,9.40739386958878,11.046351067743638,9.36857,14.020351
241873595835721856,51.60456006611014,45.07593717190352,6.229923433060903,-42.85878624956139,-31.24630877350512,5.783765,13.325067
242222106663050240,50.522338710263796,44.66137007603311,13.656138095650117,80.5209671293705,-35.8984297654999,34.844048,9.27163
242996884402553728,50.13371271048562,46.542852878462135,4.333584883633579,21.504393694525472,-17.633954454521824,6.722314,10.53014
243085601246436736,51.120212053338996,47.128491639614765,3.3434129175128864,-1.7599140356351546,-17.172659529670728,7.20371,14.881201
243755066388893440,56.86947749725096,44.87169359880312,1.909985594699033,0.7448371677690919,-12.624911074148187,6.5919237,14.853311
244244280344851968,59.325065781655915,45.991520565431884,3.7253925934907364,22.33178877823088,-22.81924849729741,6.133128,9.752306
244663086896483584,54.9527911657312,45.13915119074451,2.0081470206496705,-1.680344812518137,-14.386683873959754,8.074887,12.600434
245305240346226944,56.79735069029187,47.31171018114083,14.532723326597681,56.31599164058564,-85.83377798459779,6.85538,14.1489315
245354134253924864,58.103859491022966,47.309026203015186,5.018129641108896,-6.72835025081962,-11.37495712468521,5.540622,11.477693
245540123518809984,59.525815903431905,45.804602388114446,6.2811819742367065,16.90782900552317,-17.263422063196327,7.3013277,9.264763
245990888925249280,61.135734212519466,47.865409541557554,2.737033575135491,10.981881258441494,-13.41845995414565,14.604817,14.637648
246129599188473216,62.62034495269288,47.76742701298054,3.3856493506875385,-6.7544188925062905,-24.270318923348647,5.383563,12.473415
246554796650733568,62.87851704835114,49.1688082701142,2.2345889647648076,-2.910358050437926,-12.093754641641137,7.2031956,9.91405
246644514228418176,58.74645223514281,47.129700970124986,2.614420810549562,67.45198049878118,-33.70011983760183,7.263399,13.116533
247801853293197824,53.81722391546712,46.06464072680469,1.7898821953617094,19.573689248533825,-4.495477064715899,5.783712,14.062502
248436786899849472,57.032405785284055,48.10814614896809,1.3499510123595255,6.583477130668295,-19.456307115765192,6.071571,12.203242
248569656009996672,55.41429416104568,47.855906638989524,2.9641113910354226,12.696575293000711,-6.761118820023391,10.91997,14.549101
248940019627633280,53.185316080992,47.692982608987954,6.086983252368382,21.847532503610214,-25.10113086013207,6.6365676,11.751288
249086976228609152,54.079242086030085,48.63403991337192,3.6131159743638954,10.45237565029598,-32.00600489645459,5.96259,13.108777
249839798096621696,55.25907276282588,50.36554178018252,17.187577947738987,48.688996252686664,-73.2977138645451,11.146636,13.3224125
250534174049079296,60.03506073425986,50.106818783018376,7.969465920138043,34.63167068716005,-44.29348002022816,6.7336893,9.63183
250721881300725120,62.00693023570913,51.50407299702088,3.1871795857056675,30.614414754463958,-8.74555755585354,16.00902,14.663148
250811766375543808,59.8551774797713,51.052786075354994,2.0019953487110036,14.360868898697053,-3.3172114911605073,6.5263133,13.138715
250930032594320384,60.05664800958093,51.85538134098232,5.010018146629803,10.906705503808922,-12.870650342002762,7.150821,13.735301
250947590422304768,61.072487132914276,51.657092535693984,7.744042500550042,-31.425424434203904,4.160502445518246,6.239538,10.235664
